kode,perusahaan,dokumen,tanggal_pertama,tanggal_terakhir,kelas_agen,nilai_agen,nilai_akhir,kelompok_akhir,ringkasan,sumber_pertama
11NB,SRILANKAN AIRLINES LIMITED,4,2026-09-07,2026-09-16,tidak_ada_petunjuk,0,0,tidak_ada_petunjuk,"Empat dokumen yang diperiksa hanya mengenai akhir masa penahanan dan penyelesaian distribusi. Tidak ditemukan perubahan pengendali, transaksi saham atau perubahan bisnis penerbit dalam bahan yang diperiksa.",
16NB,FALCON ENERGY GROUP LIMITED,4,2026-07-21,2026-07-21,tidak_ada_petunjuk,0,0,tidak_ada_petunjuk,Pemberitahuan dan lampiran delisting telah diperiksa. Obligasi Falcon Energy akan dihapus dari SGX pada 4 Agustus 2026 setelah perseroan telah berada dalam likuidasi wajib sejak perintah pengadilan 5 April 2024; tidak ada transaksi pengambilalihan atau perubahan kendali yang diungkap pada bahan ini.,
1A0,KATRINA GROUP LTD.,7,2026-04-12,2026-04-28,tidak_ada_petunjuk,0,0,tidak_ada_petunjuk,"Laporan tahunan menunjukkan bisnis makanan dan minuman serta perhotelan yang berjalan; penyebutan Indonesia adalah kegiatan restoran, bukan perubahan pengendali. Tidak ditemukan dalam bahan yang diperiksa transaksi saham, pendanaan, atau bisnis yang mengalihkan kendali penerbit.",https://links.sgx.com/1.0.0/corporate-announcements/AC61CHI7YI60CQV4/883275_KGL%20-%20Annual%20Report%20FY2025.pdf
1A1,WONG FONG INDUSTRIES LTD,28,2026-02-27,2026-09-15,tidak_ada_petunjuk,1,1,tidak_ada_petunjuk,"Pelepasan properti operasional telah selesai; laporan tahunan menunjukkan kegiatan engineering, training, dan technology yang tetap berjalan. Circular terpicu hanya meminta pembaruan mandat buyback hingga 10%, bukan transaksi pengendalian; tidak ditemukan pendanaan perantara, pembeli saham pengendali, atau perubahan arah usaha penerbit pada arsip ini.",https://links.sgx.com/1.0.0/corporate-announcements/Z26LU4OTB27ADRA2/880570_Wong%20Fong%20-%20Disposal%20of%20Property%2016%20Tuas%20Avenue%206_Completion.pdf
1AZ,AUDIENCE ANALYTICS LIMITED,55,2026-01-02,2026-08-12,transaksi_selesai,2,2,transaksi_selesai,"Perusahaan menyelesaikan dua investasi minoritas 30% pada VeecoTech dan Snowball JSC. Bukti yang dibuka menunjukkan penerbit membeli bisnis/asosiasi, bukan bahwa kendali atas penerbit berpindah.",https://links.sgx.com/1.0.0/corporate-announcements/GEAVSPD9OHBVHF4H/871110_20260102%20-%20AAL_Completion%20of%20Acquisition%20of%20VeecoTech.pdf
1B0,MM2 ASIA LTD.,32,2026-01-07,2026-09-18,prioritas,4,5,rencana_kendali_71_persen_bersyarat,"mm2 Asia yang tersuspensi merencanakan penerbitan 16.339.110.825 saham baru pada S$0,000918 kepada MMRA Pte. Ltd. senilai S$15 juta. Jika terlaksana, MMRA, milik penuh dana Hildrics Asia Growth Fund, memegang sekitar 71,4%. Hildrics sudah menjadi kreditur mm2 dan pengendali Vividthree dengan sekitar 29%. Dokumen mm2 meminta keputusan regulator agar transaksi tidak memicu penawaran berantai atas Vividthree dan UnUsUaL. Pada 3 Agustus dana Hildrics membeli 18.162.261 saham UnUsUaL dan menaikkan saham langsungnya menjadi 8,09%. mm2 memiliki 51% UnUsUaL Management, yang masih tercatat memegang 61,07% UnUsUaL walau blok itu berada di bawah penerima jaminan bank. Ini mengarah pada konsolidasi kelompok media, tetapi belum membuktikan Hildrics mengendalikan mm2 atau UnUsUaL.",https://links.sgx.com/1.0.0/corporate-announcements/GH25Y5UU5O8L2Y3M/877767_mm2%20-%20Entry%20into%20Investment%20Term%20Sheet%20with%20MMRA.pdf
1B1,HC SURGICAL SPECIALISTS LIMITED,35,2026-01-07,2026-09-13,transaksi_selesai,2,2,transaksi_selesai,"Penerbit membeli praktik medis/anak usaha, termasuk 51% NYK Endoscopy. Ini akuisisi bisnis oleh penerbit, bukan bukti penerbit diambil alih.",https://links.sgx.com/1.0.0/corporate-announcements/6QLU7UE1WX6F4FYD/891718_HCSS%20Announcement%20on%20Acquisition%20of%20NYKPL.pdf
1B6,OCEAN SKY INTERNATIONAL LIMITED,40,2026-01-08,2026-08-26,tidak_ada_petunjuk,0,0,tidak_ada_petunjuk,"Dalam bahan yang diperiksa, transaksi yang terpicu hanya pembelian dan penjualan portofolio efek tercatat. Tidak ada bukti perubahan pengendali atau pengalihan bisnis utama Ocean Sky.",https://links.sgx.com/1.0.0/corporate-announcements/HOK9J943ADMMVPQ8/898447_OSIL_Annoucement_Investments%20in%20Quoted%20Securities.pdf
1C0,1C0 · EMERGING TOWNS & CITIES SINGAPORE LTD.,68,2026-01-28,2026-08-14,prioritas,4,4,perubahan_pengendali_dan_pergantian_usaha_sudah_selesai,"Emerging Towns & Cities membentuk Hainan Jiupeng Chuhe pada Maret 2024 untuk bisnis perdagangan siaran langsung, menjual seluruh bisnis properti Myanmar lama pada Desember 2024, lalu memakai obligasi konversi S$4,5 juta dan opsi manajemen untuk mendanai usaha baru serta melanjutkan perdagangan. Setelah perdagangan dibuka kembali 17 April 2026, 968,27 juta saham konversi diterbitkan 24 April; Cao Yongyan menerima 435,72 juta saham dan dinyatakan menjadi pemegang pengendali. Ini transformasi yang sudah terjadi, tanpa hubungan Indonesia yang ditemukan.",https://links.sgx.com/1.0.0/corporate-announcements/ZZR9T8GVFY4PHQZR/885753_ETC%20Annct%20-%20CB%20and%20MO.pdf
1D0,KIMLY LIMITED,45,2026-01-04,2026-08-31,transaksi_selesai,1,1,transaksi_selesai,"Kimly menyelesaikan pembelian seluruh saham GSPL Pte. Ltd., pemilik kedai kopi, pada 9 Januari 2026. Ini pembelian aset/usaha oleh penerbit, bukan bukti perpindahan pengendali Kimly; transfer ke Mainboard masih bersyarat.",https://links.sgx.com/1.0.0/corporate-announcements/V76RH36DNINC3UI2/871745_Kimly%20-%20Completion%20of%20Share%20Purchase%20Agreement%20for%20Acquisition%20of%20Coffee%20Shop%20Property%20at%2012%20Haig%20Road.pdf
1D1,UNUSUAL LIMITED,141,2026-01-05,2026-09-18,belum_cukup,3,4,blok_61_persen_dijaminkan_dan_hildrics_masuk_lintas_perusahaan,"Pada 9 Maret UOB mengeksekusi jaminan dan menunjuk penerima atas 623.040.780 saham UnUsUaL milik UnUsUaL Management. Formulir 3 Agustus menunjukkan UnUsUaL Management menjual 18.162.261 saham kepada Hildrics Asia Growth Fund tetapi masih memegang 623.040.780 saham atau 61,07%. Hildrics naik dari 6,31% menjadi 8,09%. Hubungannya penting: mm2 memiliki 51% UnUsUaL Management, sedangkan Hildrics secara terpisah merencanakan kepemilikan 71,4% mm2. Pada 3 Agustus UnUsUaL juga mengangkat Chuang Say Piau sebagai direktur independen; ia saat ini memimpin PT Greenwillow Ventures Indonesia dan sebelumnya menjadi kepala Indonesia pada Hongkong Land serta Ascendas Land.",https://links.sgx.com/1.0.0/corporate-announcements/JDDBLVCTDKH0H6C2/877995_UUU%20-%20Appointment%20of%20Receivers.pdf
1D3,AUTAGCO LTD.,68,2026-01-08,2026-04-28,transaksi_selesai,5,5,pengendali_baru_dan_pivot_usaha_selesai_lihat_WNH,"Autagco menerbitkan saham kepada Soh Yeow Hwa, Kan Li Ling, dan Ng Cheng-Yi Kenneth dalam dua tahap yang selesai pada 18 Mei dan 13 Agustus 2026. Soh dan Kan masing-masing menjadi pemegang 20,33%, Ng 12,84%; dokumen pemegang saham menyebut pengalihan kepentingan pengendali kepada Soh dan Kan. Kode 1D3 kemudian diteruskan sebagai WNH. Pada kode penerus, pengurus lama keluar, anak usaha lama dilikuidasi, perusahaan mengajukan pembelian Edge Green Energy dan memperoleh persetujuan untuk memperluas usaha ke perawatan, pekerjaan mekanikal-elektrikal, serta properti.",https://links.sgx.com/1.0.0/corporate-announcements/TFEAACNTGE1C87Y1/878597_Autagco%20-%20Subscription%20Announcement.pdf
1D4,Aoxin Q & M Dental Group Limited,284,2026-02-20,2026-09-17,pantau,2,3,platform_akuisisi_pengendali_lama_tahap_nota,"Aoxin, yang tetap dikendalikan kelompok Q & M, mengumpulkan sekitar S$20,98 juta dan menandatangani dua nota tidak mengikat untuk membeli dua kelompok klinik Tiongkok senilai RMB150 juta dan RMB376 juta, sebagian dengan saham. Q & M menyatakan Aoxin akan menjadi platform khusus Tiongkok. Sampai 19 September belum ada perjanjian final.",https://links.sgx.com/1.0.0/corporate-announcements/CK23SOAHSDN70UYW/877159_AoxinQM%20-%20Proposed%20Placements.pdf
1D5,CAPITAL WORLD LIMITED,56,2026-01-21,2026-08-28,pantau,2,2,pantau,"Arsip mencatat perjanjian jual-beli antara CCPSB dan MK Mustafa atas ruang mal, tetapi pembaruan terakhir yang diperiksa masih menyebut penyelesaian menunggu persetujuan. Ini adalah transaksi aset/bisnis, bukan bukti perubahan pengendali Capital World.",https://links.sgx.com/1.0.0/corporate-announcements/XOK3TQWPXL48BLH3/872663_CWL_Clarification%20of%20Media%20Article.pdf
1E3,1E3 · SANLI ENVIRONMENTAL LIMITED,51,2026-01-02,2026-08-31,pantau,1,1,pantau,Pendanaan surat utang dan usaha patungan telah diumumkan; perubahan pengurus yang dicatat tidak membuktikan perubahan pengendali penerbit.,
1F0,SHOPPER360 LIMITED,19,2026-01-02,2026-09-07,tidak_ada_petunjuk,0,0,tidak_ada_petunjuk,"Pada bahan yang diperiksa, perubahan komite dewan dan likuidasi anak usaha tidak disertai penjualan saham penerbit, pendanaan oleh perantara, atau perubahan pengendali.",https://links.sgx.com/1.0.0/corporate-announcements/3G7Z5HJGE33QAVQ3/901221_20260814%20-%20S360_Completion%20of%20Liquidation%20of%20Subsidiary.pdf
1F1,Y VENTURES GROUP LTD.,30,2026-01-30,2026-08-11,tidak_ada_petunjuk,1,1,tidak_ada_petunjuk,Pengumuman yang ditinjau mencakup klarifikasi transaksi bisnis dan perjanjian pinjaman dengan pihak berkepentingan. Tidak ditemukan pengumuman perubahan pengendali atau transaksi yang menjadikan penerbit sebagai wadah bisnis lain dalam bahan yang diperiksa.,
1F2,UNION GAS HOLDINGS LIMITED,58,2026-01-26,2026-08-18,transaksi_selesai,2,2,transaksi_selesai,"Union Gas menyelesaikan pembelian seluruh saham dua perusahaan gas pada 31 Juli 2026. Ini akuisisi bisnis LPG oleh penerbit, bukan bukti pembelian atau perubahan pengendali Union Gas.",https://links.sgx.com/1.0.0/corporate-announcements/EBS75WSGUJE9STE0/898319_UGH%20-%20Annoucement%20for%20Proposed%20Acquisition.pdf
1F3,ASPEN (GROUP) HOLDINGS LIMITED,60,2026-01-23,2026-09-03,pantau,2,2,pantau,Aspen menyelesaikan penerbitan dan dilusi pada anak usaha AVL serta transaksi usaha patungan. Perpanjangan heads of agreement dan pelepasan kepentingan usaha patungan telah dibuka; bahan tidak menunjukkan perubahan pengendali Aspen sebagai penerbit.,
1H2,OLIVE TREE ESTATES LIMITED,53,2026-01-31,2026-09-17,pantau,3,2,diversifikasi_tanpa_target_atau_pengendali_baru,Olive Tree Estates mengusulkan perluasan usaha ke perdagangan komoditas dan investasi aset. Belum ada target transaksi atau pengendali baru dalam arsip.,https://links.sgx.com/1.0.0/corporate-announcements/Y5JT9PHA9SK54IDD/c34ffe9fc46ceddaf7ad0461d42bf66e29cb92e75e4ea801b70376bd4d28dd12
1H3,CLEARBRIDGE HEALTH LIMITED,82,2026-01-23,2026-08-14,prioritas,4,4,penempatan_tiga_investor_dan_penggantian_pengurus_setelah_bisnis_lama_keluar,"Clearbridge menjual kelompok klinik gigi pada Mei, lalu tiga investor baru membeli 2.147.910.412 saham seharga S$3,87 juta dan memegang tepat 33,33% secara gabungan. Setelah penempatan selesai, Ong Choon Yi menjadi direktur eksekutif dan pimpinan utama, Vitters Sim masuk dewan, Xu Tianwei menjadi kepala operasi, dan Wu Yu Liang menjadi ketua independen. Klinik Hong Kong kemudian dijual pada Agustus.",https://links.sgx.com/1.0.0/corporate-announcements/W2AJXENQMIGJOQWF/872996_Announcement%20-%20Elpis%20Lapse.pdf
1H8,LY CORPORATION LIMITED,33,2026-01-14,2026-09-15,pantau,1,1,pantau,"Dokumen bertanda yang dibuka mengenai laporan, perkara anak usaha, dan perubahan pengurus. Tidak ada bukti perubahan kendali penerbit dalam bahan yang diperiksa; perubahan pengurus menjadi alasan pemantauan terbatas.",
1J4,JEP HOLDINGS LTD.,59,2026-01-14,2026-09-14,tidak_ada_petunjuk,0,0,tidak_ada_petunjuk,"Formulir pengurus, laporan tahunan, mandat beli kembali saham, dan transaksi pihak berkepentingan telah diuji. Tidak ditemukan pada bahan yang diperiksa bukti pengambilalihan, perpindahan pengendali, atau masuknya bisnis baru sebagai pengganti usaha utama.",
1J5,HYPHENS PHARMA INTERNATIONAL LIMITED,61,2026-01-01,2026-08-28,transaksi_selesai,1,1,transaksi_selesai,"Hyphens menyelesaikan pembelian saham tahap ketiga Ardence Pharma; ini pembelian kepentingan bisnis oleh penerbit, bukan bukti perubahan pengendali Hyphens. Tidak ditemukan pengumuman lanjutan yang menyatakan pengendali penerbit berpindah dalam bahan diperiksa.",https://links.sgx.com/1.0.0/corporate-announcements/5MFWIS9ZZQ4B6MSN/886767_HPIL%20-%20Completion%20of%20Ardence%20Pharma%20Acquisition%20MR.pdf
1J7,JAWALA INC.,7,2026-03-02,2026-09-15,tidak_ada_petunjuk,0,0,tidak_ada_petunjuk,"Dalam bahan yang diperiksa, tidak ditemukan perubahan pengendali atau pengalihan usaha penerbit. Laporan semester menyebut Jawala Corporation Sdn. Bhd. tetap sebagai induk langsung dan terakhir; pengunduran diri Chief Operations Officer dinyatakan untuk alasan pribadi.",https://links.sgx.com/1.0.0/corporate-announcements/97C122TR3KCUTHI2/878427_Jawala%20-%20Results%20Announcement%20HY2026.pdf
1L2,HIAP SENG INDUSTRIES LIMITED,37,2026-01-02,2026-09-15,pantau,2,2,pantau,Hiap Seng membentuk anak usaha konstruksi yang dimiliki penuh dan Tian Yuan menjadi pemegang substansial melalui akuisisi saham. Perubahan itu belum membuktikan Tian Yuan mengendalikan penerbit atau adanya bisnis pihak luar yang masuk.,https://links.sgx.com/1.0.0/corporate-announcements/JEHQOZK8GFO3WX09/875183__eFORM3V2%20-%20Tian%20Yuan_Option_Final.pdf
1MZ,NAM CHEONG LIMITED,181,2026-01-26,2026-08-13,pantau,1,1,pantau,"Lampiran perubahan pemegang saham substansial yang terpicu sudah dibuka, termasuk dua judul tanpa kode tentang Nam Cheong. Dokumen-dokumen ini mencatat perubahan kepemilikan dan pengurus bersama penjualan aset/anak usaha, tetapi tidak memberikan satu perjanjian atau rantai pihak penjual-pembeli yang membuktikan perubahan pengendali Nam Cheong.",
1N1B,UNITED OVERSEAS BANK LIMITED,2,2026-06-18,2026-06-18,tidak_ada_petunjuk,0,0,tidak_ada_petunjuk,"Dua dokumen hanya pemberitahuan pelunasan awal instrumen. Tidak ditemukan transaksi saham, bisnis, atau kendali penerbit pada bahan yang diperiksa.",
1N6B,SINGAPORE MEDICAL GROUP LIMITED,12,2026-06-30,2026-08-31,transaksi_selesai,1,1,transaksi_selesai,"Penerbit menyelesaikan penjualan tiga anak usaha radiologi pada 7 Agustus 2026. Ini pelepasan aset anak usaha, bukan bukti perubahan pengendalian Singapore Medical Group.",https://links.sgx.com/1.0.0/corporate-announcements/IOCLVJXU8R4DFXPO/894852_SMG%20-%20SPA%20Divestment%20Annoucement_Final.pdf
1N9B,1N9B · SCOTIABANK CHILE,1,2026-05-14,2026-05-14,tidak_ada_petunjuk,0,0,tidak_ada_petunjuk,Bahan yang diperiksa hanya memuat pencatatan surat utang Scotiabank Chile; tidak ditemukan transaksi pengendalian penerbit SGX.,
1O1B,WIWYNN CORPORATION,4,2026-03-10,2026-05-25,tidak_ada_petunjuk,0,0,tidak_ada_petunjuk,Dua pengumuman hanya menutup sementara konversi obligasi konversi karena rapat pemegang saham dan penutupan buku. Tidak ditemukan perubahan pengendali atau bisnis pada bahan yang diperiksa.,https://links.sgx.com/1.0.0/corporate-announcements/ONZ9X5YZT8XB5WT9/877887_Wiwynn%20ECB%20announcement%20for%202026%20Shareholders%20Meeting.pdf
1Q1B,P.T. INDOFOOD SUKSES MAKMUR TBK,1,2026-03-12,2026-03-12,tidak_ada_petunjuk,0,0,tidak_ada_petunjuk,Dokumen yang dibuka hanya konfirmasi pencatatan obligasi konversi tanpa kupon senilai JPY300 miliar. Tidak ditemukan perpindahan pengendalian atau perubahan bisnis penerbit dalam bahan yang diperiksa.,
1R2B,NTT FINANCE CORPORATION,2,2026-04-14,2026-07-15,tidak_ada_petunjuk,0,0,tidak_ada_petunjuk,"Dua judul adalah pembayaran kupon obligasi NTT Finance. Dokumen yang dibuka hanya mencatat bunga obligasi dan tidak memuat perpindahan saham, bisnis, atau kendali penerbit.",https://links.sgx.com/1.0.0/corporate-announcements/AEH2TRSP5E55PGOY/951c151b2794e4ae3b2c083d5958f72599f903f64af8545d89e1e3e579c1dada
1R4B,"THI CAPITAL CO., LTD.",1,2026-05-15,2026-05-15,tidak_ada_petunjuk,0,0,tidak_ada_petunjuk,"Satu dokumen yang diperiksa hanya mengonfirmasi pencatatan obligasi US$300 juta di pasar obligasi SGX. Tidak ditemukan transaksi saham, bisnis, atau pengendalian penerbit dalam bahan yang diperiksa.",
1R6,AVI-TECH HOLDINGS LIMITED,32,2026-01-23,2026-08-26,tidak_ada_petunjuk,1,1,tidak_ada_petunjuk,"Avi-Tech menandatangani langganan 30% Create Technologies dan opsi membeli sisa sahamnya, tetapi kemudian mengumumkan penghentian transaksi. Perubahan kepemilikan dan pengurus yang ditelaah tidak membuktikan pengalihan kendali Avi-Tech.",https://links.sgx.com/1.0.0/corporate-announcements/PUWYGEFXUCMRCBU9/874219_AVTH%20-%20Entry%20into%20Subscription%20Agreement%20Announcement%20.pdf
1T2W,MACQUARIE BANK LIMITED,1,2026-02-03,2026-02-03,tidak_ada_petunjuk,0,0,tidak_ada_petunjuk,"Satu pengumuman adalah pelaksanaan waran wajib. Tidak ditemukan transaksi saham, utang, bisnis, pendanaan, atau perubahan kendali penerbit dalam bahan yang diperiksa.",
1U8,RICH CAPITAL HOLDINGS LIMITED,40,2026-05-11,2026-08-18,pantau,2,2,penempatan_besar_tanpa_bukti_kelompok_pengendali,"Rich Capital menyelesaikan penempatan 18 juta saham, setara 32,90% setelah penerbitan. Dua penerima baru yang melewati 5% adalah Garlick Investment Holdings dengan 8,76% dan Zhang Zeyue dengan 9,19%. Formulir Bai Fengmei dan Lim Soon Fang mencatat penurunan persentase kepemilikan lama akibat dilusi, bukan penerimaan saham baru. Dokumen penempatan menyatakan para penerima tidak bertindak bersama dan penempatan tidak memindahkan kendali. Belum ada target bisnis yang diumumkan.",https://links.sgx.com/1.0.0/corporate-announcements/FWN1KYLRKUZBKJGU/897152_20260723_Completion%20of%20Proposed%20Placement.pdf
1V3,MOOREAST HOLDINGS LTD.,91,2026-01-20,2026-09-04,pantau,2,2,pantau,"Mooreast menyelesaikan pembelian dan penjualan properti, menerima penempatan, serta menovasi dan mengkapitalisasi sebagian pinjaman pemegang saham pengendali. Toe Teow Heng menjual 3 juta saham dan turun dari 5,47% menjadi 4,31%; rangkaian perubahan komposisi ini patut dipantau, tetapi tidak ada dokumen yang menyatakan pengendalian penerbit berpindah.",
1Y1,9R LIMITED,35,2026-02-12,2026-08-23,pantau,2,2,pantau,"Body Power menerima 6.344.100 saham earn-out dan kepemilikannya naik menjadi 11,16%, bukan tingkat pengendalian yang dibuktikan dalam arsip. Anak usaha 9R membentuk usaha patungan hiburan di Genting Highlands; ini ekspansi usaha biasa, bukan pengambilalihan 9R.",https://links.sgx.com/1.0.0/corporate-announcements/CN9YCS28APRYQBRY/877038_9R%20-%20Allotment%20of%20Earn-Out%20Shares.pdf
1Y4B,1Y4B · THE EXPORT-IMPORT BANK OF KOREA,1,2026-07-20,2026-07-20,tidak_ada_petunjuk,0,0,tidak_ada_petunjuk,"Satu dokumen adalah konfirmasi pencatatan obligasi US$1 miliar milik Export-Import Bank of Korea, bukan perubahan pemegang saham atau bisnis penerbit SGX.",
1ZLB,KOREA HOUSING FINANCE CORPORATION,2,2026-07-20,2026-07-20,tidak_ada_petunjuk,0,0,tidak_ada_petunjuk,"Seluruh bahan yang diperiksa hanya mencatat pelunasan obligasi tertutup EUR500 juta pada jatuh tempo. Tidak ditemukan transaksi saham, bisnis, atau perubahan kendali penerbit.",
1ZMB,BANK OF BARODA ACTING THROUGH ITS INTERNATIONAL FINANCIAL SERVICE CENTRE BANKING UNIT AT GIFT CITY,1,2026-08-20,2026-08-20,tidak_ada_petunjuk,0,0,tidak_ada_petunjuk,"Konfirmasi pencatatan US$400 juta senior notes, bukan transaksi saham atau kendali penerbit.",
1ZUB,HOUSING AND DEVELOPMENT BOARD,1,2026-05-26,2026-05-26,tidak_ada_petunjuk,0,0,tidak_ada_petunjuk,"Satu dokumen yang diperiksa hanya konfirmasi pencatatan surat utang S$1,1 miliar jatuh tempo 2036. Tidak ada pengumuman perubahan pemegang saham, pengendali, atau bisnis penerbit pada bahan yang diperiksa.",
21SB,HOUSING AND DEVELOPMENT BOARD,2,2026-05-12,2026-05-12,tidak_ada_petunjuk,0,0,tidak_ada_petunjuk,Arsip berisi pengumuman pembayaran kupon obligasi. Tidak ditemukan transaksi pengendalian atau perubahan bisnis penerbit pada bahan yang diperiksa.,
27WB,HKT CAPITAL NO.3 LIMITED,4,2026-04-23,2026-04-23,tidak_ada_petunjuk,0,0,tidak_ada_petunjuk,"Arsip berisi laporan kepada pemegang obligasi dan laporan keuangan penjamin, tanpa transaksi pengendalian penerbit.",
29EB,RELIANCE COMMUNICATIONS LIMITED,67,2026-02-24,2026-09-08,tidak_ada_petunjuk,0,0,tidak_ada_petunjuk,"Pengumuman 13 Februari 2026 telah diperiksa: Reliance Capital tidak lagi memegang saham Reliance Communications dan tidak lagi memiliki kendali atau pengaruh atasnya; usulan hanya reklasifikasi Reliance Capital dari kelompok promotor ke publik. Tidak ditemukan pembeli, pembiayaan pengambilalihan, atau perubahan kendali Reliance Communications pada bahan yang diperiksa.",https://links.sgx.com/1.0.0/corporate-announcements/5JGFMB74B2JXOOIU/875791_RCOMSELETTEROUTCOME-DEC2025.pdf
2CQB,PT PERTAMINA (PERSERO),11,2026-04-23,2026-07-24,tidak_ada_petunjuk,0,0,tidak_ada_petunjuk,"Bahan yang diperiksa hanya mencatat pelunasan sebagian surat utang Pertamina, bukan saham emiten atau perubahan pengendalian.",https://links.sgx.com/1.0.0/corporate-announcements/UHJC6TXJYDHYZN9E/2ce8eddc5654247865f777589a04e5833f5f4e1c9fae096122e84d622c67f425
2VLB,PT PERTAMINA (PERSERO),7,2026-04-16,2026-07-24,tidak_ada_petunjuk,0,0,tidak_ada_petunjuk,"Seluruh dokumen yang diperiksa adalah pelunasan sebagian instrumen utang dengan pengurangan nilai nominal. Tidak ditemukan perpindahan saham, kendali, atau perubahan bisnis penerbit pada bahan yang diperiksa.",
2W4B,HOUSING AND DEVELOPMENT BOARD,4,2026-01-08,2026-07-08,tidak_ada_petunjuk,0,0,tidak_ada_petunjuk,"Arsip hanya berisi dua pemberitahuan pembayaran kupon Notes Seri 057. Tidak ditemukan transaksi saham, bisnis, atau pengendalian dalam bahan yang diperiksa.",
2WGB,VEDANTA RESOURCES LIMITED,4,2026-07-09,2026-07-14,tidak_ada_petunjuk,0,0,tidak_ada_petunjuk,"Dua pengumuman hanya mengenai pelunasan lebih awal obligasi penerbit. Tidak ditemukan dalam bahan yang diperiksa perubahan pemegang saham, bisnis, atau pengendali.",
34PB,LAND TRANSPORT AUTHORITY,4,2026-02-03,2026-08-04,tidak_ada_petunjuk,0,0,tidak_ada_petunjuk,"Dua pengumuman adalah pembayaran kupon instrumen utang. Tidak ditemukan transaksi saham, bisnis, atau pengendalian penerbit pada bahan yang diperiksa.",
35HB,LAND TRANSPORT AUTHORITY,4,2026-02-23,2026-08-24,tidak_ada_petunjuk,0,0,tidak_ada_petunjuk,"Keempat dokumen adalah pembayaran kupon seri obligasi LTA S$650 juta 3,51% jatuh tempo 2030. Tidak ditemukan transaksi saham, usaha, atau pengendalian dalam bahan yang diperiksa.",https://links.sgx.com/1.0.0/corporate-announcements/5JX8R7P1SBO1HIM9/902048_lta%20s4.pdf
3AGB,Hutchison Whampoa Finance UK PLC,18,2026-01-21,2026-08-13,tidak_ada_petunjuk,0,0,tidak_ada_petunjuk,"Bahan yang diperiksa berisi pengumuman bisnis CKHH dan perubahan pengurus, bukan transaksi saham atau kendali atas penerbit 3AGB. Tidak ditemukan petunjuk perubahan pengendali dalam bahan yang diperiksa.",
3S0B,CMT MTN PTE. LTD.,2,2026-02-25,2026-02-25,tidak_ada_petunjuk,0,0,tidak_ada_petunjuk,Arsip hanya memuat pelunasan akhir surat utang. Tidak ditemukan transaksi pengendalian atau perubahan usaha penerbit pada bahan yang diperiksa.,
3X5B,CK HUTCHISON FINANCE (16) LIMITED,18,2026-01-21,2026-08-13,pantau,1,1,pantau,"Hasil CK Hutchison yang diterbitkan melalui instrumen utang ini menyebut transaksi grup, bukan perpindahan kendali atas penerbit 3X5B. Tidak ditemukan bukti perubahan pengendali penerbit dalam bahan yang diperiksa.",
3Z2B,FRASERS PROPERTY TREASURY PTE. LTD.,2,2026-04-21,2026-04-21,tidak_ada_petunjuk,0,0,tidak_ada_petunjuk,Dokumen yang diperiksa adalah pelunasan dan pembatalan notes Frasers Property Treasury pada saat jatuh tempo. Tidak ditemukan transaksi pengendalian atau bisnis pada bahan yang diperiksa.,https://links.sgx.com/1.0.0/corporate-announcements/9U7O2JMG06B2KJ5P/de27f7f128edba04c5b502b4e1c99b52fdd96fd551c5786f26b8755e39e2a862
40B,HEALTHBANK HOLDINGS LIMITED,142,2026-01-16,2026-08-24,transaksi_selesai,5,3,pengendali_baru_mencari_bisnis,"Pu Guofei menyelesaikan pembelian 26,38% HealthBank pada Maret 2026. Sesudah itu emiten mengusulkan penjualan anak usaha properti lama dan perluasan ke perkebunan kelapa, pasokan medis, serta perlengkapan minyak dan gas. Pada Agustus emiten membuat nota kesepahaman tidak mengikat untuk kemungkinan membeli bisnis perancah dan asrama pekerja; bentuk pembayaran dapat mencakup saham, tetapi belum ada harga atau perjanjian final. Perpindahan saham lama selesai, rencana bisnis baru belum.",https://links.sgx.com/1.0.0/corporate-announcements/OSM4N0Z920819MRK/872860_Sale%20of%20Shares%20by%20Controlling%20Shareholder.pdf
40F,ALITA RESOURCES LIMITED,25,2026-01-16,2026-08-27,pantau,2,2,pantau,"Clearwater Recovery Partners menawarkan membeli hingga 15,24% saham Alita secara tidak diminta. Penawar menyatakan tidak berniat mencari kendali saat itu; tidak ada pemberitahuan hasil atau perubahan kendali berikutnya dalam arsip.",https://links.sgx.com/1.0.0/corporate-announcements/XV1U4DF9HYE7ER7H/892080_Alita%20SGX%20Announcement%20-%20Response%20to%20Unsolicited%20Off%20Market%20Offer.pdf
40N,VERSALINK HOLDINGS LIMITED,19,2026-04-29,2026-07-20,tidak_ada_petunjuk,0,0,tidak_ada_petunjuk,"Dalam bahan yang diperiksa, pengumuman terdiri dari hasil keuangan, rapat umum, dan laporan tahunan. Tidak ditemukan transaksi saham, utang, usaha, atau pengendalian penerbit.",
40T,40T · ISEC HEALTHCARE LTD.,27,2026-02-26,2026-08-28,pantau,1,1,pantau,ISEC mengumumkan usaha patungan untuk pusat oftalmologi dan pembaruan usaha; bahan yang diperiksa tidak membuktikan perubahan pengendali penerbit.,
40V,ALSET INTERNATIONAL LIMITED,30,2026-02-26,2026-08-12,pantau,1,1,pantau,"Dokumen yang diperiksa mencakup dua transaksi pihak berkepentingan, laporan Alset dan dokumen Winning Catering Group. Rangkaian itu menunjukkan investasi/operasi grup, tetapi tidak memberikan bukti perubahan pengendali penerbit Alset; klasifikasi pantau dipakai agar transaksi aset dan pihak berkepentingan tidak disalahartikan sebagai pengambilalihan.",
40W,ZICO HOLDINGS INC.,52,2026-01-05,2026-08-14,pantau,1,1,pantau,"ZICO melunasi seluruh pinjaman konversi pada Februari dan Mei 2026; dokumen menyatakan hak terkait dihapus dan tidak ada saham konversi diterbitkan. Perubahan kepemilikan substansial Agustus telah diperiksa, tetapi bahan arsip ini tidak membuktikan perubahan pengendalian penerbit.",https://links.sgx.com/1.0.0/corporate-announcements/9Q1IBBXOB48LE5CZ/874263_ZHI%20Announcement%20Repayment%20of%20Convertible%20Loan%205%20February%202026.pdf
41B,HUATIONG GLOBAL LIMITED,78,2026-01-25,2026-09-15,transaksi_selesai,1,1,transaksi_selesai,"Penempatan 11,8 juta saham selesai 3 Februari 2026; pengenceran menurunkan kepemilikan Dandelion dari 68,70% menjadi 64,41%, tetapi tidak memindahkan kendalinya. Pembelian tanah untuk usaha asrama juga selesai; ini akuisisi aset oleh anak usaha, bukan pengambilalihan penerbit.",https://links.sgx.com/1.0.0/corporate-announcements/K0S87R5SXDUY402V/873136_HGL%20-%2020260126%20Placement%20Agreement%20Ann.pdf
41F,GSS ENERGY LIMITED,22,2026-01-02,2026-08-14,tidak_ada_petunjuk,0,0,tidak_ada_petunjuk,"Bahan yang diperiksa memuat promosi COO, laporan keuangan, dan rapat pemegang saham; tidak ditemukan transaksi pengendalian, pendanaan pengambilalihan, atau pergantian usaha.",
41H,BLACKGOLD NATURAL RESOURCES LIMITED,22,2026-01-05,2026-08-31,prioritas,5,5,calon_pengendali_indonesia_85_persen_bersyarat,"BlackGold yang tersuspensi dan berada dalam pengelolaan yudisial menandatangani perjanjian 12 Juni 2026 dengan PT Rajawali Artha Global. Sponsor Indonesia itu akan menyediakan S$1,6 juta sebagai dana penyelesaian kreditur dan menerima saham baru hingga memegang 85%; pemegang lama tersisa 15%. Sesudah selesai, dewan akan diganti dan arah bisnis baru ditentukan RAG. Per 31 Agustus, dokumen skema masih disiapkan dan transaksi belum selesai.",https://links.sgx.com/1.0.0/corporate-announcements/EVYDDX8L451QBURD/893680_BlackGold_Entry%20into%20Investment%20Funding%20Agreement_2026.06.19.pdf
41O,LHN LIMITED,93,2026-01-07,2026-08-26,tidak_ada_petunjuk,1,1,tidak_ada_petunjuk,LHN menyelesaikan pelepasan anak usaha dan membeli/merencanakan penjualan aset properti dalam kegiatan bisnisnya. Bahan yang diperiksa tidak menunjukkan perubahan pengendali LHN atau pembelian saham LHN oleh perantara.,https://links.sgx.com/1.0.0/corporate-announcements/V74WZ4ARDX0U4AIG/871837_LHN%20-%20Completion%20of%20Disposal%20of%20CWPPPL.pdf
41T,41T · GCCP RESOURCES LIMITED,10,2026-02-27,2026-08-12,pantau,1,1,pantau,"Laporan keuangan GCCP memuat operasi terkait Indonesia, tetapi bahan 2026 yang diperiksa tidak menunjukkan transaksi saham, pembiayaan pengendalian, atau masuknya bisnis baru.",
42C,IX BIOPHARMA LTD.,85,2026-01-09,2026-09-10,pantau,2,2,pantau,"Penempatan Februari 2026 selesai dengan penerbitan 75.800.000 saham. Penempatan kecil kepada Anson Properties dan direktur tidak dinyatakan sebagai perpindahan kendali; restrukturisasi bisnis konsumen adalah reorganisasi internal, sedangkan usaha patungan Orion masih dalam perundingan.",https://links.sgx.com/1.0.0/corporate-announcements/XSNM67KFIHR43VBY/875727_Completion%20Announcement%20240226.pdf
42E,CHOO CHIANG HOLDINGS LTD.,57,2026-01-14,2026-08-13,tidak_ada_petunjuk,0,0,tidak_ada_petunjuk,Perpindahan pencatatan dari Catalist ke Mainboard telah dijalankan; dokumen tidak menunjukkan perubahan pengendali atau masuknya bisnis baru.,https://links.sgx.com/1.0.0/corporate-announcements/CPFIC05R9QBMK03F/878769_Choo%20Chiang%20-%20Proposed%20Transfer%20of%20Listing%20from%20Catalist%20to%20Mainboard.pdf
42F,TOTM TECHNOLOGIES LIMITED,76,2026-01-02,2026-09-14,pantau,2,3,diversifikasi_didanai_dengan_tim_dan_arah_indonesia_tanpa_perubahan_kendali,"TOTM mendapat persetujuan diversifikasi ke kecerdasan buatan, blockchain, dan teknologi baru pada Maret. Ketua eksekutif lama keluar pada April; Chan Wei Jie menjadi direktur eksekutif dan pimpinan utama pada 12 Mei. Penempatan 220,52 juta saham selesai 26 Mei dan menghimpun sekitar S$5,5 juta; 85% dana bersih direncanakan untuk usaha teknologi baru, termasuk pembelian usaha dan investasi. Pada 13 Agustus TOTM menandatangani surat minat tidak mengikat dengan KORIKA Indonesia dan mengangkat Gunawan Halim, yang pernah menangani pembelian Bank Jasa Jakarta, sebagai kepala produk TOTM Labs.",
42L,"TAKASHIMAYA COMPANY, LIMITED",10,2026-02-05,2026-08-28,tidak_ada_petunjuk,0,0,tidak_ada_petunjuk,"Seluruh judul membahas hasil keuangan, panduan laba, serta pergantian pengelola keuangan. Tidak ditemukan transaksi saham, utang, bisnis, atau pengendalian pada bahan yang diperiksa.",
42N,IPS SECUREX HOLDINGS LIMITED,19,2026-01-15,2026-08-24,tidak_ada_petunjuk,1,1,tidak_ada_petunjuk,"Goh Khoon Lim menjual 5.000.000 saham melalui pasar dan kepemilikannya turun dari 5,75% menjadi 4,72%. Perubahan kepentingan kepala eksekutif dan promosi Boey Teik Heng tidak disertai bukti perubahan pengendali.",https://links.sgx.com/1.0.0/corporate-announcements/J8O8X4NONR7E4FZ3/872145__Form%203%20-%20Thomas%20Goh%20-%20Final.pdf
42R,JUMBO GROUP LIMITED,62,2026-01-08,2026-09-04,tidak_ada_petunjuk,0,0,tidak_ada_petunjuk,"Usaha patungan dan partisipasi properti/restoran bukan perpindahan kendali Jumbo. Kuang Ming menambah 576.500 saham pada 25 Agustus 2026 menjadi 13,05%; dokumen tidak menunjukkan tawaran atau perubahan pengendali.",https://links.sgx.com/1.0.0/corporate-announcements/YE8EKP47GRC0OVO1/902640__eFORM3V2%20-%20Jumbo%20KM%20TKC%20PN%2025.08.26.pdf
42S,ASTAKA HOLDINGS LIMITED,59,2026-02-12,2026-09-07,pantau,2,4,bisnis_lama_keluar_dan_pivot_ke_pemasok_terkait,"Astaka menjual seluruh bisnis properti Astaka Padu kepada kendaraan yang 90% dimiliki pengendali lama Dato Malek, mengembalikan sekitar S$19,69 juta kepada pemegang saham, dan menjadikan pemasaran lampu sterilisasi sebagai usaha inti baru. Astaka membentuk SOL Tech; Lim Thow Loon, pemilik 50,54% Evergrown dan pimpinan pemasok EV Lighting, kemudian masuk dewan. Pelepasan selesai 3 September dan konsolidasi saham selesai 17 September 2026.",https://links.sgx.com/1.0.0/corporate-announcements/58SQGV1K35A72O7F/876312_26.02.2026%20Astaka-Announcement%20of%20Exclusive%20Agreement%20with%20Evergrown%20EV%20Lighting.pdf
42T,THE TRENDLINES GROUP LTD.,119,2026-01-02,2026-09-17,pantau,2,2,pantau,"Penempatan saham sampai 83.680.000 saham diumumkan dan kemudian dinyatakan selesai. Dokumen awal secara tegas menyatakan penempatan tidak menimbulkan perpindahan kepentingan pengendali; perubahan persentase pemegang saham besar yang terbaca konsisten dengan dilusi/pendanaan, bukan bukti kendali baru.",https://links.sgx.com/1.0.0/corporate-announcements/N0Z3VBLW8XNFUX2H/871438_Trendlines%20-%20Placement%20Announcement%20-final.pdf
42W,ZIXIN GROUP HOLDINGS LIMITED,52,2026-02-05,2026-08-28,pantau,2,2,pantau,Zixin mengumumkan usaha patungan distribusi produk pertanian; bahan yang diperiksa tidak menunjukkan pembelian atau penjualan kendali Zixin. Perubahan kepemilikan Khoo Thomas Clive adalah transaksi pasar dan bukan bukti pengendalian baru.,https://links.sgx.com/1.0.0/corporate-announcements/OAKOQKCS44GDLUA7/883339_Strategic%20Expansion%20into%20Fresh%20Agricultural%20Products%20Distribution%20Business%20in%20Overseas%20Markets%20through%20a%20Joint%20Venture.pdf
42Z,EINDEC CORPORATION LIMITED,24,2026-01-13,2026-08-13,tidak_ada_petunjuk,0,0,tidak_ada_petunjuk,Tidak ditemukan perubahan pengendali dalam bahan yang diperiksa. Penerbit membentuk dua anak usaha yang dimiliki 100% untuk pengembangan digital dan rekayasa; ini bukan perpindahan kendali penerbit.,https://links.sgx.com/1.0.0/corporate-announcements/CI49994XH1Q10C9W/872043_Eindec_Announcemt%20-INCORPORATION_OF_WHOLLY-OWNED_SUBSIDIARIES.pdf
43A,OCTOPUS (APAC) HOLDINGS LIMITED (sebelumnya GS HOLDINGS LIMITED),177,2026-01-19,2026-09-15,transaksi_selesai,3,2,perubahan_usaha_tanpa_kendali_vendor,"GS Holdings melepas usaha food court lama dan menyelesaikan pembelian Dyspatchr, lalu berganti nama menjadi Octopus. Saham imbalan Dyspatchr hanya sekitar 3,29% dari saham setelah penerbitan; vendor tidak terbukti mengendalikan penerbit.",https://links.sgx.com/1.0.0/corporate-announcements/HS1H7JA9G9FRW4B5/874140_PROPOSED%20DISPOSAL%20OF%20HAWKERWAY%20PTE.%20LTD..pdf
43B,SECURA GROUP LIMITED,32,2026-01-16,2026-08-13,tidak_ada_petunjuk,0,0,tidak_ada_petunjuk,"Bahan yang diperiksa memuat kontrak, laporan, dan mandat pembelian kembali saham. Tidak ditemukan bukti perubahan pengendali atau transaksi yang mengubah arah utama penerbit.",
43E,VCPLUS LIMITED,41,2026-02-28,2026-09-04,pantau,3,1,pemegang_baru_minoritas,"VCPlus menerbitkan 350 juta saham kepada Zhao YiQing. Zhao menjadi pemegang saham besar, tetapi tidak memperoleh kendali dan tidak ada bukti bisnisnya dimasukkan ke penerbit.",https://links.sgx.com/1.0.0/corporate-announcements/Q4C9CG3BF05YLSCJ/883962_VCPlus_Ltd%20-%20Subscription%20Agr%20Announcement_14%20April%202026_Final.pdf
43F,ACROMETA GROUP LIMITED,163,2026-01-06,2026-09-17,pantau,3,2,hubungan_bisnis_indonesia_tanpa_kendali,"AcroMeta memiliki rangkaian inisiatif bisnis baru, termasuk term sheet nikel Indonesia dengan PT Esa Jaya Labdagati dan rencana langganan saham oleh Elisabet, pemegang saham mayoritas mitra tersebut. Langganan itu tidak selesai; dokumen menyatakan tidak ada peralihan pengendalian AcroMeta. Hak memesan efek terlebih dahulu pada Juli selesai sebagai pendanaan umum, sedangkan investasi Macro pada September masih term sheet tidak mengikat.",https://links.sgx.com/1.0.0/corporate-announcements/FYVU6AVMG6YCH7C5/872795_AcroMeta%20Moves%20into%20Indonesian%20Nickel%20Trading%20Through%20Strategic%20Partnership_Final.pdf
43Q,ADVANCER GLOBAL LIMITED,32,2026-02-27,2026-08-06,transaksi_selesai,1,1,transaksi_selesai,"AGS menerima cicilan keempat dan terakhir S$500.000 dari AGSI menurut perjanjian penjualan saham dan penyelesaian pinjaman lama. Dokumen ini menunjukkan pelunasan transaksi aset anak usaha, bukan perubahan pengendali Advancer Global.",https://links.sgx.com/1.0.0/corporate-announcements/3WB3EKV1FLR7ZDCB/894898_AGL%20-%20Receipt%20of%20Payment%20from%20AGSI_Final.pdf
44DB,KOREA HOUSING FINANCE CORPORATION,2,2026-07-20,2026-07-20,tidak_ada_petunjuk,0,0,tidak_ada_petunjuk,Kedua dokumen adalah pelunasan pada jatuh tempo covered bonds EUR500 juta dan penghapusan pencatatan. Tidak ada transaksi pengendalian atau bisnis penerbit pada bahan yang diperiksa.,
45QB,NEW METRO GLOBAL LIMITED,6,2026-02-25,2026-03-10,transaksi_selesai,1,1,transaksi_selesai,"Rangkaian ini adalah penawaran tunai, hasil, dan penyelesaian pembelian kembali obligasi senior 4,5% yang jatuh tempo 2026. Dokumen menyebut pengelolaan liabilitas dan struktur utang, bukan perpindahan pengendalian penerbit.",https://links.sgx.com/1.0.0/corporate-announcements/GV0D1KGYBNXHS9DV/876188_Launch%20Announcement.pdf
47WB,NANYANG TECHNOLOGICAL UNIVERSITY,3,2026-07-08,2026-07-08,tidak_ada_petunjuk,0,0,tidak_ada_petunjuk,"Seluruh judul hanya berkaitan dengan pencatatan surat utang NTU senilai S$350 juta. Tidak ditemukan transaksi saham, bisnis, atau pengendalian penerbit dalam bahan yang diperiksa.",
48FB,OVERSEA-CHINESE BANKING CORPORATION LIMITED,1,2026-08-19,2026-08-19,tidak_ada_petunjuk,0,0,tidak_ada_petunjuk,Satu dokumen adalah konfirmasi pencatatan sekuritas modal perpetual OCBC senilai S$750 juta. Tidak ditemukan transaksi bisnis atau perubahan pengendali.,
49B,AMOS GROUP LIMITED,37,2026-01-08,2026-09-14,pantau,2,2,pantau,"Semua rangkaian transaksi aset/kepentingan anak usaha yang terpicu telah diperiksa. CR3 membeli 12%, lalu tambahan 11,3%, pada AMOS Supply dan AMOS Malaysia; pelepasan aset marine supplies kepada Seven Seas juga diumumkan. AMOS tetap memiliki 76,7% pada kedua anak usaha setelah transaksi Juli, sehingga tidak ada bukti perubahan pengendali AMOS Group.",
49FB,49FB · NTT FINANCE CORPORATION,1,2026-09-18,2026-09-18,tidak_ada_petunjuk,0,0,tidak_ada_petunjuk,"Hanya pembayaran kupon tercatat. Tidak ditemukan pengumuman transaksi saham, utang, bisnis, pendanaan, atau kendali pada bahan arsip yang diperiksa.",
49PB,"DBS BANK LTD., AUSTRALIA BRANCH",3,2026-01-27,2026-07-24,tidak_ada_petunjuk,0,0,tidak_ada_petunjuk,"Tiga pengumuman adalah pembayaran kupon obligasi DBS Bank cabang Australia. Tidak ditemukan transaksi saham, bisnis, pendanaan perusahaan, atau perubahan pengendali pada bahan yang diperiksa.",
49UB,49UB · ALLGREEN TREASURY PTE. LTD.,1,2026-06-09,2026-06-09,tidak_ada_petunjuk,0,0,tidak_ada_petunjuk,"Bahan yang diperiksa hanya memuat pembayaran kupon; tidak ditemukan transaksi saham, bisnis, atau pengendalian.",
4B1B,BOC AVIATION LIMITED,2,2026-04-27,2026-04-27,tidak_ada_petunjuk,0,0,tidak_ada_petunjuk,"Obligasi US$750 juta dilunasi penuh pada jatuh tempo dan dibatalkan. Tidak ditemukan transaksi saham, bisnis, atau pengendalian pada bahan yang diperiksa.",https://links.sgx.com/1.0.0/corporate-announcements/NSQE09Y85D45MM6S/885893_Redemption%20Announcement%20for%20Series%2015%20Bond.pdf
4B2B,BOC AVIATION LIMITED,2,2026-04-27,2026-04-27,tidak_ada_petunjuk,0,0,tidak_ada_petunjuk,"Notes US$750 juta ditebus penuh dan dibatalkan pada jatuh tempo 27 April 2026. Ini pelunasan utang, bukan transaksi pengendalian.",https://links.sgx.com/1.0.0/corporate-announcements/R21OIQ0UH7W88MLS/885894_Redemption%20Announcement%20for%20Series%2015%20Bond.pdf
4E4B,AURIZON NETWORK PTY LTD,2,2026-02-15,2026-02-15,tidak_ada_petunjuk,0,0,tidak_ada_petunjuk,Bahan hanya berisi hasil keuangan setengah tahunan. Tidak ditemukan dalam bahan yang diperiksa transaksi kendali atau perubahan arah usaha.,
4G0B,QBE INSURANCE GROUP LIMITED,2,2026-05-11,2026-05-11,tidak_ada_petunjuk,0,0,tidak_ada_petunjuk,Pengumuman yang tersedia adalah pelunasan lebih awal notes oleh penerbit. Tidak ditemukan petunjuk perubahan pengendalian atau arah usaha penerbit.,
4H6B,HOUSING AND DEVELOPMENT BOARD,2,2026-06-15,2026-06-15,tidak_ada_petunjuk,0,0,tidak_ada_petunjuk,"Dua dokumen yang diperiksa adalah pengumuman pembayaran kupon obligasi. Tidak ditemukan transaksi saham, utang korporasi, usaha, pendanaan, atau kendali penerbit dalam bahan yang diperiksa.",
4I0B,CMT MTN PTE. LTD.,2,2026-07-07,2026-07-07,tidak_ada_petunjuk,0,0,tidak_ada_petunjuk,Dua dokumen yang diperiksa hanya mencatat pelunasan akhir instrumen utang. Tidak ditemukan dalam bahan yang diperiksa perubahan pengendalian atau bisnis penerbit.,
4I8B,HKT CAPITAL NO. 4 LIMITED,6,2026-04-23,2026-07-15,tidak_ada_petunjuk,0,0,tidak_ada_petunjuk,"Enam dokumen yang diperiksa adalah laporan dan pelunasan obligasi HKT Capital No. 4. Tidak ditemukan pada bahan yang diperiksa transaksi atas saham penerbit, perubahan pengendalian, atau pembiayaan melalui perantara.",
4L1B,"THE DAI-ICHI LIFE INSURANCE COMPANY, LIMITED",3,2026-03-27,2026-05-29,tidak_ada_petunjuk,0,0,tidak_ada_petunjuk,Perubahan nama Daiichi Life efektif 1 April 2026 tanpa perubahan nama perdagangan efek; dokumen lain adalah pelunasan awal instrumen. Tidak ditemukan petunjuk perubahan pengendali penerbit.,https://links.sgx.com/1.0.0/corporate-announcements/19W1VKI1FK1H8Y9K/09932fc135ea174208ad0f6e83626f955dc0f994fcdb6b78bb7e6ac4a4c242c6
4L2B,"DAIICHI LIFE INSURANCE CO., LTD.",3,2026-03-27,2026-05-29,tidak_ada_petunjuk,0,0,tidak_ada_petunjuk,Arsip hanya memuat perubahan nama penerbit dan penebusan penuh surat utang subordinasi. Tidak ditemukan transaksi saham atau kendali penerbit pada bahan yang diperiksa.,
4Q4B,Penerbit tidak teridentifikasi lengkap dari satu pengumuman perubahan nama,1,2026-05-26,2026-05-26,belum_cukup,0,0,belum_cukup,"Arsip hanya memuat satu pengumuman perubahan nama. Tanpa rangkaian dokumen pendukung atau identitas penerbit yang cukup, tidak dapat dinilai apakah ada transaksi pengendalian.",
4T5B,HOUSING AND DEVELOPMENT BOARD,4,2026-02-23,2026-08-26,tidak_ada_petunjuk,0,0,tidak_ada_petunjuk,"Bahan yang diperiksa hanya memuat pembayaran kupon dan pelunasan akhir surat utang HDB Series 070, bukan perpindahan saham, bisnis, atau kendali penerbit.",https://links.sgx.com/1.0.0/corporate-announcements/UE31PPOBR5PAU4FP/875573_HDB%20Series%20070%20-%2016%20Mar%2026.pdf
4V0B,LMIRT MANAGEMENT LTD.,2,2026-03-24,2026-03-24,tidak_ada_petunjuk,0,0,tidak_ada_petunjuk,Dokumen hanya mencatat perubahan nama penerbit. Tidak ada bukti perubahan pemilik atau pengendali unit dana pada bahan yang diperiksa.,
4WIB,VEDANTA RESOURCES LIMITED,4,2026-07-09,2026-07-14,tidak_ada_petunjuk,0,0,tidak_ada_petunjuk,Dua pengumuman hanya mengenai pelunasan dipercepat obligasi Vedanta. Tidak ditemukan transaksi perubahan pengendali atau bisnis pada bahan yang diperiksa.,
500,TAI SIN ELECTRIC LIMITED,42,2026-01-23,2026-08-28,tidak_ada_petunjuk,1,1,tidak_ada_petunjuk,"Tai Sin menyelesaikan pembelian dua anak usaha BayWa r.e. Solar Systems pada November 2025, serta mencatat kerja sama kerangka pemegang saham melalui anak usaha dengan Elvo Energy dan PT Elmecon di Indonesia. Formulir pemegang saham besar Februari-Maret yang telah dibuka menunjukkan perubahan kepentingan Pang Yoke Chun akibat pembelian pasar oleh suaminya, Lim Boon Hock Bernard; tidak ada dokumen yang membuktikan penjualan saham atau pergantian pengendali Tai Sin pada bahan yang diperiksa.",https://links.sgx.com/1.0.0/corporate-announcements/02Y3COV66ZF1PJFE/874889_TSE-1HFY2026%20Results%20Announcement-2026%2002%2012.pdf
504,HS OPTIMUS HOLDINGS LIMITED,35,2026-01-29,2026-09-16,transaksi_selesai,1,1,transaksi_selesai,HS Optimus menyelesaikan pembelian 30% Medicorp dari Lee Rui Ren; Medicorp menjadi perusahaan asosiasi. Tidak ada bukti perubahan pengendalian HS Optimus.,https://links.sgx.com/1.0.0/corporate-announcements/T0YWPBXA7HAPZHNY/891353_HS%20Optimus%20-%20Entry%20into%20SPA%20Ann%20_03062026.pdf
505,ASIAMEDIC LIMITED,95,2026-03-01,2026-09-17,belum_cukup,1,1,belum_cukup,"Form perubahan kepentingan pemegang saham besar April dan Agustus serta lampiran laporan tahunan sudah dibuka. Sebagian salinan PDF utama hanya menampilkan pesan penampil PDF; tanpa pembacaan lengkap struktur kepemilikan sebelum dan sesudah seluruh rangkaian, tidak cukup bukti untuk hasil negatif atau perubahan pengendali.",https://links.sgx.com/1.0.0/corporate-announcements/TLC4NNHPDCGH0SPP/903593_New%20Placement%20Kenneth%20Sheah%20announcement%20-%2020260924_vF.pdf
508,FUJI OFFSET PLATES MANUFACTURING LTD,30,2026-02-10,2026-09-06,prioritas,5,5,pengambilalihan_balik_eksplisit_bersyarat,"Fuji Offset Plates menandatangani perjanjian untuk membeli seluruh dua usaha galangan Marco Polo Marine dengan nilai sampai S$139 juta, dibayar dengan saham Fuji. Jika selesai, Marco Polo Marine diperkirakan memegang sekitar 74,1% Fuji. Transaksi disebut pengambilalihan balik dan mencakup PT Marcopolo Shipyard di Indonesia. Per 19 September transaksi masih memerlukan persetujuan bursa dan pemegang saham.",https://links.sgx.com/1.0.0/corporate-announcements/C1NE9ZXL8FO5MI0E/888955_Project%20Faber-Joint%20Announcement-Proposed%20Reverse%20Takeover%20Transact.pdf
50ZB,SOFTBANK GROUP CORP.,1,2026-04-22,2026-04-22,tidak_ada_petunjuk,0,0,tidak_ada_petunjuk,Satu dokumen adalah konfirmasi pencatatan obligasi US$600 juta; tidak memuat perubahan pemegang saham atau pengendalian penerbit pada bahan yang diperiksa.,
51O,MSM INTERNATIONAL LIMITED,23,2026-01-06,2026-08-17,tidak_ada_petunjuk,1,1,tidak_ada_petunjuk,"MSM menyelesaikan pembelian 30% X Miles dan kemudian menjual seluruh saham Cosmos. Kedua transaksi adalah investasi/aset oleh MSM, bukan bukti perubahan pengendali MSM dalam bahan yang diperiksa.",https://links.sgx.com/1.0.0/corporate-announcements/VUPE1LU25HXQ5FS1/871385_MSM_%20Completion%20of%20Proposed%20Acquisition%20in%20X%20Miles.pdf
52LB,NEC CORPORATION,1,2026-09-01,2026-09-01,tidak_ada_petunjuk,0,0,tidak_ada_petunjuk,"Satu dokumen arsip hanya konfirmasi pencatatan obligasi US$500 juta. Tidak ditemukan transaksi saham, perubahan kendali, atau pengalihan usaha penerbit.",
52WB,GRAB HOLDINGS LIMITED,30,2026-02-11,2026-08-13,pantau,2,2,pantau,"Grab menyelesaikan akuisisi Stash; ini bukan perubahan pengendali Grab. Grab juga menandatangani pembelian bisnis foodpanda Taiwan dari Delivery Hero seharga US$600 juta, masih bersyarat pada persetujuan regulator dan syarat penutupan; tidak ada bukti transaksi tersebut memindahkan kendali Grab atau mengubahnya menjadi wadah bisnis lain.",https://links.sgx.com/1.0.0/corporate-announcements/7H53QLWMPVFVX7Y1/874805_Announcement%20-%20Acquisition%20of%20Stash.pdf
533,ABR HOLDINGS LIMITED,28,2026-02-25,2026-08-12,pantau,1,1,pantau,"ABR membentuk RLMA West Pte. Ltd. sebagai perusahaan asosiasi 10% untuk pengembangan properti dan memberi pinjaman pemegang saham. Ini investasi minoritas, bukan perubahan pengendali ABR.",https://links.sgx.com/1.0.0/corporate-announcements/KUWEMMFCR8QK537B/900581_ABR%20-%20202600812_Annoucement_Rule%20706A_incorp%20RLMA.pdf
53W,ATTIKA GROUP LTD.,57,2026-01-09,2026-09-01,pantau,1,1,pantau,"Steven Tan menjual 15,6 juta saham tetapi tetap memegang 73,09% dan pengumuman menyebutnya tetap mengendalikan penerbit. Laporan tahunan kemudian mengonfirmasi diversifikasi ke bisnis properti dan akuisisi properti 186 Tagore Lane pada November 2025; arsip grup hanya memuat laporan retrospektif, bukan pengumuman transaksi awal, sehingga sisi penjual, pembiayaan, dan syarat transaksi belum dapat diuji dari bahan ini.",https://links.sgx.com/1.0.0/corporate-announcements/OUMOP69M4X4XS60K/871807_260112%20Attika%20Placement%20PR%20%20-%20Final.pdf
540,TUNG LOK RESTAURANTS (2000) LTD,30,2026-02-06,2026-08-28,tidak_ada_petunjuk,0,0,tidak_ada_petunjuk,"Lampiran penghapusan usaha patungan, laporan tahunan, rapat umum, pembaruan perusahaan, dan tiga pembaruan sewa dengan pihak terkait dibuka. Pihak terkait pada sewa adalah asosiasi pemegang saham pengendali yang telah ada; tidak ditemukan perubahan pengendali atau masuknya bisnis baru pada bahan arsip yang diperiksa.",
541,ABUNDANCE INTERNATIONAL LIMITED,34,2026-01-27,2026-08-07,pantau,2,2,pantau,Perusahaan membentuk anak usaha kimia spesialis dan memperoleh lisensi CypH-11 untuk wilayah Asia-Pasifik; komersialisasinya masih tergantung uji klinis dan persetujuan regulasi. Tidak ada bukti perubahan pengendali emiten.,https://links.sgx.com/1.0.0/corporate-announcements/UH82YHCPU4XRC4XT/878317_Abundance%20-%20Press%20Release.pdf
543,NOEL GIFTS INTERNATIONAL LTD.,9,2026-01-28,2026-08-25,tidak_ada_petunjuk,0,0,tidak_ada_petunjuk,Seluruh judul menampilkan hasil keuangan dan perubahan kepentingan direktur. Form yang dapat dibaca menyatakan perpindahan saham dalam keluarga Alfred Wong tanpa perubahan total kepentingannya; tidak ditemukan petunjuk transaksi pengendalian penerbit pada bahan diperiksa.,
544,CSE GLOBAL LIMITED,110,2026-02-09,2026-09-04,prioritas,5,3,pemantauan_awal,"Atas permintaan pemegang pengendali Heliconia Capital, CSE Global meninjau pilihan yang dapat mencakup transaksi atas saham perusahaan atau seluruh/sebagian bisnis dan aset. Pemicu awalnya adalah minat pendahuluan dari pihak yang belum disebut. Per 4 September, Jefferies baru menyerahkan laporan awal kepada dewan.",https://links.sgx.com/1.0.0/corporate-announcements/C80Y4F2WN7R19ZHV/877502_CSE_Strategic%20Review.pdf
546,MEDTECS INTERNATIONAL CORP LTD,30,2026-01-28,2026-08-14,pantau,1,1,pantau,"Medtecs menghentikan usaha patungan dengan Hongray dan sepakat menjual seluruh RMKH Glove (Cambodia), anak usaha operasionalnya, kepada Hongray. Ini pelepasan aset/bisnis anak usaha, bukan bukti perubahan pengendali Medtecs; arsip yang diperiksa tidak memuat konfirmasi penyelesaian disposal.",https://links.sgx.com/1.0.0/corporate-announcements/1B5AURE5Q4T1UXTE/883131_Medtecs%20-%20Termination%20of%20JV%20and%20Entry%20into%20Disposal%20Agreement.pdf
54FW,MACQUARIE BANK LIMITED,1,2026-06-19,2026-06-19,tidak_ada_petunjuk,0,0,tidak_ada_petunjuk,Dokumen tunggal adalah penyelesaian tunai waran indeks NASDAQ yang kedaluwarsa. Tidak ditemukan transaksi pada saham atau bisnis Macquarie Bank dalam bahan yang diperiksa.,
54RB,JX ADVANCED METALS CORPORATION,1,2026-06-03,2026-06-03,tidak_ada_petunjuk,0,0,tidak_ada_petunjuk,"Arsip hanya memuat konfirmasi pencatatan obligasi konversi tanpa kupon senilai ¥125 miliar. Konfirmasi bursa tidak menyebut pemegang, pembeli, atau perubahan kendali JX Advanced Metals.",https://links.sgx.com/1.0.0/corporate-announcements/5R0GIKESTQ2S89YU/49c19d82e25632afbacf9de254efa382c25c5effa392680503b302195289df4b
54TB,HOUSING AND DEVELOPMENT BOARD,4,2026-02-23,2026-08-26,tidak_ada_petunjuk,0,0,tidak_ada_petunjuk,"Empat dokumen adalah pemberitahuan pembayaran kupon obligasi HDB. Tidak ditemukan transaksi saham, bisnis, atau perubahan kendali dalam bahan yang diperiksa.",
54YB,SOFTBANK GROUP CORP.,1,2026-04-22,2026-04-22,tidak_ada_petunjuk,0,0,tidak_ada_petunjuk,Arsip hanya memuat konfirmasi pencatatan surat utang EUR700 juta. Tidak ditemukan dalam bahan yang diperiksa transaksi pengendalian atau bisnis penerbit.,
554,554 · KING WAN CORPORATION LIMITED,39,2026-01-07,2026-08-31,pantau,2,2,pantau,Penempatan saham selesai pada Januari 2026. Bahan yang diperiksa tidak membuktikan penempatan itu memindahkan pengendalian emiten.,
558,UMS INTEGRATION LIMITED,61,2026-01-15,2026-08-13,transaksi_selesai,1,1,transaksi_selesai,"UMS menyelesaikan pembelian sisa 30% Starke Singapore sehingga Starke menjadi anak usaha 100%. Amova Asia menjadi pemegang saham substansial melalui portofolio kelolaan pada 5,349%, dan UMS mendirikan anak usaha tidak langsung di Vietnam; tidak ada bukti perubahan pengendali UMS.",https://links.sgx.com/1.0.0/corporate-announcements/154FI7M7GGQQNH4B/877121_UMS%20-%20Starke%20Acquisition%20Announcement.pdf
55BB,DBS BANK LTD.,1,2026-03-24,2026-03-24,tidak_ada_petunjuk,0,0,tidak_ada_petunjuk,"Satu dokumen adalah konfirmasi pencatatan surat utang DBS US$106 juta dengan jatuh tempo 2027. Tidak ada pembelian saham, bisnis, atau perubahan kendali dalam bahan yang diperiksa.",https://links.sgx.com/1.0.0/corporate-announcements/8HPZ5VBLM7TFEPU5/1da79a1e3428544e846a05c579a4b6e18101b5c4c4bfe1dd6cba3a575f65f458
55WB,KOREA MINE REHABILITATION AND MINERAL RESOURCES CORPORATION,1,2026-04-13,2026-04-13,tidak_ada_petunjuk,0,0,tidak_ada_petunjuk,"Satu dokumen adalah konfirmasi pencatatan obligasi US$500 juta, bukan transaksi saham, bisnis, atau kendali penerbit.",
564,SPINDEX INDUSTRIES LIMITED,16,2026-01-05,2026-02-11,transaksi_selesai,3,1,skema_pengambilalihan_dan_delisting_selesai,"Skyline II mengambil seluruh saham Spindex melalui skema pengaturan. Skema efektif 2 Februari, pembayaran dilakukan 11 Februari, dan Spindex dihapus dari SGX efektif 13 Februari 2026.",
566,SHS HOLDINGS LTD.,88,2026-01-14,2026-09-04,pantau,2,2,pantau,SHS menyelesaikan pelepasan saham SED Energy dan kemudian menjalankan pembelian kembali saham akses setara. Akuisisi Guangxi Tidal/Nanning Tidal diumumkan sebagai usulan; arsip belum memuat penyelesaian. Tidak ada bukti pengambilalihan SHS.,https://links.sgx.com/1.0.0/corporate-announcements/EOGCI0HY9LC0PV8H/880353_COMPLETION%20OF%20PROPOSED%20DISPOSAL%20OF%20SHARES%20IN%20SED%20ENERGY%20HOLDINGS%20PLC.pdf
569,VICPLAS INTERNATIONAL LTD,7,2026-03-13,2026-03-26,tidak_ada_petunjuk,0,0,tidak_ada_petunjuk,"Hasil keuangan dan formulir kepemilikan CTX Treuhand diperiksa. Tidak ditemukan rangkaian pembiayaan, pemindahan kendali, atau perubahan arah usaha penerbit pada bahan yang diperiksa.",
570,ABUNDANTE LIMITED,28,2026-02-26,2026-07-30,tidak_ada_petunjuk,0,0,tidak_ada_petunjuk,"Dalam bahan yang diperiksa, tidak ditemukan perubahan pengendali Abundante. Direktur Lee Sai Seng membeli 300.000 saham dan tetap memegang 57,62%; laporan tahunan hanya menyatakan minat mengeksplorasi akuisisi/investasi, bukan transaksi yang disepakati atau selesai.",https://links.sgx.com/1.0.0/corporate-announcements/CGDXK2FYSQ175926/876194__SFA%20Form1%20LSS%20Feb26.pdf
575,ASTI HOLDINGS LIMITED,101,2026-01-06,2026-08-28,transaksi_selesai,2,2,transaksi_selesai,"ASA pernah berniat membeli seluruh ASTI, tetapi menghentikan penawaran tersebut. Placement 128 juta saham ASTI seharga S$3,2 juta selesai; Form 3 kemudian menunjukkan dilusi kepemilikan Loh Soon Gnee dari 19,89% menjadi 16,6%, bukan bukti pengendali baru.",https://links.sgx.com/1.0.0/corporate-announcements/0NY3G9PN7199LKEB/872605_ASTI%20Placement%20Completion%20-%2021%20Jan%2026.pdf
579,OCEANUS GROUP LIMITED,38,2026-02-09,2026-08-14,belum_cukup,1,1,belum_cukup,Lampiran Rule 706A dibuka: Oceanus membentuk anak usaha 65% dan menjual 26% kepentingan pada perusahaan asosiasi OMG kepada Tan Guan Cheong. Dokumen ini adalah transaksi pada entitas anak/asosiasi; tidak membuktikan perubahan pengendali Oceanus. Lampiran terpicu lain masih memerlukan pemeriksaan sebelum kesimpulan negatif.,https://links.sgx.com/1.0.0/corporate-announcements/AZEASYB3O41L7390/877054_706A%20Announcement%20-%202%20March%202026.pdf
57IB,VEDANTA RESOURCES FINANCE II PLC,2,2026-09-09,2026-09-09,belum_cukup,1,1,belum_cukup,"Penerbit menerbitkan pemberitahuan pelunasan dini bersyarat atas obligasi 9,475% jatuh tempo 2030. Ini pendanaan utang; arsip tidak memberi bukti perubahan pengendali, dan pelunasan bergantung pada syarat pembiayaan kembali.",https://links.sgx.com/1.0.0/corporate-announcements/PMKIAZSYELB313TA/c7ac705ed4ed5263eb7a768e372968f7e6acbe8afd29e584a95cbdf9a41072c4
57MB,"INVERSIONES ATLANTIDA, S.A.",4,2026-01-06,2026-02-26,tidak_ada_petunjuk,0,0,tidak_ada_petunjuk,Dua pengumuman hanya mengenai pelunasan lebih awal instrumen penerbit. Tidak ditemukan perpindahan kendali atau transaksi bisnis pada bahan yang diperiksa.,
57QB,OPTUS FINANCE PTY LIMITED,31,2026-02-11,2026-08-27,tidak_ada_petunjuk,0,0,tidak_ada_petunjuk,Dokumen yang diperiksa adalah pembaruan usaha Singtel/Optus dan penerbitan surat utang Optus. Tidak ditemukan pada bahan yang diperiksa perubahan pengendali penerbit.,
580,SANTAK HOLDINGS LIMITED,48,2026-02-06,2026-09-07,pantau,2,2,pantau,Santak mengusulkan pelepasan dan leaseback properti manufaktur Malaysia. Empat pengungkapan pemegang saham substansial serta dokumen EGM yang terpicu telah dibuka; tidak ada bukti pengambilalihan Santak.,https://links.sgx.com/1.0.0/corporate-announcements/NZW2RXU876HRFOBJ/889802_Santak%20-%20Proposed%20Disposal%20and%20Leaseback%20of%20the%20Property_Acceptance%20of%20Offer%20to%20Purchase.pdf
581,SUNRISE SHARES HOLDINGS LTD.,39,2026-01-14,2026-08-24,transaksi_selesai,2,3,perubahan_usaha_mineral_dengan_saham_vendor_tanpa_pergantian_kendali,"Sunrise Shares, yang hanya mengandalkan hotel dan mengalami arus kas ketat, menyelesaikan pembelian usaha pengolahan silika Fuzhou Tianfujia seharga S$1 juta dengan 34.482.758 saham. Penjual Xue Di memperoleh 5,34% dan Fu Tanghai 5,13%; Fu kemudian turun di bawah 5%. Pengendali lama Datuk Wira Boo tetap memegang 39,87%. Perusahaan juga menyetujui perluasan ke mineral dan energi terbarukan serta menyatakan rencana penempatan privat, sedangkan Bursa Singapura memperingatkan bahwa pembelian lanjutan dari penjual dapat digabung dan dinilai sebagai pengambilalihan balik.",https://links.sgx.com/1.0.0/corporate-announcements/IP58CTK5DBR2AF00/878596_SSHL%20-%20Proposed%20Acquisition%20-%20Receipt%20of%20LQN.pdf
583,PROGEN HOLDINGS LTD,18,2026-02-28,2026-08-12,tidak_ada_petunjuk,0,0,tidak_ada_petunjuk,"Laporan keuangan dan laporan tahunan yang diperiksa menggambarkan usaha pendinginan dan ventilasi Progen di Singapura serta Malaysia. Tidak ditemukan pengumuman pembelian atau penjualan saham pengendali, pembiayaan ekuitas, maupun pergantian usaha pada bahan diperiksa.",
584,AJJ MEDTECH HOLDINGS LIMITED,79,2026-01-07,2026-09-11,tidak_ada_petunjuk,1,1,tidak_ada_petunjuk,"AJJ menyetujui saham insentif untuk Dr Zhang Jian, yang disebut pemegang saham pengendali, dan kemudian mengganti kepala eksekutif melalui rencana suksesi internal. Tidak ditemukan pada dokumen berkode yang diperiksa penjualan saham pengendali, pembeli baru, atau pengambilalihan penerbit.",https://links.sgx.com/1.0.0/corporate-announcements/BXZB2W0TIQRMA1H9/871471_AJJ%20-%20Notice%20of%20EGM.pdf
585,AMARA HOLDINGS LIMITED,31,2026-01-16,2026-09-04,belum_cukup,1,1,belum_cukup,"Pelepasan properti, perubahan pengurus, dan Form 3 pemegang saham besar telah dibuka. Bahan ini belum cukup menghubungkan peristiwa itu dengan perubahan pengendalian penerbit.",
58RB,KEPPEL LTD.,1,2026-06-11,2026-06-11,belum_cukup,0,0,belum_cukup,"Satu judul yang tersedia hanya konfirmasi pencatatan sekuritas perpetual subordinasi Keppel. Tanpa lampiran inti yang dibaca, bahan ini tidak cukup untuk menilai perubahan kendali atau transaksi bisnis.",
58ZB,THE EXPORT-IMPORT BANK OF KOREA,1,2026-01-13,2026-01-13,tidak_ada_petunjuk,0,0,tidak_ada_petunjuk,"Satu pengumuman adalah pencatatan green notes US$1,25 miliar. Tidak ditemukan petunjuk transaksi kendali, saham, atau bisnis dalam bahan yang diperiksa.",
594,CAPALLIANZ HOLDINGS LIMITED,49,2026-01-15,2026-09-11,prioritas,3,3,sebar_saham_vendor_tanpa_kendali_terbukti,"CapAllianz menyelesaikan pembelian program Body-Mind Wellness pada 7 Agustus 2026 dan menerbitkan 2,2 miliar saham sebagai sebagian harga. Lampiran membagi 349.393.939 saham dengan jumlah persis sama kepada masing-masing enam penerima yang terkait penjual; bersama konsultan penjual jumlahnya sekitar 15,33% setelah penerbitan, sedangkan tiap individu sekitar 2,43%. Alokasi identik ini patut diperiksa sebagai pola sebar saham, tetapi kontrak menyebut para penerima memegang untuk kepentingan sendiri dan tidak membuktikan mereka bertindak bersama. Rencana penempatan 1,929 miliar saham pada September masih bersyarat dan dinyatakan tidak mengalihkan kendali.",https://links.sgx.com/1.0.0/corporate-announcements/P4OXX35E4M20HQVL/896345_CapAllianz%20-%20Proposed%20Acquistion%20-%2014%20July%202026%20-%20Final.pdf
595,GKE CORPORATION LIMITED,47,2026-01-06,2026-09-09,pantau,1,1,pantau,"Judul arsip memuat ekspansi dan pembaruan operasi Dubai, bukan perubahan pengendali penerbit. Tidak ditemukan bukti perubahan pengendali dalam bahan arsip yang diperiksa.",
596,PAVILLON HOLDINGS LTD.,49,2026-02-16,2026-08-14,pantau,2,2,pantau,"Circular dan penggantinya mengusulkan diversifikasi ke properti dan kopi. Laporan setengah tahun mencatat perubahan kendali atas Fengchi IOT dan pinjaman pihak berelasi Mr Ding; dokumen yang dibuka tidak membuktikan pengendali baru atas Pavillon, sehingga skor diturunkan sambil menunggu urutan transaksi lengkap.",https://links.sgx.com/1.0.0/corporate-announcements/X7H0YHWJC2166OES/882347_Pavillon%20-%20Circular.pdf
59BB,59BB · OVERSEA-CHINESE BANKING CORPORATION LIMITED,3,2026-05-28,2026-06-03,pantau,1,1,pantau,"Pencatatan obligasi US$35 juta sempat ditarik lalu diumumkan kembali. Ini pendanaan, bukan bukti perubahan pengendali.",
59DB,OVERSEA-CHINESE BANKING CORPORATION LIMITED,1,2026-07-21,2026-07-21,tidak_ada_petunjuk,0,0,tidak_ada_petunjuk,"Hanya ada konfirmasi pencatatan surat utang GBP20 juta. Tidak ditemukan transaksi saham, bisnis, atau pengendalian pada bahan yang diperiksa.",
5AB,TREK 2000 INTERNATIONAL LTD,67,2026-01-02,2026-08-12,pantau,2,2,pantau,"Azure Capital membeli 22.074.000 saham Trek dan menjadi pemegang saham besar 7,3%; transaksi selesai 26 Mei 2026. Penjual Ron Sim turun dari sekitar 9,3% menjadi sekitar 2,0%, tetapi bahan tidak membuktikan Azure atau pihak lain memperoleh kendali Trek.",https://links.sgx.com/1.0.0/corporate-announcements/20MEJDGF7HDYVR1O/888495__Form%203%20-%20Terence%20-%20final.pdf
5AE,POLLUX PROPERTIES LTD.,24,2026-02-24,2026-08-21,tidak_ada_petunjuk,0,0,tidak_ada_petunjuk,"Laporan dan hasil Pollux menunjukkan bisnis properti serta perhotelan, termasuk kegiatan Indonesia. Tidak ditemukan pada bahan yang diperiksa transaksi perubahan pengendali, perantara pembelian saham penerbit, atau pergantian usaha utama.",
5AI,H2G GREEN LIMITED,102,2026-01-02,2026-09-02,pantau,3,2,restrukturisasi_portofolio_dengan_pengendali_lama,"H2G menghimpun S$3,63 juta melalui penempatan 21,71%, menyelesaikan pembelian TTJ melalui GEIH, lalu menjual seluruh 50,10% GEIH kepada anak usaha OUE seharga sekitar S$4 juta. Hongkong China Treasury tetap pemegang pengendali dengan 22,58% setelah terdilusi.",https://links.sgx.com/1.0.0/corporate-announcements/VWO21K8VYGFUGUPN/871829_260112%20H2G%20Annc%20-%20Update%20on%20TTJ%20-%20Final.pdf
5AL,ANNICA HOLDINGS LIMITED,56,2026-01-13,2026-05-13,pantau,3,3,restrukturisasi_utang_dan_kontrol_internal_selesai,"Annica mengonsolidasikan saham, menjual 60% Panah Jaya Makmur kepada pemilik 40% yang sudah ada, lalu menerbitkan 94.028.349 saham hak. Sekitar S$3,12 juta atau 97,5% hasil penerbitan dipakai untuk mengurangi utang kepada empat pemegang saham melalui set-off. Annica menyatakan alokasi saham berlebih kepada CEO Sandra Liz Hon menimbulkan perpindahan kepentingan pengendali; setelah penerbitan saham karyawan pada Agustus, Sandra memegang 17,93%.",https://links.sgx.com/1.0.0/corporate-announcements/LSLK4C78XOV7R5JU/871877_20260113_Annica%20Announcement%20-%20Disposal%20of%20PJM.pdf
5AU,AP OIL INTERNATIONAL LIMITED,23,2026-02-13,2026-08-12,tidak_ada_petunjuk,0,0,tidak_ada_petunjuk,"Laporan tahunan yang ditandai telah dibuka; bahan tersebut dan judul lainnya tidak menunjukkan transaksi pengendalian, pembiayaan pengambilalihan, atau perubahan usaha. Kesimpulan terbatas pada arsip yang diperiksa.",
5BI,POLARIS LTD.,32,2026-02-20,2026-08-26,transaksi_selesai,1,1,transaksi_selesai,"Rangkaian pengumuman mencakup opsi jual properti, pelaksanaan opsi, dan penyelesaian penjualan pada April; pada Agustus muncul opsi jual properti berikutnya lalu pelaksanaan opsi. Ini pelepasan aset oleh penerbit, bukan bukti pembeli mengambil alih Polaris.",
5BS,SEN YUE HOLDINGS LIMITED,85,2026-01-09,2026-04-29,transaksi_selesai,5,1,penawaran_dan_delisting_selesai,Cenvios menyelesaikan pengambilalihan paksa seluruh saham Sen Yue pada 29 April 2026; saham Sen Yue dihapus dari SGX pada 30 April 2026.,https://links.sgx.com/1.0.0/corporate-announcements/FNS5GGU1DZGWEYAJ/886887_Completion%20of%20Compulsory%20Acquisition%20Announcement_20260429.pdf
5CF,OKP HOLDINGS LIMITED,83,2026-01-14,2026-08-13,belum_cukup,2,2,belum_cukup,"OKP menyelesaikan penjualan dua properti; lampiran utama perubahan substantial shareholder dan pembentukan usaha patungan juga telah dibuka. Formulir pemegang saham yang terpicu tidak menampilkan isi dalam arsip, sehingga identitas, persentase, dan sisi penjual tidak dapat diuji dan hasil tidak dapat diberi nol.",https://links.sgx.com/1.0.0/corporate-announcements/3N699LHLJKRTFL09/877737_Completion%20of%20Sale.pdf
5CR,ASIATIC GROUP (HOLDINGS) LIMITED,48,2026-02-06,2026-09-18,pantau,3,3,target_otomotif_tahap_nota_tidak_mengikat,"Asiatic menandatangani nota tidak mengikat untuk membeli seluruh Karrus Mobility dan pemegang saham kemudian menyetujui perluasan usaha ke otomotif. Sampai 19 September belum ada perjanjian final, harga, saham pembayaran, atau perubahan pengendali.",https://links.sgx.com/1.0.0/corporate-announcements/YZABNZRRITT2LI1O/892111_Asiatic%20-%20HOA%20annmt%20for%20acquisition%20of%20iCaur.pdf
5CT,ECOWISE HOLDINGS LIMITED,29,2026-03-06,2026-09-11,tidak_ada_petunjuk,0,0,tidak_ada_petunjuk,Dokumen transaksi yang terpicu berupa laporan keuangan dan laporan tahunan; tidak ditemukan bukti transaksi pengendalian penerbit dalam bahan yang diperiksa.,
5DD,MICRO-MECHANICS (HOLDINGS) LTD.,43,2026-01-15,2026-08-26,tidak_ada_petunjuk,0,0,tidak_ada_petunjuk,"Hasil, presentasi, pembelian kembali saham, dan perubahan kepentingan direktur telah diperiksa. Tidak ditemukan transaksi perubahan kendali penerbit pada bahan yang diperiksa.",
5DM,YING LI INTERNATIONAL REAL ESTATE LIMITED,42,2026-01-30,2026-09-10,tidak_ada_petunjuk,1,1,tidak_ada_petunjuk,"Pengumuman mencakup perpanjangan pinjaman pihak berkepentingan, perubahan pengurus, dan kontrak pengelolaan komersial oleh anak usaha. Tidak ditemukan bukti transaksi yang mengalihkan kendali Ying Li dalam bahan yang diperiksa.",https://links.sgx.com/1.0.0/corporate-announcements/8JWBK5DN6POZQ3EZ/893483_Ying%20Li%20-%20Resignation%20of%20Director%20and%20Changes%20to%20the%20Composition%20of%20the%20Board%20Committees%20of%20the%20Company.pdf
5DO,SAKAE HOLDINGS LTD.,8,2026-02-13,2026-08-28,transaksi_selesai,1,1,transaksi_selesai,"Sakae mengumumkan akuisisi 100% Cooking Art Industries dan laporan kemudian mencatat diversifikasi bisnis makanan melalui anak usaha. Ini adalah pembelian bisnis oleh penerbit, bukan bukti perubahan pengendali Sakae pada bahan yang diperiksa.",
5DP,HEETON HOLDINGS LIMITED,48,2026-01-28,2026-08-19,tidak_ada_petunjuk,0,0,tidak_ada_petunjuk,Heeton mengumumkan usaha patungan melalui anak usaha dan perubahan direktur independen. Tidak ditemukan perpindahan pengendalian atas Heeton atau pendanaan saham yang mengubah pengendali dalam bahan diperiksa.,https://links.sgx.com/1.0.0/corporate-announcements/P9Q4O7N0W9ZTK7J4/873342_20260128%20HHL_SGX%20announcement.pdf
5DS,MEGACHEM LIMITED,65,2026-01-20,2026-09-18,tidak_ada_petunjuk,0,0,tidak_ada_petunjuk,Laporan tahunan 2025 dan judul lain yang ditinjau tidak menunjukkan perubahan pengendali penerbit dalam bahan arsip yang diperiksa.,
5DX,META HEALTH LIMITED,31,2026-02-27,2026-09-16,pantau,1,1,pantau,Meta Health melanjutkan bisnis layanan kesehatan setelah pelepasan bisnis logam pada 2024 dan mencatat rangkaian perubahan pengurus pada Agustus 2026. Bahan yang diperiksa tidak mengidentifikasi transaksi saham atau pihak baru yang memperoleh kendali atas Meta Health; kaitan Indonesia pada penandaan arsip bukan bukti kendali.,
5E2,SEATRIUM LIMITED,128,2026-01-21,2026-09-01,transaksi_selesai,1,1,transaksi_selesai,"Seatrium melaporkan pelepasan beberapa aset non-inti dan program utang; dokumen yang dibuka menggambarkan transaksi perusahaan, bukan perpindahan pengendali Seatrium. Tidak ditemukan rangkaian penjualan saham atau perubahan pengendali penerbit dalam bahan diperiksa.",https://links.sgx.com/1.0.0/corporate-announcements/RGXQMTQFYSO8A77B/873920_Seatrium_Amfels%20Completion%20-%202%20Feb%202026.pdf
5EB,CFM HOLDINGS LIMITED,12,2026-02-05,2026-08-26,tidak_ada_petunjuk,0,0,tidak_ada_petunjuk,"Pengunduran diri direktur independen dan perubahan komite pada 4 Agustus 2026 tidak disertai transaksi saham, pendanaan, atau perubahan pengendali. Judul tanpa kode tambahan hanya perubahan nama biro pendaftaran saham dan koreksinya.",https://links.sgx.com/1.0.0/corporate-announcements/LS8RFO6HPHGM5ZD9/898624_CFMH%20Announcement-Changes%20to%20Board%20Composition_final.pdf
5EF,ADVENTUS HOLDINGS LIMITED,28,2026-02-27,2026-08-19,pantau,1,1,pantau,Formulir Kua Wen Qi dan lampiran utamanya telah dibaca. Ia merupakan pengungkapan kepentingan pemegang saham besar; bahan yang diperiksa belum membuktikan pergantian pengendali Adventus.,
5EG,ZHONGXIN FRUIT AND JUICE LIMITED,4,2026-02-10,2026-08-26,tidak_ada_petunjuk,0,0,tidak_ada_petunjuk,"Arsip hanya memuat hasil tengah tahun dan tahunan. Tidak ditemukan pengumuman transaksi kepemilikan, pembiayaan, atau perubahan usaha/kendali dalam bahan yang diperiksa.",
5EN,MIDAS HOLDINGS LIMITED,2,2026-03-16,2026-03-16,transaksi_selesai,0,0,transaksi_selesai,Midas berada dalam likuidasi dan akan dihapus dari SGX pada 31 Maret 2026. Likuidator menyatakan utang jauh melebihi aset yang dipulihkan dan tidak ada indikasi penawaran keluar dari pemegang saham besar; ini bukan transaksi pengambilalihan.,https://links.sgx.com/1.0.0/corporate-announcements/M1O7G7QRO5P5DRBA/878401_20260316%20Midas%20Holdings%20Limited%20In%20Liquidation.pdf
5EV,5EV · HOSEN GROUP LTD.,28,2026-02-26,2026-08-14,pantau,0,0,pantau,Hosen melaporkan hasil keuangan dan perubahan kepentingan direktur; tidak ada rangkaian perubahan pengendali penerbit yang terlihat dalam bahan yang diperiksa.,
5EW,SEVENS ATELIER LIMITED,24,2026-02-23,2026-08-12,tidak_ada_petunjuk,0,0,tidak_ada_petunjuk,"Dokumen yang terpicu adalah komentar auditor dan laporan tahunan Sevens Atelier, bukan transaksi saham atau pengambilalihan. Tidak ditemukan bukti perubahan pengendali atau injeksi bisnis baru pada bahan diperiksa.",
5F4,FIGTREE HOLDINGS LIMITED,32,2026-02-05,2026-08-14,pantau,1,1,pantau,"Faktanya, Figtree mengumumkan rencana penurunan kepemilikan pada DC Alliance melalui penjualan saham DC Alliance kepada Asiaphos. Ini adalah pelepasan aset asosiasi, bukan bukti perubahan pengendali Figtree; tidak ada kepentingan pengendali Figtree dalam transaksi menurut dokumen.",https://links.sgx.com/1.0.0/corporate-announcements/24T234RZ942FKFB2/891621_FHL%20-%20DCA%20proposed%20disposal%20of%2051%20percent%20share%20in%20DCAPL%20and%20PDC_Final.pdf
5F7,WILTON RESOURCES CORPORATION LIMITED,76,2026-01-12,2026-09-15,transaksi_selesai,2,2,transaksi_selesai,"Wilton menjual sebagian saham PT Wilton Makmur Indonesia Tbk untuk pendanaan, namun masih melaporkan kepemilikan efektif 59,62%; opsi 50 juta saham gugur. Dato Sri Chong Thim Pheng kemudian menjadi pemegang saham substansial sekitar 6%, bukan pengendali; tidak ada bukti hilangnya kontrol Wilton atas PT WMI atau perubahan pengendali Wilton.",https://links.sgx.com/1.0.0/corporate-announcements/8WN1OWVBDQRA3BZV/895019_WRC%20-%20Expiry%20of%20Call%20Option.pdf
5FW,ACESIAN PARTNERS LIMITED,30,2026-02-03,2026-08-06,pantau,2,2,pantau,"Kelvin Kwok menjadi direktur non-eksekutif dan pada tanggal pengangkatan menyatakan kepemilikan total 13,79%. Bahan yang diperiksa tidak menyebut pembelian saham pengendali atau perubahan kendali; rangkaian pengurus patut dipantau.",https://links.sgx.com/1.0.0/corporate-announcements/JES8OTHSXAOFTN8E/6cdfade7a245b14d320d61391dd8e1aff95a748095a699b91f7f8a2f18fb03a9
5FX,NEW WAVE HOLDINGS LTD.,17,2026-05-29,2026-08-06,belum_cukup,0,0,belum_cukup,"Laporan tahunan merupakan satu-satunya dokumen yang ditandai oleh penyaring, tetapi pemeriksaan arsip ini belum menghasilkan rangkaian dokumen transaksi saham, utang, atau bisnis yang memadai untuk simpulan kendali. Karena itu tidak diberi hasil negatif.",
5G1,EUROSPORTS GLOBAL LIMITED,73,2026-02-09,2026-09-14,pantau,2,2,pantau,"Placement Align Auto 26,5 juta saham selesai dan menghasilkan kepemilikan 26,5 juta saham; dokumen awal menyatakan pembeli tidak memperoleh controlling interest. MOU PEKEMA dan term sheet Helios sama-sama non-binding, sedangkan pembelian saham Prosper Auto serta pembahasan obligasi konversi adalah transaksi/aset dan pendanaan, bukan bukti perubahan kendali EuroSports.",https://links.sgx.com/1.0.0/corporate-announcements/9XRPHNM94WZS9I2B/890042_2026.05.25_Subscription%20Announcement.pdf
5G2,KIM HENG LTD.,37,2026-02-23,2026-09-02,pantau,2,2,pantau,"Pelepasan 70% Bridgewater kepada Umbilicore masih menunggu dokumen definitif/persetujuan. Akuisisi tambahan SAK dan usaha patungan Heungwoo adalah transaksi anak usaha, bukan perubahan kendali Kim Heng.",https://links.sgx.com/1.0.0/corporate-announcements/8JPDCAQLE1EN2QCU/902661_20260827%20Kim%20Heng%20Binding%20LOI%20Announcement%20.pdf
5G9,TRITECH GROUP LIMITED,69,2026-01-08,2026-08-11,pantau,3,3,kreditur_28_persen_setelah_konversi_rencana_lanjutan_batal,"Tritech mengonversi utang S$5,71 juta milik Lee Sui Hee menjadi 439.089.398 saham; porsi Lee naik dari 6,59% menjadi 28,28%. Konversi untuk Zhou Xinping menambah 27.106.846 saham. Rencana terpisah untuk penempatan bertahap kepada Tay Tong Yee Terence dan pengangkatannya ke dewan kemudian berakhir tanpa penyelesaian.",https://links.sgx.com/1.0.0/corporate-announcements/QGMR1D1UUIH0VLXL/871630_Tritech%20-%20Debt%20Conversion%20Announcement.pdf
5GD,SUNPOWER GROUP LTD.,31,2026-01-08,2026-09-17,belum_cukup,0,0,belum_cukup,"Sunpower menerbitkan saham baru melalui konversi obligasi dan membeli kepentingan pada tiga proyek panas. Sebagian besar formulir perubahan pemegang saham substansial di arsip tidak memiliki teks yang dapat dibaca, sehingga identitas dan perubahan kendali tidak dapat dipastikan dari bahan yang diperiksa.",https://links.sgx.com/1.0.0/corporate-announcements/MACBRZU69D2B8XK1/871709_30942046_Announcement_Conversion%20of%20Convertible%20Bonds%20and%20Issue%20of%20Conversion%20Shares.pdf
5GI,5GI · INTERRA RESOURCES LIMITED,47,2026-01-07,2026-08-13,pantau,2,2,pantau,"Interra memindahkan anak usaha secara internal, lalu menyepakati pelepasan aset Myanmar dan melakukan investasi/aktivitas energi terbarukan. Ini adalah reposisi aset dan arah usaha; tidak ada bukti perubahan pengendali Interra dalam bahan yang diperiksa.",https://links.sgx.com/1.0.0/corporate-announcements/LDJFO1NOUM62DMSQ/893827_Entry%20into%20CSPA%20for%20the%20Proposed%20Disposal%20of%20GII.pdf
5GZ,HGH HOLDINGS LTD.,41,2026-01-08,2026-08-12,transaksi_selesai,1,1,transaksi_selesai,"HGH menyelesaikan langganan 13,5% Cool Farms dan kemudian menjual total 40% anak usaha Premium Concrete; setelah itu HGH tetap memegang 60%. Perubahan direksi yang tercatat tidak membuktikan perubahan pengendali HGH.",https://links.sgx.com/1.0.0/corporate-announcements/PTTS2Y6F9ESAM0EM/871602_HGH_Completion%20of%20the%20Subscription%20of%20Shares%20in%20the%20Capital%20of%20Cool%20Farms%20Holding%20Pte.%20Ltd..pdf
5HG,EDITION LTD.,32,2026-01-23,2026-08-14,pantau,1,1,pantau,"Edition mencari pembeli atas hak pengembangan tanah di Kota Bahru, tetapi dokumen tidak menyebut pembeli, harga, perjanjian, atau penyelesaian. Laporan juga menunjukkan dukungan pendanaan berulang dari B&L Group, perusahaan milik asosiasi pemegang saham pengendali Ong Boon Chuan; ini pendanaan pihak terkait, bukan perubahan kendali.",https://links.sgx.com/1.0.0/corporate-announcements/M9BINYEUDW6WQC4S/883414_Edition-AR2025.pdf
5HH,PROSPERA GLOBAL LIMITED,37,2026-02-26,2026-08-13,tidak_ada_petunjuk,0,0,tidak_ada_petunjuk,Prospera menyelesaikan penjualan properti di North Dakota. Laporan tahunan dan laporan berikutnya menegaskan pelepasan aset serta dukungan pendanaan dari pemegang saham besar/CEO; tidak ditemukan perpindahan kendali penerbit dalam bahan yang diperiksa.,
5HV,KOH BROTHERS ECO ENGINEERING LIMITED,51,2026-01-02,2026-09-14,pantau,1,1,pantau,"Fakta: emiten mengusulkan perpindahan papan dari Catalist ke Mainboard dan kemudian memperoleh persetujuan prinsip; pemegang saham menyetujuinya pada rapat luar biasa. Ini perubahan tempat pencatatan, bukan bukti perubahan pengendali atau pemasukan bisnis baru.",https://links.sgx.com/1.0.0/corporate-announcements/6JHW9M8KOXWV2GC0/890490_KBE%20-%20Announcement%20on%20Proposed%20Transfer.pdf
5I1,KOP LIMITED,20,2026-05-26,2026-08-18,tidak_ada_petunjuk,0,0,tidak_ada_petunjuk,"Laporan hasil dan dokumen perusahaan terkait telah diperiksa. Tidak ditemukan transaksi saham, pendanaan perantara, atau perubahan pengendali KOP dalam bahan yang diperiksa.",
5IC,5IC · SING HOLDINGS LIMITED,56,2026-01-23,2026-08-12,tidak_ada_petunjuk,0,0,tidak_ada_petunjuk,"Pengumuman kepemilikan, pengurus, laporan tahunan dan penerbitan saham bonus telah dibuka. Tidak ditemukan dalam bahan yang diperiksa rangkaian pengalihan pengendali atau pemasukan bisnis baru ke Sing Holdings.",
5IE,LORENZO INTERNATIONAL LIMITED,2,2026-05-18,2026-05-18,belum_cukup,0,0,belum_cukup,Satu pengumuman adalah pembaruan mengenai exit offer. Lampiran utama telah dibuka tetapi rincian status dan pihak pengambilalihan tidak cukup tersedia pada ekstraksi yang diperiksa untuk menetapkan hasil kendali.,
5IF,NATURAL COOL HOLDINGS LIMITED,31,2026-02-27,2026-09-07,transaksi_selesai,1,1,transaksi_selesai,"Anak usaha Natural Cool membeli sisa 25% NCAD dari Lee Weng Peng seharga S$1; NCAD dorman dan sebelumnya sudah 75% dimiliki. Ini penyederhanaan kepemilikan anak usaha, bukan perubahan pengendali emiten.",https://links.sgx.com/1.0.0/corporate-announcements/KPL7X7DFISEKVQ7S/903673_Attachment%201.pdf
5IG,GALLANT VENTURE LTD.,21,2026-02-27,2026-08-07,pantau,1,1,pantau,"Anak usaha 100% PT BIC memperoleh fasilitas proyek Batam dan perjanjian obligasi konversi hingga US$683,6 juta. Konversi hanya dapat terjadi bila PT BIC dicatatkan atau sahamnya dijual, serta memerlukan persetujuan; tidak ada bukti perubahan pengendali Gallant dalam bahan yang diperiksa.",https://links.sgx.com/1.0.0/corporate-announcements/6JDRSPSOONP8W1M6/891421_GV_New%20Power%20Plant_Financing.pdf
5JK,5JK · HIAP HOE LIMITED,30,2026-02-05,2026-08-18,pantau,1,1,pantau,Gui Boon Sui berhenti sebagai pemegang saham besar. Bahan yang diperiksa tidak menunjukkan pihak pembeli atau perubahan pengendali emiten.,
5JS,INDOFOOD AGRI RESOURCES LTD.,39,2026-01-05,2026-07-31,tidak_ada_petunjuk,0,0,tidak_ada_petunjuk,"Formulir kepemilikan, laporan keuangan, respons SGX, dan perubahan susunan dewan telah diperiksa. Tidak ditemukan pengumuman transaksi pengalihan pengendali atau perubahan arah utama Indofood Agri dalam bahan yang diperiksa.",
5K9B,MALAYAN BANKING BERHAD,3,2026-02-13,2026-08-14,tidak_ada_petunjuk,0,0,tidak_ada_petunjuk,"Tiga pengumuman yang diperiksa hanya pembayaran kupon surat utang. Tidak ditemukan transaksi saham, bisnis, pendanaan ekuitas, atau perubahan kendali pada bahan arsip.",
5KI,SOUP HOLDINGS LIMITED,55,2026-02-16,2026-08-13,pantau,2,2,pantau,"Ang Yu Seng menjadi pemegang saham substansial dengan 8,95% melalui 25 juta saham, lalu terjadi pergantian direktur pelaksana. Urutan ini patut dipantau, tetapi formulir yang dibuka tidak mengungkap pihak penjual dan pengunduran diri direktur menyebut alasan pribadi; belum ada bukti perubahan kendali.",https://links.sgx.com/1.0.0/corporate-announcements/3S1OTFWV3X35CNO6/883663__SHL%20-%20Form%203_AYS%2010.4.26.pdf
5LE,SITRA HOLDINGS (INTERNATIONAL) LIMITED,16,2026-02-20,2026-08-07,tidak_ada_petunjuk,0,0,tidak_ada_petunjuk,"Laporan hasil, rapat umum, laporan tahunan, dan lampiran tanpa kode Sitra diperiksa. Tidak ditemukan pengumuman perpindahan kepemilikan atau kendali penerbit dalam bahan arsip yang diperiksa; perubahan alamat dan notulen rapat bukan bukti kendali.",
5LY,MARCO POLO MARINE LTD.,173,2026-01-07,2026-09-06,pantau,2,3,sisi_penjual_pengambilalihan_balik_508,"Marco Polo Marine adalah penjual dua usaha galangan kepada Fuji Offset Plates. Jika transaksi selesai, Marco Polo akan menerima saham dan memegang sekitar 74,1% Fuji. Dampak perubahan kendali terjadi pada Fuji berkode 508, bukan pada Marco Polo berkode 5LY.",https://links.sgx.com/1.0.0/corporate-announcements/XA977TUIA7H4BX6X/888952_MPML%20-%20Joint%20Announcement%20on%20Proposed%20Reserve%20Takeover.pdf
5MD,SOON LIAN HOLDINGS LIMITED,23,2026-02-26,2026-08-12,tidak_ada_petunjuk,0,0,tidak_ada_petunjuk,"Laporan keuangan, laporan tahunan, dan pertanyaan rapat pemegang saham menyebut operasi termasuk Indonesia, tetapi tidak ada pengumuman transaksi saham, utang, penjaminan, atau perubahan pengendalian penerbit pada bahan diperiksa.",
5ML,OLD CHANG KEE LTD.,26,2026-01-21,2026-08-17,tidak_ada_petunjuk,0,0,tidak_ada_petunjuk,"Formulir pemegang saham besar menunjukkan pembelian pasar oleh Kuang Ming dan perubahan kepentingan yang terbatas; pada 16 Januari 2026 kepemilikan setelah transaksi 14,04%. Pengumuman lain adalah hasil keuangan, rapat, laporan, dividen, dan dokumen sponsor; tidak ditemukan perpindahan pengendali dalam bahan yang diperiksa.",https://links.sgx.com/1.0.0/corporate-announcements/QPPSTFNZSZMQH7OE/872622__eFORM3V2%20-%20PN%2016%20Jan%2026%20final.pdf
5MZ,KINGSMEN CREATIVES LTD.,80,2026-01-01,2026-08-31,transaksi_selesai,1,1,transaksi_selesai,"Kingsmen mencatat penghapusan anak usaha kecil dan likuidasi KPSB, anak usaha tidak langsung 71%; tidak ada perpindahan pengendali Kingsmen. Kontrak galeri sekitar S$30 juta adalah operasi usaha, bukan akuisisi.",https://links.sgx.com/1.0.0/corporate-announcements/AIDTT5TI55VBPYV5/875297_KingsmenStrikingOffofHL.pdf
5NF,MENCAST HOLDINGS LTD.,64,2026-01-14,2026-08-14,pantau,2,2,pantau,Mencast menyelesaikan obligasi konversi S$3 juta kepada Economic Development Innovations Singapore; dokumen secara eksplisit menyatakan instrumen tidak dimaksudkan memindahkan kepentingan pengendali. Ada kolaborasi usaha dengan Salt Investments serta penjualan properti yang masih bersyarat; tidak ada bukti perubahan kendali Mencast.,https://links.sgx.com/1.0.0/corporate-announcements/4TMR3S8VQ345XNSX/884562_MHL-Proposed_Issuance_of_Convertible_Bonds.pdf
5NV,CHASEN HOLDINGS LIMITED,49,2026-01-02,2026-08-20,transaksi_selesai,1,1,transaksi_selesai,"Chasen menyelesaikan pembelian tambahan 22,05% RPT; ini meningkatkan kepemilikan Chasen pada anak usaha, bukan bukti perubahan pengendalian Chasen.",https://links.sgx.com/1.0.0/corporate-announcements/XJNKH8E51VP7K75C/878593_Chasen%20Announcement%20for%20Acquisition%20of%20additional%20Shares%20in%20RPT_final.pdf
5O4B,"THE CHUGOKU ELECTRIC POWER COMPANY, INCORPORATED",6,2026-01-30,2026-07-31,tidak_ada_petunjuk,0,0,tidak_ada_petunjuk,Enam dokumen yang terindeks hanya hasil keuangan triwulanan dan tahunan. Tidak ditemukan pada bahan yang diperiksa petunjuk transaksi kendali atau perubahan usaha penerbit.,
5O6B,SUNPOWER GROUP LTD.,4,2026-02-23,2026-08-21,tidak_ada_petunjuk,0,0,tidak_ada_petunjuk,"Dua pengumuman yang tersedia adalah pembayaran kupon obligasi. Tidak ditemukan transaksi saham, bisnis, atau kendali dalam bahan yang diperiksa.",
5OC,KOYO INTERNATIONAL LIMITED,27,2026-02-23,2026-08-12,pantau,2,2,pendanaan_keluarga_pengendali_lama,"Koyo memperpanjang tiga pinjaman orang dalam yang seluruhnya sudah dicairkan, berjumlah S$7 juta, sampai 2027. Pemberi pinjaman adalah direktur Foo Suay Lun dan KF Capital milik ibunya; Foo menguasai Salix Capital yang memegang 26,05% saham Koyo.",https://links.sgx.com/1.0.0/corporate-announcements/L4X0EWTWFWYONGC2/897404_Koyo%20-%20Extension%20of%20Loan%20Agreements%20as%20IPT.pdf
5OI,JAPAN FOODS HOLDING LTD.,28,2026-02-11,2026-08-21,tidak_ada_petunjuk,0,0,tidak_ada_petunjuk,Lampiran rapat umum dan laporan tahunan yang terpicu telah dibuka. Tidak ditemukan dalam bahan arsip yang diperiksa bukti perubahan pengendali atau masuknya bisnis privat.,
5OQ,TEHO INTERNATIONAL INC LTD.,17,2026-02-12,2026-08-25,tidak_ada_petunjuk,0,0,tidak_ada_petunjuk,"TEHO membubarkan anak usaha dorman dan perubahan kepemilikan Lin Yusheng serta pihak lain merupakan perpindahan ke rekening nominee, bukan penambahan jumlah saham atau pengambilalihan. Tidak ditemukan perubahan pengendali pada bahan yang diperiksa.",https://links.sgx.com/1.0.0/corporate-announcements/ADLK5ZZWLVG6CTJC/874997_260212%20TEHO%20-%20FY2026%20CR706A%20Announcement.pdf
5OR,HEATEC JIETONG HOLDINGS LTD.,31,2026-03-01,2026-08-14,tidak_ada_petunjuk,0,0,tidak_ada_petunjuk,Laporan tahunan dan penghentian pelaporan kuartalan dibuka karena tag otomatis. Tidak ditemukan transaksi perubahan kepemilikan atau pengendali penerbit dalam bahan yang diperiksa.,
5OX,MARY CHIA HOLDINGS LIMITED,62,2026-02-06,2026-09-11,pantau,2,2,pantau,"Penerbitan saham langganan, pengalihan saham anak usaha Hong Kong, perubahan kepentingan pemegang saham besar, dan perubahan pengurus telah dibuka. Bahan yang diperiksa belum membuktikan perpindahan kendali atau masuknya bisnis baru.",
5PC,GOODLAND GROUP LIMITED,67,2026-01-12,2026-09-16,pantau,1,1,pantau,"Penjualan 3 Kim Chuan Lane masih eksplorasi tanpa perjanjian mengikat. Seluruh perubahan kepentingan pemegang saham yang dipicu diperiksa dan berkaitan dengan buyback serta kepemilikan deemed, bukan perubahan kendali baru.",
5PD,HENGYANG PETROCHEMICAL LOGISTICS LIMITED,25,2026-02-05,2026-08-14,tidak_ada_petunjuk,0,0,tidak_ada_petunjuk,"Seluruh judul, termasuk dokumen tanpa kode yang ditautkan, telah ditinjau. Pengumuman berisi hasil keuangan, perpanjangan tenggat, rapat, dan alamat; tidak ditemukan transaksi pengendalian atau perantara pada bahan yang diperiksa.",
5PF,JASON MARINE GROUP LIMITED,30,2026-01-05,2026-08-26,tidak_ada_petunjuk,0,0,tidak_ada_petunjuk,"Hasil tahunan, laporan tahunan, rapat, dan tambahan tanpa kode tentang modal anak usaha Indonesia telah dibuka. Suntikan modal berasal dari grup milik penuh dan tidak menjadi pengambilalihan atau perubahan kendali penerbit.",
5PO,HIAP TONG CORPORATION LTD.,19,2026-05-26,2026-08-24,tidak_ada_petunjuk,0,0,tidak_ada_petunjuk,"Pengumuman yang tersedia, termasuk laporan tahunan dan rapat, telah dibuka. Tidak ditemukan transaksi perubahan pengendali penerbit, pembiayaan yang mengubah kendali, atau injeksi bisnis baru dalam bahan yang diperiksa.",
5QY,NET PACIFIC HOLDINGS LIMITED,10,2026-02-13,2026-08-31,tidak_ada_petunjuk,0,0,tidak_ada_petunjuk,"Tiga hasil keuangan terpicu telah diperiksa berikut lampiran utamanya. Laporan menunjukkan operasi/rugi dan posisi aset-liabilitas Net Pacific, tetapi tidak mengungkap penerbitan saham, pembelian/penjualan kendali, pendanaan perantara, atau perubahan bisnis utama dalam bahan yang diperiksa.",
5RA,ASIA-PACIFIC STRATEGIC INVESTMENTS LIMITED,38,2026-02-04,2026-09-15,pantau,2,3,emiten_tersuspensi_investor_baru_dan_pinjaman_konversi,"Asia-Pacific Strategic Investments tersuspensi sejak September 2025 karena masalah kelangsungan usaha. Times & Fun, milik tunggal Zhao Lixia, menaruh S$2 juta sebagai deposito niat baik pada 5 Agustus dan kemudian mengubahnya menjadi pinjaman konversi S$2 juta yang sudah dicairkan. Konversi indikatif memberi 9,25%; perjanjian membatasi kepemilikan bersama pihak terkait sampai 29% tanpa pengecualian penawaran wajib. Perusahaan menyerahkan proposal kelanjutan perdagangan pada 15 September, tetapi belum ada persetujuan atau konversi.",https://links.sgx.com/1.0.0/corporate-announcements/DY7XN4RTS76VD6HW/888498_APSIL%20-%20Update%20on%20the%20MOU.pdf
5RC,ES GROUP (HOLDINGS) LIMITED,42,2026-01-30,2026-08-13,transaksi_selesai,1,1,transaksi_selesai,"Dokumen transaksi yang diperiksa adalah pelepasan kapal ES Aspire dan ES Jewel, bukan penjualan pengendali ES Group. Kedua pemberitahuan lanjutan menyatakan penyelesaian; tidak ditemukan petunjuk perubahan kendali penerbit dalam bahan yang diperiksa.",
5RE,ASIA VETS HOLDINGS LTD.,77,2026-02-24,2026-08-11,transaksi_selesai,2,4,dua_pengendali_baru_dan_pergantian_pimpinan_tanpa_aset_baru,"Zhang Haihua membeli saham Asia Vets dalam tiga tahap pada Maret hingga memegang 25,53%. Pada 7 Mei, Pan Wei membeli seluruh blok 28,55% milik pengendali lama seharga S$5,01 juta. Zhang dan Pan kemudian masuk dewan; Pan menjadi wakil pimpinan utama pada Juli dan dijadwalkan menggantikan Tan Tong Guan sebagai pimpinan utama pada 11 September 2026.",
5RF,MERCURIUS CAP INVESTMENT LTD,32,2026-01-15,2026-09-17,pantau,1,1,pantau,"Rangkaian pembaruan bulanan, tuntutan statuter, dan surat dari pengelola harta pailit menunjukkan tekanan keuangan. Bahan ini tidak membuktikan pembeli, pemindahan kendali, atau bisnis baru; pantau hanya untuk pengumuman restrukturisasi berikutnya.",
5SO,DUTY FREE INTERNATIONAL LIMITED,123,2026-01-13,2026-09-14,belum_cukup,0,0,belum_cukup,"Duty Free menerbitkan waran hak dan mengganti struktur pengurus serta CEO. Formulir perubahan pemegang saham substansial pada 3 Juni gagal menyediakan isi substantif dalam arsip, sehingga perubahan kepemilikan dan kendali tidak dapat dipastikan dari bahan yang diperiksa.",https://links.sgx.com/1.0.0/corporate-announcements/B25YX4YBRQZO6LYE/2d1cebbb6dbaa55e6de9554e1a1d63d87739ac03628eaccdd8f2d7d6170d402d
5SR,ZHONGMIN BAIHUI RETAIL GROUP LTD.,21,2026-01-30,2026-08-28,tidak_ada_petunjuk,0,0,tidak_ada_petunjuk,"Rapat luar biasa membahas mandat transaksi dengan pihak berkepentingan, sementara Liao Lili diangkat menjadi Deputy CEO tanpa saham atau hubungan dengan pemegang saham besar. Tidak ditemukan dalam bahan yang diperiksa perubahan kendali penerbit.",https://links.sgx.com/1.0.0/corporate-announcements/TACZVN3X6OGJNCWP/380454ff2173d980fbc0a03124ac896adcf3865ea0bfb93bd72106d86191bfe8
5SY,ONEAPEX LIMITED,26,2026-01-15,2026-09-11,pantau,1,1,pantau,"OneApex mengusulkan pengurangan modal dan pembagian tunai S$0,043 per saham dari modal berlebih, dengan persetujuan rapat pemegang saham. Jumlah saham tidak berubah; tidak ada bukti pengambilalihan atau pengendali baru.",https://links.sgx.com/1.0.0/corporate-announcements/UVFBPOTX4DFYILKP/897046_OAL%20-%20Proposed%20Capital%20Reduction%20and%20Cash%20Distribution.pdf
5TCB,CONSTELLATION OIL SERVICES HOLDING S.A.,4,2026-07-23,2026-07-31,tidak_ada_petunjuk,0,0,tidak_ada_petunjuk,"Dua dokumen adalah pemberitahuan pelunasan sebagian lalu sisa surat utang senior 2029, keduanya bergantung pada pendanaan baru. Tidak ditemukan perubahan pengendali atau transaksi bisnis penerbit.",
5TI,SDAI LIMITED,95,2026-01-12,2026-09-15,pantau,3,3,perubahan_usaha_dan_pinjaman_konversi_bersyarat,"SDAI yang tersuspensi menyetujui perluasan usaha ke bioteknologi, membentuk usaha patungan dengan Hubei Qiai, dan menerima pinjaman yang kelak dapat dibayar dengan saham setelah perdagangan pulih. Tidak ada konversi atau perubahan pengendali yang selesai. Kepala keuangan baru Tan Wei Chee pernah menjadi direktur PT Clearbridge Medical Indonesia dan masih tercatat pada PT Clearbridge Health Indonesia yang sedang dibubarkan.",https://links.sgx.com/1.0.0/corporate-announcements/IMQ3PIX424XCSXNF/871834_SDAI%20-%20JV%20Announcement.pdf
5TJ,FAR EAST GROUP LIMITED,23,2026-02-27,2026-08-24,transaksi_selesai,2,2,transaksi_selesai,"Far East membeli 7,05% ERM dari Fuco Rudyanto Chandra dan menaikkan kepemilikan ERM dari 84,25% menjadi 91,3%. Vendor terkait PT Aneka Citra Refrigeratama di Indonesia, tetapi transaksi ini adalah pembelian minoritas anak usaha yang sudah dikendalikan Far East, bukan perubahan kendali 5TJ.",https://links.sgx.com/1.0.0/corporate-announcements/XILHEVV2VZ0MIRSP/893535_260617%20Acquisition%20of%20Issued%20and%20Paid-Up%20Ordinary%20Shares%20in%20ERM_.pdf
5TP,CNMC GOLDMINE HOLDINGS LIMITED,87,2026-01-29,2026-09-04,tidak_ada_petunjuk,0,0,tidak_ada_petunjuk,"Dokumen utama menunjukkan perpindahan papan pencatatan dari Catalist ke Mainboard, bukan perpindahan pengendalian. Laporan dan pengungkapan kepemilikan yang diperiksa tidak membuktikan adanya pengambilalihan baru atas CNMC dalam bahan yang diperiksa.",https://links.sgx.com/1.0.0/corporate-announcements/CXDQV0CRCY7JPOSD/901799_Effective_Date_of_Transfer.pdf
5TT,KEONG HONG HOLDINGS LIMITED,37,2026-01-28,2026-08-24,pantau,1,1,pantau,Pengumuman Rule 706A mencatat transaksi anak usaha/aset dan terdapat perubahan pengurus serta kerja sama bisnis. Tidak ada bukti bahwa saham atau pengendali Keong Hong sendiri berpindah; transaksi bisnis bukan pengambilalihan penerbit.,
5U2B,NAN FUNG TREASURY (III) LIMITED,3,2026-07-17,2026-07-17,tidak_ada_petunjuk,0,0,tidak_ada_petunjuk,"Arsip hanya memuat laporan tahunan entitas perbendaharaan Nan Fung. Tidak ditemukan pada bahan yang diperiksa transaksi saham penerbit, pembeli/penjual pengendalian, atau injeksi bisnis.",
5U4B,THE EXPORT-IMPORT BANK OF KOREA,1,2026-06-05,2026-06-05,tidak_ada_petunjuk,0,0,tidak_ada_petunjuk,"Satu dokumen adalah konfirmasi pencatatan surat utang HKD4 miliar; tidak ditemukan transaksi saham, bisnis, atau kendali penerbit dalam bahan yang diperiksa.",
5UA,5UA · LUMINOR FINANCIAL HOLDINGS LIMITED,106,2026-01-13,2026-09-11,pantau,3,4,pengendali_lama_menyerap_shortfall_dan_setoff_utang_selesai,"Luminor menyelesaikan penerbitan hak satu banding satu. Kwan Chee Seng mengambil 151.244.697 saham, termasuk 104.843.358 saham sisa, dan menyelesaikan S$7,5 juta pinjaman pemegang saham melalui set-off. Kepentingannya naik dari 29,73% menjadi 60,03%.",
5UF,ASPIAL LIFESTYLE LIMITED,227,2026-02-24,2026-09-18,transaksi_selesai,2,2,transaksi_selesai,"ACL menjual 10 juta saham untuk memenuhi sebaran publik sebelum pindah ke Mainboard, tetapi tetap pengendali. Penerbit juga melaporkan penerbitan notes, pendanaan ekuitas, transaksi anak usaha, dan akuisisi tiga perusahaan Malaysia yang selesai melalui anak usaha; tidak ada bukti perubahan kendali 5UF.",https://links.sgx.com/1.0.0/corporate-announcements/OTI76GI874A352KD/878258_ALL_Completion%20of%20Sale%20of%20Shares_Final.pdf
5UL,ATLANTIC NAVIGATION HOLDINGS (SINGAPORE) LIMITED,33,2026-02-27,2026-09-10,transaksi_selesai,3,1,pengendali_lama_menambah_saham,"Saeed Investment menaikkan saham Atlantic Navigation dari 50,22% menjadi 75,05%. Saeed sudah menjadi pengendali sejak 2018 dan tidak ada perubahan bisnis.",https://links.sgx.com/1.0.0/corporate-announcements/315RR2UR9ND1FFKL/877468_Media%20Release%20-%20Sale%20of%20shares%20to%20Saeed%20Investments%203%20March%202026.pdf
5UX,OXLEY HOLDINGS LIMITED,110,2026-02-13,2026-09-18,tidak_ada_petunjuk,1,1,tidak_ada_petunjuk,"Lampiran hasil keuangan, penjualan 30% kepentingan hotel, likuidasi Posh Properties, dan pencoretan dua usaha patungan telah diperiksa. Ini transaksi aset/anak usaha, tanpa bukti perubahan pengendali Oxley atau pendanaan perantara untuk mengambil alihnya.",
5VC,KORI HOLDINGS LIMITED,18,2026-02-27,2026-08-14,belum_cukup,0,0,belum_cukup,Laporan tahunan yang dibuka menggambarkan Kori sebagai kontraktor pekerjaan baja struktur dan terowongan. Tidak ada transaksi pengendalian dalam bagian yang diperiksa; dokumen arbitrase proyek dan dokumen setelah laporan tetap perlu diuji sebelum hasil negatif.,
5VI,BOLDTEK HOLDINGS LIMITED,16,2026-01-30,2026-08-31,tidak_ada_petunjuk,0,0,tidak_ada_petunjuk,Semua pengumuman adalah pembaruan bulanan likuidasi wajib. Pembaruan Januari dan Agustus sama-sama menyatakan tidak ada perkembangan material; tidak ditemukan pada bahan yang diperiksa transaksi atau calon pengambilalihan.,https://links.sgx.com/1.0.0/corporate-announcements/K3HWB5EV35ISFQPU/902947_20260831%20-%20MONTHLY%20UPDATE.pdf
5VJ,HALCYON AGRI CORPORATION LIMITED,42,2026-01-15,2026-08-13,pantau,1,1,pantau,"Pengumuman transaksi yang diperiksa adalah perubahan pada aset/anak usaha menurut aturan bursa, bukan bukti pembelian atau penjualan pengendalian Halcyon Agri. Perubahan pengurus dan hasil berikutnya tidak membuktikan rangkaian pengambilalihan pada arsip ini.",
5VP,GDS GLOBAL LIMITED,69,2026-01-02,2026-08-17,transaksi_selesai,2,2,transaksi_selesai,"GDS menyelesaikan akuisisi 100% Asiabuild Metal Engineering dan Integrated Aluminium pada 8 Juni 2026 serta menerbitkan saham imbalan dan saham pembelian utang. Formulir pemegang saham substansial setelah penerbitan saham juga telah diperiksa; transaksi ini mengubah kepemilikan pada GDS, tetapi bahan yang diperiksa tidak membuktikan pengambilalihan kendali atas GDS.",https://links.sgx.com/1.0.0/corporate-announcements/PS9DMIE3SY7KOISB/888722_GDS_VSA%20Circular%20Lodgment_LQN.pdf
5VS,HAFARY HOLDINGS LIMITED,26,2026-02-06,2026-08-14,transaksi_selesai,1,1,transaksi_selesai,"Fakta: anak usaha penuh Hafary membeli tambahan 16,7% Hafary Myanmar Investment Pte. Ltd. pada 9 April 2026, sehingga kepentingan efektif menjadi 50%; badan itu tetap usaha patungan. Tidak ada bukti perubahan pengendali Hafary Holdings.",https://links.sgx.com/1.0.0/corporate-announcements/N8LC0NYVF59RKKX9/901238_HHL%20-%20706A%20annc.pdf
5WA,OUE HEALTHCARE LIMITED,48,2026-02-12,2026-08-26,prioritas,5,1,privatisasi_pengendali_lama,"Treasure International Holdings, anak usaha OUE yang sudah memegang sekitar 89,68% OUE Healthcare, mengusulkan membeli seluruh saham publik melalui skema dan menghapus pencatatan. Sampai 26 Agustus transaksi belum selesai. Ini privatisasi oleh pengendali lama, bukan pintu masuk sponsor atau bisnis baru.",https://links.sgx.com/1.0.0/corporate-announcements/P02UITMXH8IJNMMI/902025_Joint%20Scheme%20Announcement.pdf
5WF,ISOTEAM LTD.,67,2026-01-02,2026-09-08,tidak_ada_petunjuk,0,0,tidak_ada_petunjuk,"ISOTeam menerima dan menjalankan opsi membeli properti 68 Loyang Way seharga S$5,688 juta dari pihak ketiga independen; penyelesaiannya masih bersyarat pada persetujuan JTC dan pihak lain. Dokumen lain mencakup saham penghargaan karyawan dan pembiayaan surat utang jangka pendek; tidak ada bukti perubahan pengendali atau injeksi bisnis baru pada bahan yang diperiksa.",
5WG,SINGAPORE KITCHEN EQUIPMENT LIMITED,53,2026-01-30,2026-09-09,pantau,1,1,pantau,"SKE menarik usul pemulihan perdagangan yang telah diajukan pada April 2026, lalu masih menyatakan tidak ada perkembangan material. Usul penjualan properti oleh anak usaha adalah transaksi aset dengan pembeli pihak ketiga; tidak ada bukti perpindahan pengendalian SKE pada bahan diperiksa.",https://links.sgx.com/1.0.0/corporate-announcements/MPDQYL31QFW4LXSP/885837_SKE%20RTP%20EOT%20Monthly%20Update%20-%20April%202026.pdf
5WH,REX INTERNATIONAL HOLDING LIMITED,181,2026-01-09,2026-09-15,transaksi_selesai,3,1,pelepasan_bisnis_ke_emiten_swedia,Rex memisahkan bisnis drone melalui pengambilalihan balik pada emiten Swedia Xer. Penerbit SGX Rex tidak diambil alih.,https://links.sgx.com/1.0.0/corporate-announcements/0KYFK0MLZVZRKOJ3/873424_20260128_RIH_Announcement_XerRTO_Completion_Final.pdf
5WJ,MONEYMAX FINANCIAL SERVICES LTD.,201,2026-01-14,2026-09-14,tidak_ada_petunjuk,1,1,tidak_ada_petunjuk,"Dokumen terpicu dan lampirannya telah diperiksa. MoneyMax menyelesaikan penempatan 53 juta saham untuk free float dan modal kerja; pembaruan kepemilikan yang diperiksa mencatat perubahan kepentingan pemegang saham lama, sedangkan transaksi aset adalah pendirian/pendanaan atau langganan anak usaha. Tidak ada dokumen yang membuktikan pengambilalihan atau perubahan pengendali penerbit.",
5WV,ASIAPHOS LIMITED,46,2026-01-09,2026-09-10,pantau,2,3,calon_pivot_pusat_data_tahap_tidak_mengikat,"AsiaPhos menandatangani kerja sama tidak mengikat dengan China Mobile International untuk peluang pusat data dan komputasi di Indonesia, Malaysia, dan Singapura, lalu term sheet tidak mengikat untuk membeli 51% DC Alliance di Australia. Belum ada perjanjian final, saham pembayaran, atau perubahan pengendali.",https://links.sgx.com/1.0.0/corporate-announcements/RQXNC70SXQ3AEM0T/874603_AsiaPhos%20-%20Entry%20into%20Letter%20of%20Intent%20with%20China%20Mobile%20International%20Limited.pdf
5YRB,UNITED MICROELECTRONICS CORPORATION,8,2026-03-11,2026-07-08,tidak_ada_petunjuk,0,0,tidak_ada_petunjuk,"Dokumen hanya terkait periode tertutup, pertukaran, dan penebusan obligasi tukar. Tidak ditemukan perubahan pengendali atau transaksi bisnis penerbit pada bahan yang diperiksa.",
5Z3B,KOREA NATIONAL OIL CORPORATION,4,2026-02-06,2026-05-20,tidak_ada_petunjuk,0,0,tidak_ada_petunjuk,Dua pengumuman hanya pembayaran kupon surat utang Korea National Oil Corporation. Tidak ditemukan petunjuk perubahan pengendali atau transaksi usaha penerbit dalam bahan yang diperiksa.,https://links.sgx.com/1.0.0/corporate-announcements/56OCYRULJBV1KFO0/889477_KNOC%2030%20March%202026%20SGX%20Announcement%20Interest%20Payment.pdf
5ZVB,F&N TREASURY PTE. LTD.,2,2026-06-16,2026-06-16,tidak_ada_petunjuk,0,0,tidak_ada_petunjuk,Dua dokumen merupakan pelunasan pada jatuh tempo dan pembatalan surat utang S$100 juta. Tidak ditemukan transaksi bisnis atau perubahan pengendali pada bahan yang diperiksa.,
67IB,ADANI PORTS AND SPECIAL ECONOMIC ZONE LIMITED,2,2026-01-10,2026-01-10,tidak_ada_petunjuk,0,0,tidak_ada_petunjuk,"Dua judul yang diperiksa merupakan pemberitahuan teknis efek utang. Tidak ditemukan pengumuman perubahan pengendali, penjualan/pembelian saham, atau perubahan usaha pada bahan yang diperiksa.",
6AZB,ASTREA VI PTE. LTD.,5,2026-03-03,2026-03-18,tidak_ada_petunjuk,0,0,tidak_ada_petunjuk,"Arsip berisi pembayaran kupon dan penebusan penuh obligasi Kelas A-1. Tidak ditemukan transaksi saham, bisnis, atau pengendalian penerbit pada bahan yang diperiksa.",
6C4B,RKP OVERSEAS FINANCE 2016 (A) LIMITED,52,2026-01-19,2026-09-09,pantau,2,2,pantau,"Penerbit surat utang mengedarkan laporan Road King Infrastructure sebagai penjamin. Laporan interim menyebut penangguhan pembayaran, tindakan kreditur, dan perjanjian dukungan restrukturisasi; ini risiko pembiayaan penjamin, tetapi belum menjadi bukti pindah kendali atas penerbit SGX.",https://links.sgx.com/1.0.0/corporate-announcements/F06UMHNENVDECFMX/903794_SGX%20Announcement_20260909.pdf
6C9B,FRASERS PROPERTY TREASURY PTE. LTD.,9,2026-08-30,2026-09-18,tidak_ada_petunjuk,0,0,tidak_ada_petunjuk,"Rangkaian yang diperiksa adalah penawaran tender dan penerbitan ulang surat utang, bukan transaksi saham atau bisnis penerbit. Tidak ditemukan petunjuk perubahan kendali dalam bahan yang diperiksa.",https://links.sgx.com/1.0.0/corporate-announcements/HK723C4IEX4VGV0P/904574_Announcement.pdf
6IZB,THE KOREA DEVELOPMENT BANK,1,2026-08-05,2026-08-05,tidak_ada_petunjuk,0,0,tidak_ada_petunjuk,Satu dokumen adalah pencatatan obligasi USD50 juta milik Korea Development Bank. Tidak ada transaksi atas saham penerbit atau perubahan kendali pada bahan diperiksa.,
6JZB,DBS BANK LTD.,3,2026-02-25,2026-08-14,tidak_ada_petunjuk,0,0,tidak_ada_petunjuk,"Tiga pengumuman adalah pembayaran kupon obligasi DBS EUR100 juta yang jatuh tempo November 2026. Tidak ada transaksi saham, bisnis, atau pengendalian penerbit.",
6W3B,HPCL-MITTAL ENERGY LIMITED,3,2026-03-13,2026-03-16,tidak_ada_petunjuk,0,0,tidak_ada_petunjuk,"Seluruh pengumuman adalah pemberitahuan pelunasan dipercepat notes. Tidak ditemukan transaksi saham, bisnis, atau perubahan kendali penerbit dalam bahan yang diperiksa.",
71RB,HOUSING AND DEVELOPMENT BOARD,2,2026-05-04,2026-05-04,tidak_ada_petunjuk,0,0,tidak_ada_petunjuk,Arsip hanya memuat pengumuman instrumen utang Housing and Development Board. Tidak ditemukan transaksi yang mengubah kendali atau bisnis penerbit pada bahan yang diperiksa.,
71TB,LOGAN GROUP COMPANY LIMITED,2,2026-05-21,2026-05-21,transaksi_selesai,1,1,transaksi_selesai,"Pemegang efek perpetual menyetujui perubahan syarat secara tertulis pada 2 Desember 2025. Ini restrukturisasi kewajiban efek, bukan bukti perubahan pengendali Logan Group.",https://links.sgx.com/1.0.0/corporate-announcements/GJT58J8WWSAP65LD/889793_SGX%20-%20Post%20Completion%20Announcement.pdf
75AB,PERPETUAL (ASIA) LIMITED (IN ITS CAPACITY AS TRUSTEE OF LANDMARK REIT),7,2026-08-04,2026-09-02,tidak_ada_petunjuk,0,0,tidak_ada_petunjuk,"Rangkaian yang diperiksa adalah permohonan persetujuan pemegang perpetual securities dan hasil rapatnya. Tidak ditemukan transaksi saham/unit, perubahan kendali, atau injeksi bisnis pada penerbit dalam arsip.",
75RB,RKI OVERSEAS FINANCE 2017 (A) LIMITED,52,2026-01-19,2026-09-09,belum_cukup,1,1,belum_cukup,"Pengumuman penjamin Road King dan seluruh pembaruan bersama/permohonan persetujuan yang teridentifikasi telah diperiksa. Arsip mencatat proses restrukturisasi surat utang, tetapi tidak menyediakan dasar bukti yang cukup untuk menyimpulkan perubahan kendali penerbit atau status akhir seluruh restrukturisasi.",
76XB,HINDUSTAN PETROLEUM CORPORATION LIMITED,6,2026-01-21,2026-07-22,tidak_ada_petunjuk,0,0,tidak_ada_petunjuk,"Tiga pengumuman yang tersedia adalah hasil keuangan kuartalan. Tidak ditemukan transaksi saham, perubahan pengendali, atau perubahan bisnis penerbit dalam bahan yang diperiksa.",
7H3B,HSBC USA INC.,6,2026-02-25,2026-08-04,tidak_ada_petunjuk,0,0,tidak_ada_petunjuk,"Laporan tahunan dan triwulanan HSBC USA Inc. yang memicu pemeriksaan telah dibuka bersama halaman pengumumannya. Tidak ditemukan pengumuman transaksi saham, pengalihan bisnis, atau perubahan kendali dalam bahan yang diperiksa.",
7J2B,WING TAI PROPERTIES (FINANCE) LIMITED,62,2026-01-02,2026-09-16,tidak_ada_petunjuk,0,0,tidak_ada_petunjuk,Lampiran transaksi dan laporan tahunan telah diperiksa. Rangkaian transaksi adalah pelepasan properti London dan perjanjian operasi berulang; tidak ditemukan perubahan pemegang kendali penerbit pada bahan yang diperiksa.,
81XB,"CYDSA, S.A.B. DE C.V.",4,2026-06-23,2026-08-28,tidak_ada_petunjuk,0,0,tidak_ada_petunjuk,Dua pemberitahuan berkaitan dengan penebusan sebagian lalu seluruh surat utang Cydsa. Tidak ada bukti transaksi saham atau perubahan pengendalian penerbit pada bahan yang diperiksa.,https://links.sgx.com/1.0.0/corporate-announcements/HY9FNC869H5CX8NZ/902909_CertificateNoticERedemptionAug2026.pdf
81YB,"CYDSA, S.A.B. DE C.V.",4,2026-06-23,2026-08-28,tidak_ada_petunjuk,0,0,tidak_ada_petunjuk,Arsip memuat dua pemberitahuan pelunasan sebagian obligasi melalui opsi panggil. Tidak ditemukan bukti transaksi kendali atau perubahan usaha penerbit.,
82ZB,GTL INFRASTRUCTURE LIMITED,14,2026-02-03,2026-08-06,pantau,1,1,pantau,"GTL mengalokasikan 299.637 saham setelah konversi obligasi konversi berbunga Seri B2 sebesar US$46.000. Arsip juga mencatat satu pengunduran diri dan pengangkatan direksi, tetapi tidak menyebut pembeli saham, perubahan pemegang saham pengendali, atau pengambilalihan.",https://links.sgx.com/1.0.0/corporate-announcements/1WAT4BJOBKA5GOCL/b485075062493a87815070c29dac3f9a8ae49630ed080d80538e9728626efc49
83GB,HOUSING AND DEVELOPMENT BOARD,2,2026-04-09,2026-04-09,tidak_ada_petunjuk,0,0,tidak_ada_petunjuk,Kedua dokumen adalah pemberitahuan pembayaran kupon obligasi HDB. Tidak ditemukan petunjuk transaksi pengendalian.,
85DB,TELSTRA GROUP LIMITED,32,2026-02-18,2026-09-09,tidak_ada_petunjuk,0,0,tidak_ada_petunjuk,"Dokumen pendanaan adalah pembaruan rutin program utang Telstra, bukan penerbitan tertentu. Hasil dan bahan pengarahan yang ditandai isi telah dibuka; tidak ditemukan perubahan pengendali pada bahan yang diperiksa.",https://links.sgx.com/1.0.0/corporate-announcements/OFGXJ9BTQX1TZ1AZ/901546_SGX26_11%20DIP%20Update%202026_180826.pdf
85GB,TORCHMARK CORPORATION,29,2026-01-16,2026-08-07,tidak_ada_petunjuk,0,0,tidak_ada_petunjuk,"Pengumuman terdiri dari hasil Globe Life, laporan regulator Amerika Serikat, perubahan fasilitas kredit, dan keluarnya seorang anggota direksi. Tidak ditemukan dalam bahan yang diperiksa perubahan kendali atau perpindahan bisnis penerbit.",
8A1,HEPTAMAX INTERNATIONAL LIMITED,40,2026-01-19,2026-08-12,transaksi_selesai,1,4,pembelian_kendaraan_pemegang_saham_dan_pivot_otomasi_tanpa_injeksi_aset,"Goh Kui Lian sudah memegang 18,22% Heptamax, lalu pada 15 Januari membeli seluruh Eagleston Resources yang memegang 6,51%, sehingga kepentingannya menjadi 24,73%. Empat hari kemudian ia menjadi ketua; pada hari yang sama Heptamax menyelesaikan penjualan seluruh 50,1% Prisma Technologies seharga S$5. Goh menjadi ketua eksekutif pada Juni ketika bisnis otomasi dan robotika diperluas.",
8A8,CHINA MEDICAL SYSTEM HOLDINGS LIMITED,107,2026-01-30,2026-09-14,tidak_ada_petunjuk,0,0,tidak_ada_petunjuk,"Pengumuman yang ditandai mencakup laporan, tata kelola dan pengangkatan direktur independen. Tidak ditemukan transaksi saham, pembiayaan pengambilalihan, atau perubahan pengendali dalam bahan yang diperiksa.",
8AZ,AZTECH GLOBAL LTD.,59,2026-01-12,2026-09-11,tidak_ada_petunjuk,1,1,tidak_ada_petunjuk,Sale-and-leaseback properti anak usaha dan perubahan kepentingan pemegang saham telah diperiksa. Tidak ditemukan bukti perubahan pengendali Aztech dalam bahan yang diperiksa.,
8C8U,CENTURION ASSET MANAGEMENT PTE. LTD.,163,2026-01-07,2026-09-02,transaksi_selesai,1,1,transaksi_selesai,"Manajer REIT mengumumkan akuisisi Epiisod Macquarie Park telah selesai setelah practical completion. Ini adalah akuisisi properti oleh REIT, didanai utang yang telah berkomitmen, bukan bukti perubahan kendali manajer atau REIT.",https://links.sgx.com/1.0.0/corporate-announcements/V32150NXGOVT8ZFJ/871905_20260113%20CAREIT%20-%20Mac%20Park%20Completion%20Announcement.pdf
8E8W,UBS AG,4,2026-05-29,2026-06-30,tidak_ada_petunjuk,0,0,tidak_ada_petunjuk,"Dokumen pertama dan terakhir mengonfirmasi berakhirnya sertifikat short HSI 7x pada 30 Juni 2026 serta nilai penyelesaian tunai S$0,005389. Tidak berkaitan dengan perubahan pengendalian UBS atau bisnis penerbit.",
8EQB,FRASERS PROPERTY TREASURY PTE. LTD.,2,2026-01-19,2026-01-19,tidak_ada_petunjuk,0,0,tidak_ada_petunjuk,Dokumen mencatat penebusan dan pembatalan sekuritas perpetual S$300 juta. Tidak ada perubahan pengendali atau arah usaha yang diungkapkan.,
8FXB,HOUSING AND DEVELOPMENT BOARD,4,2026-01-05,2026-07-03,tidak_ada_petunjuk,0,0,tidak_ada_petunjuk,"Dua pengumuman adalah pembayaran kupon notes HDB Seri 078. Tidak ditemukan transaksi yang menyentuh saham, bisnis, atau kendali penerbit dalam bahan yang diperiksa.",
8H7B,BAYFRONT INFRASTRUCTURE CAPITAL IV PTE. LTD.,4,2026-04-13,2026-09-09,tidak_ada_petunjuk,0,0,tidak_ada_petunjuk,"Dokumen pemicu adalah laporan tanggal pembayaran kupon efek utang. Tidak ditemukan transaksi saham, perubahan pengendali, atau perubahan bisnis penerbit dalam bahan yang diperiksa.",
8K6B,"THE DAI-ICHI LIFE INSURANCE COMPANY, LIMITED",1,2026-03-27,2026-03-27,belum_cukup,0,0,belum_cukup,"Arsip hanya memuat pengumuman wajib perubahan nama penerbit. Judul saja tidak cukup untuk menentukan alasan, identitas penerus, atau perubahan kendali.",
8K7,UG HEALTHCARE CORPORATION LIMITED,12,2026-01-28,2026-08-26,tidak_ada_petunjuk,0,0,tidak_ada_petunjuk,"Seluruh judul yang diperiksa, termasuk dua dokumen tanpa kode tentang pindah alamat kantor terdaftar, berupa hasil keuangan atau administrasi. Tidak ditemukan pengumuman transaksi saham, utang, bisnis, pendanaan, atau pengendalian dalam bahan diperiksa.",
8M8B,MITAC HOLDINGS CORPORATION,5,2026-06-02,2026-09-15,tidak_ada_petunjuk,0,0,tidak_ada_petunjuk,"Dokumen yang terpicu adalah pencatatan obligasi konversi US$330 juta. Tidak ada dokumen dalam bahan ini yang menunjukkan pembeli, penjual, atau perubahan pengendali penerbit.",https://links.sgx.com/1.0.0/corporate-announcements/2QPFB3ZDKBZCC0C1/97b48679455bb131b734a6172da636420baf0e863d7c8ade9a21792e644c430c
8NFB,LAND TRANSPORT AUTHORITY,4,2026-02-23,2026-08-24,tidak_ada_petunjuk,0,0,tidak_ada_petunjuk,Arsip hanya berisi dua pengumuman pembayaran kupon. Tidak ditemukan transaksi bisnis atau perubahan pengendali pada bahan yang diperiksa.,
8NGB,LAND TRANSPORT AUTHORITY,4,2026-02-23,2026-08-24,tidak_ada_petunjuk,0,0,tidak_ada_petunjuk,"Dokumen primer hanya menetapkan pembayaran bunga surat utang seri 6; tidak memuat transaksi saham, bisnis, atau pengendalian. Kesimpulan negatif terbatas pada arsip yang diperiksa.",https://links.sgx.com/1.0.0/corporate-announcements/H96O863AKZIRALHM/875584_lta%20s6.pdf
8NPB,HDFC BANK LIMITED,113,2026-01-05,2026-09-12,belum_cukup,0,0,belum_cukup,"Lampiran yang dibuka menunjukkan rencana investasi hingga Rs.1.000 crore pada penerbitan saham preferensial HDFC Life, yang telah disebut sebagai anak usaha HDFC Bank dan masih bergantung persetujuan RBI. Lampiran pemicu lain belum ditelaah lengkap; karena itu tidak diberi hasil negatif menyeluruh.",https://links.sgx.com/1.0.0/corporate-announcements/8N8PXP5T4GAQSFH5/884448_SGX%20Foreign%20SE%20intimation.pdf
8NTB,PACIFIC NATIONAL FINANCE PTY LTD,8,2026-02-26,2026-08-28,tidak_ada_petunjuk,0,0,tidak_ada_petunjuk,"Laporan keuangan, penghentian pemeringkatan, dan laporan keberlanjutan yang dibuka tidak menunjukkan transaksi pengendalian atau bisnis penerbit.",
8O2B,STUDIO CITY COMPANY LIMITED,2,2026-05-06,2026-05-06,belum_cukup,1,1,belum_cukup,"Penerbit mengumumkan pelunasan awal bersyarat atas notes 2027, bergantung pada penutupan penerbitan notes baru. Arsip tidak memuat pengumuman kemudian yang memastikan syarat pendanaan atau pelunasan terlaksana.",https://links.sgx.com/1.0.0/corporate-announcements/FSKZJ94FVKMJYBR0/887856_SCC%20-%20Conditional%20Notice%20of%20Redemption.pdf
8QVB,EZION HOLDINGS LIMITED,2,2026-02-13,2026-02-13,tidak_ada_petunjuk,0,0,tidak_ada_petunjuk,"Arsip hanya memuat pemberitahuan dividen. Tidak ditemukan transaksi kepemilikan, utang, bisnis, atau pengendalian dalam bahan yang diperiksa.",
8QWB,EZION HOLDINGS LIMITED,2,2026-02-13,2026-02-13,tidak_ada_petunjuk,0,0,tidak_ada_petunjuk,"Hanya terdapat pengumuman distribusi tunai wajib. Tidak ditemukan transaksi pengendalian, bisnis, atau pembiayaan perubahan modal pada bahan yang diperiksa.",
8QXB,EZION HOLDINGS LIMITED,2,2026-02-13,2026-02-13,tidak_ada_petunjuk,0,0,tidak_ada_petunjuk,"Arsip hanya memuat pengumuman dividen interim. Tidak ditemukan pada bahan yang diperiksa transaksi kendali, pendanaan, atau perubahan usaha.",
8RFB,CK HUTCHISON EUROPE FINANCE (18) LIMITED,24,2026-01-21,2026-08-13,tidak_ada_petunjuk,0,0,tidak_ada_petunjuk,"Hasil CK Hutchison yang dibuka mencatat Indosat Ooredoo Hutchison sebagai usaha patungan telekomunikasi grup di Indonesia. Pengumuman lain berkaitan dengan transaksi dan hasil grup, bukan perubahan pemegang instrumen utang CK Hutchison Europe Finance (18); tidak ditemukan bukti pengambilalihan atau perubahan kendali penerbit instrumen ini.",
8RTB,TRANSURBAN QUEENSLAND FINANCE PTY LIMITED,40,2026-02-18,2026-09-16,tidak_ada_petunjuk,0,0,tidak_ada_petunjuk,"Bahan yang diperiksa berisi informasi pembiayaan Transurban, pergantian direktur dan tur aset. Tidak ada bukti transaksi pengendalian penerbit.",
8U4B,THE BANK OF NOVA SCOTIA,1,2026-09-10,2026-09-10,tidak_ada_petunjuk,0,0,tidak_ada_petunjuk,"Dokumen yang dibuka hanya mengonfirmasi pencatatan surat utang US$30 juta. Tidak ditemukan transaksi saham, bisnis, atau pengendalian penerbit dalam bahan yang diperiksa.",
8U7U,IREIT GLOBAL GROUP PTE. LTD.,18,2026-02-26,2026-08-05,belum_cukup,0,0,belum_cukup,"Formulir 5 yang dibuka menunjukkan Tikehau Capital memindahkan langsung 50,5% saham pengelola ke Tikehau Investment Management, anak usaha milik penuhnya; kepemilikan manfaat Tikehau tetap 50,5%. Arsip yang diperiksa tidak cukup untuk menyimpulkan soal kendali unit dana secara menyeluruh.",
8XIB,HOUSING AND DEVELOPMENT BOARD,2,2026-05-12,2026-05-12,tidak_ada_petunjuk,0,0,tidak_ada_petunjuk,Pengumuman yang diperiksa adalah pembayaran kupon obligasi HDB; tidak ditemukan transaksi kepemilikan atau perubahan kendali dalam bahan yang diperiksa.,
8XKB,"SHINHAN CARD CO., LTD.",1,2026-06-24,2026-06-24,tidak_ada_petunjuk,0,0,tidak_ada_petunjuk,Satu pengumuman adalah konfirmasi pencatatan surat utang senior tanpa jaminan senilai US$400 juta. Tidak ditemukan transaksi atas saham atau pengendali penerbit pada bahan yang diperiksa.,
8YEB,DBS BANK LTD.,1,2026-01-26,2026-01-26,tidak_ada_petunjuk,0,0,tidak_ada_petunjuk,Satu dokumen adalah konfirmasi pencatatan obligasi tanpa kupon senilai US$30 juta. Tidak ada bukti transaksi pengendalian atau perubahan bisnis penerbit dalam bahan yang diperiksa.,
8YY,EMBRACING FUTURE HOLDINGS LIMITED,32,2026-01-06,2026-08-12,pantau,4,5,injeksi_bisnis_pengendali_bersyarat,"Zhu Hua sudah memegang 29,16% Embracing Future. Empat pembelian bersyarat, terutama bisnis iklan Beijing Weilai miliknya dan BJZHAT senilai S$68 juta yang dibayar dengan 1,046 miliar saham baru, dapat menaikkan kepentingan langsung dan tidak langsung Zhu menjadi sekitar 54,4% jika seluruh penerbitan terjadi. Beijing Weilai baru didirikan November 2025 dan belum punya rekam keuangan bermakna. Dewan dan bursa masih meminta penilaian independen; pengecualian penawaran wajib telah diberikan bersyarat, tetapi belum ada bukti pembelian atau penerbitan saham selesai hingga 19 September 2026.",https://links.sgx.com/1.0.0/corporate-announcements/SI0NTKN5LYK7CHF3/871653_EFHL%20Ann%20-%20Co%20Acquisitions%20and%20Allotment%20of%20Shares_4%20Acquisition.pdf
8YZ,YANGZIJIANG MARITIME DEVELOPMENT LTD.,55,2026-01-14,2026-09-18,tidak_ada_petunjuk,1,1,tidak_ada_petunjuk,"Dokumen asosiasi maritim, laporan tahunan, dan risalah rapat yang dibuka menunjukkan investasi/asosiasi dan tata kelola, bukan perubahan pengendali penerbit.",
8Z2B,HOUSING AND DEVELOPMENT BOARD,4,2026-02-16,2026-08-20,pantau,0,0,pantau,Empat judul dan dokumen yang dibuka berkaitan dengan instrumen utang penerbit. Tidak ada bukti perubahan kendali atas penerbit pada bahan yang diperiksa.,
91AB,HOUSING AND DEVELOPMENT BOARD,3,2026-01-21,2026-06-30,tidak_ada_petunjuk,0,0,tidak_ada_petunjuk,"Arsip berisi pencatatan surat utang dan pembayaran kupon Housing and Development Board. Tidak ada peristiwa saham, bisnis, atau kendali penerbit yang relevan pada bahan diperiksa.",
91DB,FIRST SPONSOR GROUP LIMITED,2,2026-06-18,2026-06-18,belum_cukup,0,0,belum_cukup,"Dua dokumen yang dibuka mencatat distribusi PCCS Seri 3 sebesar 4,85% per tahun, dibayar 7 Juli 2026. Bahan ini adalah pembayaran kupon dan tidak memberikan bukti transaksi perubahan kendali.",
92BB,AMAGGI LUXEMBOURG INTERNATIONAL S. A R.L.,2,2026-06-19,2026-06-19,tidak_ada_petunjuk,0,0,tidak_ada_petunjuk,Bahan hanya mencatat pembatalan sebagian obligasi Amaggi dan sisa pokoknya. Tidak ditemukan peralihan pengendalian atau transaksi bisnis penerbit SGX.,
936B,"WT MICROELECTRONICS CO., LTD.",1,2026-09-08,2026-09-08,tidak_ada_petunjuk,0,0,tidak_ada_petunjuk,"Konfirmasi SGX yang telah diperiksa hanya mencatat pencatatan obligasi konversi tanpa kupon US$500 juta mulai 9 September 2026. Pengumuman tidak mengungkap identitas pemegang, konversi, atau perubahan kendali WT Microelectronics.",
93MB,ERAJAYA DIGITAL PTE. LTD.,2,2026-04-23,2026-04-23,tidak_ada_petunjuk,0,0,tidak_ada_petunjuk,Dokumen memberi pemberitahuan pelunasan seluruh obligasi S$50 juta pada 25 Mei 2026. Tidak ditemukan transaksi bisnis atau perubahan pengendali penerbit.,
93TB,DBS BANK LTD.,1,2026-06-29,2026-06-29,tidak_ada_petunjuk,0,0,tidak_ada_petunjuk,Satu catatan adalah konfirmasi pencatatan covered bonds DBS. Tidak ditemukan transaksi pengendalian atau perubahan bisnis penerbit pada bahan yang diperiksa.,
93U,AMOVA ASSET MANAGEMENT ASIA LIMITED,48,2026-01-02,2026-09-18,tidak_ada_petunjuk,0,0,tidak_ada_petunjuk,"Arsip hampir seluruhnya berisi nilai aset bersih mingguan dana dan laporan dana. Perubahan pembuat pasar serta perubahan nama manajer yang disebut dalam laporan tidak membuktikan pembelian saham, pembiayaan, atau perubahan pengendalian penerbit/dana.",
94TB,SINGAPORE LIFE HOLDINGS PTE. LTD.,9,2026-01-05,2026-02-10,tidak_ada_petunjuk,0,0,tidak_ada_petunjuk,Pengumuman terkait penebusan penuh surat utang subordinasi S$550 juta dan berita operasional. Penebusan instrumen utang bukan transaksi perubahan pemegang saham atau kendali penerbit pada bahan diperiksa.,
95TB,DBS BANK LTD.,2,2026-03-24,2026-06-25,tidak_ada_petunjuk,0,0,tidak_ada_petunjuk,Bahan hanya memperlihatkan pencatatan surat utang DBS dan pembayaran kupon. Tidak ditemukan petunjuk perubahan kendali pada bahan yang diperiksa.,
967B,VEDANTA RESOURCES FINANCE II PLC,4,2026-07-30,2026-09-09,tidak_ada_petunjuk,0,0,tidak_ada_petunjuk,"Dua pengumuman adalah penebusan sebagian obligasi 2033, masing-masing bersyarat pada pembiayaan ulang. Tidak ada pengumuman penjualan saham, bisnis, atau perubahan pengendali penerbit dalam bahan yang diperiksa.",https://links.sgx.com/1.0.0/corporate-announcements/0YEI6CYMGKMLCRTC/903779_VRF%20II%20Conditional%20Redemption%20Notice%202033%2009Sep2026.pdf
96DW,DATAPULSE TECHNOLOGY LIMITED,3,2026-03-27,2026-03-27,belum_cukup,0,0,belum_cukup,"Satu-satunya peristiwa adalah perubahan kepentingan seorang direktur, tetapi lampiran utama yang dibuka tidak memuat isi formulir. Karena jumlah dan sifat transaksi tidak dapat diuji dari teks arsip, tidak diberikan hasil negatif.",
96KW,96KW · SG ISSUER,1,2026-03-25,2026-03-25,tidak_ada_petunjuk,0,0,tidak_ada_petunjuk,Dokumen hanya menjelaskan pembukaan kembali perdagangan produk leverage atas Meituan setelah mekanisme air bag; bukan transaksi perusahaan atau kendali.,
96LW,MACQUARIE BANK LIMITED,1,2026-03-13,2026-03-13,tidak_ada_petunjuk,0,0,tidak_ada_petunjuk,"Pencatatan produk waran Macquarie, bukan penerbitan ekuitas atau perubahan kendali.",
97PB,MALAYAN BANKING BERHAD,3,2026-01-08,2026-07-07,tidak_ada_petunjuk,0,0,tidak_ada_petunjuk,Ketiga judul adalah pengumuman pembayaran kupon. Tidak ditemukan transaksi bisnis atau perubahan pengendali pada bahan yang diperiksa.,
98EB,KOREA NATIONAL OIL CORPORATION,6,2026-02-06,2026-05-20,tidak_ada_petunjuk,0,0,tidak_ada_petunjuk,"Seluruh pengumuman adalah pembayaran bunga obligasi. Tidak ditemukan transaksi saham, bisnis, pendanaan pengambilalihan, atau perubahan pengendali pada bahan yang diperiksa.",
99DB,OVERSEA-CHINESE BANKING CORPORATION LIMITED,1,2026-05-26,2026-05-26,tidak_ada_petunjuk,0,0,tidak_ada_petunjuk,Satu dokumen adalah konfirmasi pencatatan Notes mengambang OCBC US$500 juta yang jatuh tempo 2029. Tidak ada transaksi pengendalian atau bisnis yang diungkapkan.,
9A4U,9A4U · ESR-REIT MANAGEMENT (S) LIMITED,105,2026-01-09,2026-09-10,transaksi_selesai,1,1,transaksi_selesai,ESR-REIT menyelesaikan penjualan aset non-inti dan akuisisi aset logistik Australia sebagai daur ulang portofolio. Dokumen menyatakan manajer tetap dimiliki ESR 99% dan Shanghai Summit 1%; tidak ada bukti perubahan kendali atas penerbit/unit trust.,https://links.sgx.com/1.0.0/corporate-announcements/02JR6EH91LU7VGST/903895_ESR-REIT%20-%20Completes%20Acquisition%20of%2018FC%20in%20Australia.pdf
9A5B,HOUSING AND DEVELOPMENT BOARD,2,2026-06-25,2026-06-25,tidak_ada_petunjuk,0,0,tidak_ada_petunjuk,"Kedua catatan terkait pembayaran kupon surat utang Housing and Development Board. Tidak ditemukan transaksi yang mengubah kepemilikan, kendali, atau usaha penerbit pada bahan diperiksa.",
9A8B,"SHINHAN FINANCIAL GROUP CO., LTD.",2,2026-04-23,2026-04-23,tidak_ada_petunjuk,0,0,tidak_ada_petunjuk,"Dua dokumen adalah pemberitahuan penebusan opsional notes subordinasi US$500 juta pada 12 Mei 2026, bersyarat persetujuan regulator Korea. Tidak ditemukan transaksi kendali atau bisnis penerbit dalam bahan yang diperiksa.",https://links.sgx.com/1.0.0/corporate-announcements/9B27YNJDV1TIEDVD/885265_SFG_Notice_of_Redemption__April_23rd_2026_.pdf
9AKB,SHINHAN BANK,1,2026-02-04,2026-02-04,tidak_ada_petunjuk,0,0,tidak_ada_petunjuk,Satu pengumuman adalah konfirmasi pencatatan surat utang CAD jatuh tempo Januari 2027. Tidak ada petunjuk transaksi kendali atau bisnis baru dalam bahan yang diperiksa.,
9BGB,KEB HANA BANK,1,2026-03-31,2026-03-31,tidak_ada_petunjuk,0,0,tidak_ada_petunjuk,Satu pengumuman hanya konfirmasi pencatatan notes berbunga mengambang. Tidak ditemukan transaksi pengendalian atau bisnis penerbit.,
9C1B,KWG GROUP HOLDINGS LIMITED,4,2026-03-06,2026-04-27,tidak_ada_petunjuk,0,0,tidak_ada_petunjuk,"Empat catatan dalam arsip adalah pemberitahuan rapat umum luar biasa dan tahunan. Tidak ada pengumuman transaksi saham, bisnis, pembiayaan, atau perubahan pengendali yang dapat diuji pada bahan ini.",
9CI,CAPITALAND INVESTMENT LIMITED,227,2026-01-05,2026-09-17,tidak_ada_petunjuk,1,1,tidak_ada_petunjuk,"Seluruh rangkaian transaksi yang terpicu telah diperiksa, termasuk investasi logistik APAC. Akuisisi/penjualan yang diungkap terjadi pada dana, REIT, atau anak usaha pengelola dan bukan pembelian atau penjualan saham yang mengubah kendali CapitaLand Investment.",
9DVB,"SHINHAN FINANCIAL GROUP CO., LTD.",2,2026-04-23,2026-04-23,tidak_ada_petunjuk,0,0,tidak_ada_petunjuk,Arsip yang diperiksa hanya memuat pemberitahuan pelunasan dini instrumen utang; tidak ditemukan petunjuk transaksi pengendalian atau injeksi bisnis.,
9E9W,ValueMax Group Limited,2,2026-08-17,2026-08-17,tidak_ada_petunjuk,0,0,tidak_ada_petunjuk,"Satu pengumuman yang tersedia adalah pemberitahuan pelaksanaan/berakhirnya waran secara sukarela. Tidak ditemukan transaksi kendali, bisnis, atau pembiayaan yang mengubah pengendali dalam bahan yang diperiksa.",
9ECB,UNITED OVERSEAS BANK LIMITED,1,2026-09-18,2026-09-18,tidak_ada_petunjuk,0,0,tidak_ada_petunjuk,Satu dokumen mengonfirmasi pencatatan obligasi callable tanpa kupon UOB US$50 juta jatuh tempo 2046. Tidak ada transaksi pengendali atau usaha yang diungkapkan dalam bahan yang diperiksa.,
9G2,SINGAPORE INSTITUTE OF ADVANCED MEDICINE HOLDINGS LTD.,108,2026-02-02,2026-08-29,pantau,3,3,pengendali_lama_menuju_mayoritas_bersyarat,"Singapore Institute of Advanced Medicine menyelesaikan penerbitan hak 492.597.856 saham beserta waran pada Juni 2026. Espeetex, bagian dari grup Berjaya yang sudah menjadi pengendali, masih merencanakan konversi utang S$23,38 juta menjadi 687.608.115 saham. Dokumen awal menghitung kepemilikan grup Berjaya sekitar 51,94% setelah penerbitan hak penuh dan konversi, sebelum kemungkinan penggunaan waran. Konversi memerlukan persetujuan dan pengecualian kewajiban penawaran; belum terbukti selesai.",https://links.sgx.com/1.0.0/corporate-announcements/6T1CB0OTTKHM7NXL/885170_260422%20SIAMH%20Annc%20-%20Update%20on%20Transactions%20-%20Final.pdf
9GCB,KOREA NATIONAL OIL CORPORATION,6,2026-02-06,2026-05-20,tidak_ada_petunjuk,0,0,tidak_ada_petunjuk,"Seluruh pengumuman adalah pembayaran bunga tiga seri surat utang KNOC. Tidak ada transaksi saham, bisnis, atau kendali penerbit dalam bahan yang diperiksa.",https://links.sgx.com/1.0.0/corporate-announcements/M6BDA7PPD1AZC7F8/874368_KNOC%2014%20August%202025%20SGX%20Announcement%20Interest%20Payment.pdf
9GTB,KOREA SMES AND STARTUPS AGENCY,1,2026-08-27,2026-08-27,tidak_ada_petunjuk,0,0,tidak_ada_petunjuk,Satu dokumen adalah konfirmasi pencatatan surat utang sosial US$400 juta. Tidak ditemukan transaksi bisnis atau perubahan pengendali pada bahan yang diperiksa.,
9HOB,VINPEARL JOINT STOCK COMPANY,16,2026-01-27,2026-05-20,transaksi_selesai,1,1,transaksi_selesai,"Rangkaian pengumuman mencatat pembelian kembali, pertukaran, pembatalan, lalu pelunasan penuh obligasi yang dapat ditukar. Ini penyelesaian kewajiban obligasi, bukan bukti perubahan pengendalian penerbit.",https://links.sgx.com/1.0.0/corporate-announcements/PE99W7S8BDYQN8LZ/889606_Vinpearl%20-%20SGX%20Announcement_EB%20Cancellation_20260520.pdf
9HUB,"DBS BANK LTD., AUSTRALIA BRANCH",3,2026-02-23,2026-08-19,tidak_ada_petunjuk,0,0,tidak_ada_petunjuk,"Seluruh judul adalah pembayaran kupon wajib. Tidak ditemukan transaksi saham, bisnis, pembiayaan pengambilalihan, atau perubahan pengendalian dalam bahan arsip yang diperiksa.",
9HXB,SAN MIGUEL GLOBAL POWER HOLDINGS CORP.,2,2026-01-21,2026-01-21,transaksi_selesai,0,0,transaksi_selesai,"Penerbit menebus seluruh perpetual securities US$600 juta pada 21 Januari 2026 lalu membatalkan dan menghapus pencatatannya. Ini pelunasan utang, bukan transaksi saham, bisnis, atau kendali penerbit.",https://links.sgx.com/1.0.0/corporate-announcements/EIW9EBKM8P8RUI3Y/872662_SMGP%20Confirmation%20of%20Redemption%20Notice_SGX_21%20Jan%202026.pdf
9I7,BROMAT HOLDINGS LTD.,91,2026-01-09,2026-08-27,transaksi_selesai,4,4,kendali_selesai_jejak_aset_awal,"Frank Liu Tao mengambil 365.742.469 saham Bromat, sekitar 80,69%, pada Mei 2026 melalui penyelesaian utang dan pembayaran tunai kepada Valiant. Enam hari setelah pengumuman perpindahan kendali, anak usaha Bromat menandatangani pembelian dua perusahaan Shanghai dorman milik Frank seharga 5 yuan untuk mengejar peluang bisnis China; pembelian kecil itu selesai pada 8 Juli. Ini jejak penyiapan kendaraan usaha sesudah pengendali baru masuk, bukan bukti aset material akan diinjeksi. Penempatan saham kepada investor China pada Agustus masih bersyarat dan disebut tidak mengubah kendali.",https://links.sgx.com/1.0.0/corporate-announcements/EKT82VWZ8ALMR5DB/890029_Offer%20Announcement_Frank%20Liu%20Tao%2022%20May%202026.pdf
9JCB,HOUSING AND DEVELOPMENT BOARD,2,2026-04-09,2026-04-09,tidak_ada_petunjuk,0,0,tidak_ada_petunjuk,"Dua judul arsip merupakan pengumuman instrumen penerbitan Housing and Development Board; tidak ada pemicu transaksi saham, usaha, atau pengendalian dalam bahan yang diperiksa.",
9JDB,9JDB · GLP PTE. LTD.,2,2026-05-18,2026-05-18,pantau,0,0,pantau,"Dokumen dalam arsip berkaitan dengan instrumen utang, pembayaran kupon, atau warrant; tidak ada rangkaian perubahan pengendali penerbit yang terlihat dalam bahan yang diperiksa.",
9L2W,SG ISSUER,2,2026-04-17,2026-08-05,tidak_ada_petunjuk,0,0,tidak_ada_petunjuk,"Dua judul hanya mengenai gangguan/pemulihan kewajiban pembuat pasar dan pemicu mekanisme air bag. Tidak ditemukan pengumuman transaksi saham, utang, bisnis, pendanaan, atau kendali pada bahan yang diperiksa.",
9LCB,TSETSENS MINING AND ENERGY LLC,1,2026-02-05,2026-02-05,tidak_ada_petunjuk,0,0,tidak_ada_petunjuk,Satu dokumen hanya mengonfirmasi pencatatan obligasi senior terjamin US$300 juta. Tidak ada pengumuman perubahan saham atau kendali penerbit dalam bahan yang diperiksa.,https://links.sgx.com/1.0.0/corporate-announcements/EJWJD9S8UK8M0CWD/523c0f19d814f40d1b20330dd7e873e6a2ff1c77d429ca8d8305d942b6469ed6
9MLB,SCOTIABANK CHILE,1,2026-08-04,2026-08-04,tidak_ada_petunjuk,0,0,tidak_ada_petunjuk,Satu pengumuman adalah konfirmasi pencatatan notes US$10 juta jatuh tempo 2031. Tidak ditemukan transaksi kendali atau bisnis pada bahan yang diperiksa.,
9MT,METAOPTICS LTD,103,2026-02-10,2026-09-18,pantau,2,2,pantau,"MetaOptics memperoleh persetujuan untuk langkah menuju pencatatan Nasdaq dan penerbitan ADS, lalu mengumumkan penempatan saham pada September. Ini pendanaan dan pencatatan lintas bursa, bukan bukti perubahan pengendali penerbit.",https://links.sgx.com/1.0.0/corporate-announcements/GXYM35LKEQABAK3Y/878720_MetaOptics%20-%20Circular.pdf
9NOB,VERTEX VENTURE HOLDINGS LTD,17,2026-04-10,2026-09-14,tidak_ada_petunjuk,1,1,tidak_ada_petunjuk,"Vertex mengubah susunan direksi dan menyebut Vertex Holdings sebagai anak usaha milik penuh Temasek. Dokumen menggambarkan suksesi dan sinergi internal Temasek, bukan penjualan atau perubahan pengendalian penerbit.",https://links.sgx.com/1.0.0/corporate-announcements/IAB94LJLHPUOEPDN/883005_VVH%20announcement%2010%20Apr%202026.pdf
9OHB,OUE REIT TREASURY PTE. LTD.,2,2026-06-02,2026-06-02,tidak_ada_petunjuk,0,0,tidak_ada_petunjuk,Dokumen mencatat pelunasan penuh dan pembatalan notes S$150 juta yang jatuh tempo. Tidak ditemukan transaksi pengendali atau bisnis dalam bahan yang diperiksa.,https://links.sgx.com/1.0.0/corporate-announcements/Z898XQ73ZD1GRJXV/891193_OUE_REIT_Treasury_Redemption_and_Cancellation_Announcement.pdf
9OJW,MACQUARIE BANK LIMITED,1,2026-06-30,2026-06-30,tidak_ada_petunjuk,0,0,tidak_ada_petunjuk,"Dokumen adalah pelaksanaan wajib waran DBS oleh Macquarie Bank, dengan penyelesaian tunai. Tidak ada transaksi pengendalian atau bisnis penerbit dalam bahan diperiksa.",https://links.sgx.com/1.0.0/corporate-announcements/RE9OEPJP8UPAOKA0/47460b10dc0c137f431ffa769ffcbc59fef8796ad1eb308b5351fd4750c1d15d
9PBW,MACQUARIE BANK LIMITED,1,2026-02-27,2026-02-27,tidak_ada_petunjuk,0,0,tidak_ada_petunjuk,"Satu dokumen yang diperiksa adalah pemberitahuan instrumen terstruktur Macquarie, bukan transaksi pengendalian atau bisnis penerbit.",
9PFB,SEAZEN GROUP LIMITED,2,2026-08-28,2026-08-28,pantau,0,0,pantau,"Satu peristiwa yang tersedia adalah perubahan wali amanat dan agen untuk surat utang. Tidak ada bukti perubahan saham, kendali, atau masuknya bisnis baru pada penerbit dalam bahan yang diperiksa.",
9PGW,Tidak teridentifikasi sebagai emiten saham dari bahan ini,4,2026-04-20,2026-05-20,tidak_ada_petunjuk,0,0,tidak_ada_petunjuk,Keempat dokumen adalah pemberitahuan berakhirnya waran pada 20 Mei 2026. Tidak ada transaksi emiten atau kendali dalam bahan yang diperiksa.,
9POW,MACQUARIE BANK LIMITED,1,2026-07-03,2026-07-03,tidak_ada_petunjuk,0,0,tidak_ada_petunjuk,Satu pengumuman adalah pelaksanaan waran wajib. Tidak ada bukti transaksi kendali penerbit pada bahan yang diperiksa.,
9PQ,XMH HOLDINGS LTD.,12,2026-09-04,2026-09-18,pantau,1,1,pantau,"9PQ adalah kelanjutan kode BQF untuk XMH Holdings setelah pemecahan saham yang selesai pada 8 September 2026. Seluruh 81 judul BQF Januari–Agustus dan lampiran pentingnya ditinjau: rangkaian tersebut terutama berisi pemecahan saham, hasil usaha, dividen, serta perubahan kepentingan pemegang saham/direksi; tidak ditemukan pengumuman akuisisi, penjualan bisnis, atau perubahan pengendalian. Status terakhir yang tersedia tetap XMH sebagai bisnis distribusi/kelautan dan pertumbuhan regional dalam lingkup usaha yang ada.",
9QPB,CONSTELLATION OIL SERVICES HOLDING S.A.,4,2026-07-23,2026-07-31,transaksi_selesai,1,1,transaksi_selesai,Dua pemberitahuan menyangkut penebusan sebagian dan harga penebusan notes Constellation Oil Services. Bahan yang diperiksa tidak menunjukkan perubahan pengendali atau masuknya bisnis baru.,
9QX,BEVERLY WILSHIRE LTD.,38,2026-01-09,2026-08-25,tidak_ada_petunjuk,1,1,tidak_ada_petunjuk,Pada 9 Januari 2026 Beverly Wilshire menyepakati penerbitan saham kepada dua investor pasif dan 8.771.929 saham kepada Evolve Capital Advisory sebagai pembayaran sebagian biaya profesional. Kedua dokumen menyatakan penerbitan tidak mengalihkan controlling interest; tidak ada bukti perubahan kendali dalam bahan yang diperiksa.,
9R3B,THE BANK OF NOVA SCOTIA,3,2026-02-20,2026-06-29,pantau,0,0,pantau,Bahan yang diperiksa adalah pengumuman instrumen utang bank. Tidak ditemukan bukti transaksi kendali dalam bahan yang diperiksa.,
9R5B,KOREA NATIONAL OIL CORPORATION,6,2026-02-06,2026-05-20,tidak_ada_petunjuk,0,0,tidak_ada_petunjuk,"Tiga rangkaian dokumen adalah pembayaran kupon surat utang KNOC. Tidak ditemukan transaksi kepemilikan, bisnis, atau kendali dalam bahan yang diperiksa.",
9R7W,MACQUARIE BANK LIMITED,1,2026-09-15,2026-09-15,tidak_ada_petunjuk,0,0,tidak_ada_petunjuk,"Satu dokumen yang dibuka adalah konfirmasi pencatatan waran. Tidak ditemukan perpindahan kendali, transaksi bisnis, atau pendanaan penerbit pada bahan yang diperiksa.",
9RCB,HOTEL PROPERTIES LIMITED,4,2026-03-25,2026-07-16,tidak_ada_petunjuk,0,0,tidak_ada_petunjuk,"Bahan mencatat pencatatan dan kemudian penerbitan sekuritas perpetual S$150 juta. Tidak ada bukti pengalihan saham, pengendali, atau bisnis Hotel Properties Limited dalam bahan yang diperiksa.",
9S3B,HSBC INSTITUTIONAL TRUST SERVICES (SINGAPORE) LIMITED (TRUSTEE OF MAPLETREE LOG TRUST),1,2026-08-12,2026-08-12,tidak_ada_petunjuk,0,0,tidak_ada_petunjuk,Satu pengumuman hanya mengonfirmasi pencatatan surat utang subordinasi perpetual S$400 juta. Tidak ditemukan transaksi bisnis atau perubahan pengendali.,
9S6B,AMP LIMITED,53,2026-01-19,2026-08-18,tidak_ada_petunjuk,0,0,tidak_ada_petunjuk,"Lampiran rapat umum, laporan tahunan, hasil FY2025, dan presentasi investor telah dibuka. Materinya membahas strategi/hasil AMP, modal dan pergantian CEO/CFO; tidak ditemukan transaksi saham, aset, pendanaan, atau perubahan kendali dalam bahan yang diperiksa.",
9SRB,"HONDA MOTOR CO., LTD.",1,2026-07-07,2026-07-07,tidak_ada_petunjuk,0,0,tidak_ada_petunjuk,"Bahan yang diperiksa hanya mengonfirmasi pencatatan obligasi Honda EUR1,25 miliar di pasar obligasi SGX. Tidak ditemukan perubahan pengendali atau transaksi usaha penerbit.",https://links.sgx.com/1.0.0/corporate-announcements/9GSROTMZZTYFHBJN/6d988c55e4864f9ec1b5a21bc648894759c11fbc754c037e70ac2e9f80e9bd71
9SY,ASTAKA HOLDINGS LIMITED,2,2026-09-17,2026-09-17,pantau,2,4,kelanjutan_42S_setelah_konsolidasi_saham,"9SY adalah kode lanjutan Astaka setelah konsolidasi saham selesai 17 September 2026. Seluruh tesis perubahan wadah usaha berada pada rangkaian 42S: properti lama keluar, usaha lampu sterilisasi menjadi inti, perusahaan baru dibentuk, dan pemilik pemasok masuk dewan.",https://links.sgx.com/1.0.0/corporate-announcements/BZS31H63635YA9HN/904486_Astaka%20-%20Announcement%20on%20Share%20Consolidation%20Completion.pdf
9T6B,HOUSING AND DEVELOPMENT BOARD,1,2026-05-13,2026-05-13,tidak_ada_petunjuk,0,0,tidak_ada_petunjuk,"Satu pengumuman hanya mengonfirmasi pencatatan surat utang hijau S$1,115 miliar. Tidak ditemukan petunjuk transaksi kendali pada bahan yang diperiksa.",
9TOB,9TOB · BAYFRONT INFRASTRUCTURE CAPITAL V PTE. LTD.,2,2026-04-13,2026-04-13,tidak_ada_petunjuk,0,0,tidak_ada_petunjuk,"Dua dokumen yang tersedia adalah laporan pembayaran kupon Bayfront Infrastructure Capital V. Tidak ditemukan dalam bahan yang diperiksa transaksi saham, bisnis, atau perubahan pengendali.",
9V7B,TELIX PHARMACEUTICALS (INVESTMENTS) INC.,7,2026-04-22,2026-05-21,tidak_ada_petunjuk,0,0,tidak_ada_petunjuk,"Pengumuman yang dipicu adalah konfirmasi pencatatan notes konversi US$600 juta, bukan pengalihan kendali penerbit SGX. Tidak ditemukan petunjuk perubahan pengendali dalam bahan yang diperiksa.",
9VW,SPACKMAN ENTERTAINMENT GROUP LIMITED,51,2026-01-12,2026-08-14,pantau,2,3,pemegang_baru_21_persen_masuk_dewan_setelah_aset_dijual,"Spackman menyelesaikan penjualan seluruh Studio Take pada 26 Januari 2026. Pada 19 Maret Polaris Office membeli 3.909.427 saham senilai S$3.504.774 dan langsung memiliki 21,29%; pada hari yang sama pimpinan Polaris Office dan wakil ketua Polaris Group, Ji Jungyeong, diumumkan sebagai direktur non-eksekutif dan non-independen Spackman. Urutan keluarnya aset, masuknya pemegang besar, dan wakilnya di dewan layak dipantau, tetapi belum ada bukti Polaris melewati ambang kendali atau memasukkan bisnis baru.",https://links.sgx.com/1.0.0/corporate-announcements/8ZQ5G127QG78WROC/871795__eFORM3%20-%20BigFoot.pdf
9W6B,DBS GROUP HOLDINGS LTD,1,2026-07-09,2026-07-09,tidak_ada_petunjuk,0,0,tidak_ada_petunjuk,"Satu dokumen adalah konfirmasi pencatatan surat utang CNY 1,2 miliar jatuh tempo 2031. Tidak ada petunjuk perubahan kendali atau transaksi bisnis penerbit.",
9XKB,"NH INVESTMENT & SECURITIES CO., LTD.",1,2026-06-29,2026-06-29,tidak_ada_petunjuk,0,0,tidak_ada_petunjuk,"Satu dokumen hanya mengonfirmasi pencatatan notes US$300 juta kupon 4,875% jatuh tempo 2029. Tidak ada informasi transaksi pengendalian atau bisnis.",
9Y1B,HOUSING AND DEVELOPMENT BOARD,2,2026-06-17,2026-06-17,tidak_ada_petunjuk,0,0,tidak_ada_petunjuk,Dokumen hanya menetapkan pembayaran kupon obligasi hijau HDB seri 118 pada 8 Juli 2026.,
9YNB,IOCHPE-MAXION AUSTRIA GMBH,2,2026-07-14,2026-07-14,tidak_ada_petunjuk,0,0,tidak_ada_petunjuk,"Dua dokumen hanya mengenai pelunasan dini instrumen utang. Tidak ditemukan transaksi pengambilalihan, bisnis, atau perubahan pengendalian dalam bahan yang diperiksa.",
9YWB,HOUSING AND DEVELOPMENT BOARD,2,2026-04-28,2026-04-28,tidak_ada_petunjuk,0,0,tidak_ada_petunjuk,Dua dokumen dalam arsip adalah pembayaran kupon surat utang. Tidak ditemukan petunjuk transaksi pengendalian atau akuisisi bisnis.,
9ZFB,DBS GROUP HOLDINGS LTD,3,2026-03-24,2026-09-18,tidak_ada_petunjuk,0,0,tidak_ada_petunjuk,"Ketiga dokumen adalah pembayaran kupon atas instrumen utang DBS yang sama. Tidak ditemukan transaksi saham, bisnis, atau pengendalian dalam bahan yang diperiksa.",
A04,ASL MARINE HOLDINGS LTD.,35,2026-01-22,2026-09-03,tidak_ada_petunjuk,1,1,tidak_ada_petunjuk,"ASL menambah investasi pada PT Sukses Shipyard Indonesia dan melaporkan insiden laut di Indonesia. Perubahan kepentingan pengurus yang dibuka tidak menunjukkan tawaran, pembeli, atau perubahan kendali penerbit.",https://links.sgx.com/1.0.0/corporate-announcements/54HSQ3HBFUEZ15O4/892098_Jun_12_2026_Additional%20investment%20in%20PTSSI.pdf
A17U,CAPITALAND ASCENDAS REIT MANAGEMENT LIMITED,267,2026-01-05,2026-09-15,tidak_ada_petunjuk,1,1,tidak_ada_petunjuk,"CapitaLand Ascendas REIT melakukan pendanaan ekuitas dan akuisisi/penjualan properti portofolio, termasuk aset logistik Singapura, ruang usaha, dan pusat data Jepang. Dokumen tidak menunjukkan perpindahan kendali atas penerbit atau manajernya; akuisisi aset tidak diperlakukan sebagai pengambilalihan penerbit.",https://links.sgx.com/1.0.0/corporate-announcements/VZNEUCWBO5YV2TBH/880181_20260324%20-%20CLAR%20-%20Acquisition%20Announcement.pdf
A30,Aspial Corporation Limited,108,2026-01-18,2026-09-15,transaksi_selesai,1,1,transaksi_selesai,AFG Investment Pte. Ltd. menyelesaikan skema untuk mengambil saham AF Global yang bukan saham Aspial dan Koh Wee Meng. Pengumuman transaksi pihak berkepentingan berikutnya juga mencatat pembiayaan dan transaksi internal dengan pihak terkait; tidak ada dokumen yang membuktikan perubahan pengendali Aspial.,
A31,ADDVALUE TECHNOLOGIES LTD,84,2026-01-23,2026-09-17,belum_cukup,2,2,belum_cukup,"Judul menunjukkan pemegang saham baru/berhenti menjadi substansial, pembaruan strategi bisnis, dan rencana pemisahan serta pencatatan anak usaha AVS. Rangkaian itu perlu lampiran dan pemberitahuan sesudahnya untuk membedakan restrukturisasi bisnis dari perpindahan kendali penerbit.",
A33,A33 · SOUTHERN ARCHIPELAGO LTD.,29,2026-01-21,2026-08-13,pantau,1,1,pantau,Southern Archipelago melikuidasi satu anak usaha yang dimiliki penuh. Bahan lain berupa hasil keuangan dan tata kelola; tidak ada bukti perubahan pengendali penerbit.,
A35,ABF SINGAPORE BOND INDEX FUND,44,2026-01-02,2026-09-18,tidak_ada_petunjuk,0,0,tidak_ada_petunjuk,"Seluruh judul merupakan nilai aset bersih mingguan, perubahan metode harga penerbitan/penebusan, dan laporan setengah tahunan reksa dana obligasi. Tidak ada transaksi pengendalian atau perubahan usaha penerbit.",
A52,ANNAIK LIMITED,36,2026-02-27,2026-08-14,tidak_ada_petunjuk,1,1,tidak_ada_petunjuk,"Lampiran akuisisi, perubahan pemegang saham, laporan tahunan, dan hasil keuangan terpicu telah diperiksa. AnnAik mengakuisisi kepentingan tiga entitas melalui Anxon Environmental; ini adalah akuisisi bisnis/aset oleh grup, sementara pengungkapan pemegang saham dan laporan tidak menunjukkan penjualan saham pengendali atau pergantian kendali AnnAik.",
A55,ASIA ENTERPRISES HOLDING LIMITED,20,2026-02-12,2026-08-07,tidak_ada_petunjuk,0,0,tidak_ada_petunjuk,"Laporan keuangan, laporan tahunan, rapat, dividen, dan penunjukan komite telah diperiksa. Rujukan Indonesia berada pada operasi/laporan biasa; tidak ditemukan transaksi pengendalian atau perubahan bisnis penerbit.",
A78,SHEN YAO HOLDINGS LIMITED,15,2026-01-06,2026-04-28,pantau,4,4,rencana_pengambilalihan_balik_tahap_nota,"Shen Yao yang tersuspensi dan berstatus perusahaan kas menandatangani nota kesepahaman mengikat pada 15 Desember 2025 untuk membeli seluruh Zion Mobility. Tiga pemegang saham target adalah Dechapol Lamwilai, Lee Chuan Wen Luke, dan Raymond Phua. Seorang pendiri target menjanjikan pinjaman tanpa bunga hingga S$2 juta dan Zion membiayai biaya transaksi S$1 juta; jika akuisisi terlaksana, emiten sendiri menyebutnya pengambilalihan balik. Rapat pemegang saham April 2026 masih menargetkan penyelesaian dalam enam bulan; arsip tidak membuktikan perjanjian final, penyelesaian, atau hubungan Indonesia.",
A7RU,KEPPEL INFRASTRUCTURE FUND MANAGEMENT PTE LTD,131,2026-01-09,2026-09-14,transaksi_selesai,1,1,transaksi_selesai,"KIT menyelesaikan pembelian tambahan 39% KMC melalui Kindle Energy dari KCIF Investments pada 26 Juni 2026, sehingga kepentingannya menjadi 90%. Ini pembelian aset/anak usaha oleh KIT, bukan perubahan pengendali penerbit SGX atau wadah bisnis baru.",https://links.sgx.com/1.0.0/corporate-announcements/0H2RTB5IDEZCK8NB/887521_KIT%20-%20SGX%20Announcement.pdf
AAJ,SUNMOON FOOD COMPANY LIMITED,79,2026-03-06,2026-09-04,belum_cukup,0,0,belum_cukup,"Formulir kepentingan Zhang Ye dibuka, namun rangkaian banyak perubahan kepentingan dan susunan dewan belum direkonsiliasi menjadi kronologi kepemilikan. Tidak ada kesimpulan negatif atau klaim transaksi telah diperiksa seluruhnya.",
ADN,FIRST SPONSOR GROUP LIMITED,86,2026-01-14,2026-09-09,pantau,1,1,pantau,"First Sponsor mengusulkan rights issue sekuritas konversi perpetual hingga S$332,6 juta. Form kepemilikan besar terkait telah dibuka, tetapi beberapa lampiran tidak dapat diekstrak dan arsip tidak memuat hasil akhir rights issue; tidak ada bukti cukup untuk menyatakan perubahan pengendalian penerbit.",https://links.sgx.com/1.0.0/corporate-announcements/85D76JN87OR39J38/898481_FSGL%20-%20Launch%20Announcement%2003%20August%202026.pdf
AGS,THE HOUR GLASS LIMITED,101,2026-01-12,2026-09-16,tidak_ada_petunjuk,0,0,tidak_ada_petunjuk,"Sebagian besar 80 pengumuman adalah pembelian kembali saham harian. Perubahan persentase TYC Investment terjadi karena jumlah saham beredar berkurang akibat buyback, sementara jumlah sahamnya tetap 340.291.669; tidak ditemukan pengambilalihan atau perubahan kendali pada bahan diperiksa.",
AIY,IFAST CORPORATION LTD.,122,2026-01-02,2026-07-30,pantau,2,2,pantau,"iFAST menandatangani perjanjian bersyarat membeli 30% Financial Alliance Corporation seharga S$19,575 juta. Perubahan kepentingan pemegang saham yang dipicu telah diperiksa; tidak ada bukti perubahan kendali iFAST dalam arsip.",https://links.sgx.com/1.0.0/corporate-announcements/4EHL99UBDRTTBALP/871244_iFAST_Proposed%20Acquisition.pdf
AJ2,OUHUA ENERGY HOLDINGS LIMITED,27,2026-02-25,2026-08-13,belum_cukup,0,0,belum_cukup,"Hasil tahunan dibuka sebagai sumber dasar, tetapi dokumen lain belum cukup untuk membangun kronologi pemegang saham, pendanaan, atau transaksi bisnis. Tidak ada kesimpulan negatif dari judul.",
AJBU,KEPPEL DC REIT MANAGEMENT PTE. LTD.,194,2026-01-27,2026-09-15,pantau,2,2,pantau,Keppel DC REIT menjalankan akuisisi aset pusat data dan penempatan unit untuk pendanaan; ada pula rencana penjualan NetCo yang kemudian dihentikan. Perubahan unitholder dan penerbitan unit yang tercatat tidak menjadi bukti perubahan pengendali pengelola atau REIT.,https://links.sgx.com/1.0.0/corporate-announcements/B7U5IW1CEBNR84JH/874876_KDCR%20-%20Announcement%20on%20Completion%20of%20Acquisition%20of%20LLP%20interests%20in%20KDCS3LLP%20KDCS4LLP.pdf
ALK,ALK · ALL-LINK AIR & SEA LIMITED,31,2026-08-04,2026-09-15,pantau,1,1,pantau,"All-Link masuk Mainboard; AGX Logistics (S) dan AGX Group Berhad dilaporkan memiliki 23,2% secara langsung/deemed interest. Ini menunjukkan pemegang saham substansial, bukan bukti transaksi pengambilalihan baru.",
AMQ,"AMBIQ MICRO, INC.",9,2026-07-29,2026-08-11,tidak_ada_petunjuk,0,0,tidak_ada_petunjuk,"Arsip memuat penerimaan ke Mainboard, harga perdagangan, surat CEO, dan hasil kuartalan. Tidak ditemukan rangkaian perubahan pengendali atau masuknya bisnis lain dalam bahan yang diperiksa.",
AOF,AMPLEFIELD LIMITED,14,2026-01-12,2026-05-12,tidak_ada_petunjuk,0,0,tidak_ada_petunjuk,"Seluruh judul terdiri dari laporan tahunan, rapat umum, laporan keberlanjutan, dan hasil semester. Tidak ditemukan pada bahan yang diperiksa transaksi pengendalian, utang konversi, atau perubahan usaha material.",
AP4,RIVERSTONE HOLDINGS LIMITED,55,2026-02-25,2026-09-14,tidak_ada_petunjuk,0,0,tidak_ada_petunjuk,"Seluruh judul diperiksa. Hasil usaha, dividen, dan pensiun pejabat tidak menunjukkan transaksi perubahan pengendalian atau pengalihan usaha penerbit dalam bahan yang diperiksa.",
AU8U,AU8U · CAPITALAND CHINA TRUST MANAGEMENT LIMITED,129,2026-01-02,2026-09-14,pantau,1,1,pantau,Arsip memuat pendanaan dan transaksi portofolio dana. Tidak ada bukti dalam bahan yang diperiksa bahwa pengendalian atas penerbit SGX berpindah.,
AVP,"AVEPOINT, INC.",30,2026-02-03,2026-08-06,tidak_ada_petunjuk,0,0,tidak_ada_petunjuk,Laporan 10-Q dan bahan proxy Schedule 14A yang ditandai telah dibuka. Tidak ditemukan pengambilalihan atau perubahan pengendali AvePoint dalam bahan yang diperiksa.,
AVX,HL GLOBAL ENTERPRISES LIMITED,15,2026-02-13,2026-08-03,tidak_ada_petunjuk,0,0,tidak_ada_petunjuk,"Bahan mencakup laporan tahunan, hasil keuangan, dan rapat pemegang saham. Tidak ditemukan pengumuman transaksi saham, pendanaan, penjualan/pembelian bisnis, atau perubahan pengendali.",
AW9U,FIRST REIT MANAGEMENT LIMITED,142,2026-01-22,2026-09-16,pantau,2,2,pantau,"First REIT mengumumkan penjualan bersyarat delapan rumah sakit dan aset non-inti Indonesia kepada Siloam/Lippo serta opsi jual atas enam rumah sakit lain. Dokumen Rule 706A dan formulir unitholder OUEH juga telah dibuka; ini penjualan aset/ungkapan unit, bukan bukti pergantian pengendali REIT, dan penyelesaian seluruh rangkaian tidak terlihat dalam bahan yang diperiksa.",https://links.sgx.com/1.0.0/corporate-announcements/UJ8K992035TY3JNK/881469_First_REIT_Proposed_Divestments_Announcement.pdf
AWC,BROOK CROMPTON HOLDINGS LTD.,25,2026-02-24,2026-08-11,tidak_ada_petunjuk,0,0,tidak_ada_petunjuk,"Laporan tahunan, jawaban investor, dan risalah rapat Brook Crompton telah diperiksa sebagai rangkaian tata kelola. Tidak ditemukan transaksi pengendalian pada bahan yang diperiksa.",
AWG,ASCENT BRIDGE LIMITED,44,2026-01-02,2026-08-27,transaksi_selesai,2,2,transaksi_selesai,"Ascent Bridge menyelesaikan penjualan 100% MTBL Cultural Centre Pte. Ltd. kepada Nyonya Heritage pada 29 Mei 2026. Ini adalah pelepasan anak usaha rugi, bukan bukti pengambilalihan Ascent Bridge.",https://links.sgx.com/1.0.0/corporate-announcements/ZV8JT6OC6TNKNV4A/881887_ABL%20-%20SPA%20Proposed%20Disposal%20Announcement.pdf
AWI,THAKRAL CORPORATION LTD,88,2026-01-23,2026-09-07,pantau,2,1,rencana_pemisahan_anak_usaha,"Thakral merencanakan pemisahan dan pencatatan sebagian bisnis Lifestyle, tetapi akan tetap menjadi pemegang mayoritas. Tidak ada perubahan pengendali Thakral.",https://links.sgx.com/1.0.0/corporate-announcements/9NH7MCZUI0DQUBDI/890694_ThakralCorp_Annmt_TIL_Acqn_Completion_20260528.pdf
AWK,FUXING CHINA GROUP LIMITED,77,2026-02-22,2026-09-08,tidak_ada_petunjuk,0,0,tidak_ada_petunjuk,Laporan tahunan yang memicu pemeriksaan serta usulan pengurangan modal dasar telah dibuka. Pengurangan hanya membatalkan saham yang belum diterbitkan dan dokumen tegas menyatakan tidak mengubah saham diterbitkan atau persentase pemegang saham; tidak ditemukan perubahan kendali dalam bahan yang diperiksa.,https://links.sgx.com/1.0.0/corporate-announcements/RK6L0TIBBAH5CJNF/902217_20260825.Fuxing_Authorised_Cap_Diminution_Announcement_FINAL.pdf
AWM,SHANGHAI TURBO ENTERPRISES LTD,50,2026-02-25,2026-09-11,pantau,1,1,pantau,"Dokumen terpicu membahas tindakan regulator terhadap pengurus dan tawaran penyelesaian, bukan penerbitan saham atau transaksi pengendalian. Bahan yang diperiksa belum memberi bukti perubahan pengendali atau penyuntikan bisnis baru.",
AWV,CAPTII LIMITED,19,2026-02-23,2026-09-09,tidak_ada_petunjuk,0,0,tidak_ada_petunjuk,Laporan tahunan menyebut evaluasi peluang investasi tanpa transaksi baru pada 2025; pengumuman berikutnya hanya penghapusan anak usaha dorman Adzentrum. Tidak ditemukan perubahan pengendali atau akuisisi penting pada bahan yang diperiksa.,
AWX,AEM HOLDINGS LTD.,161,2026-01-18,2026-09-01,transaksi_selesai,1,1,transaksi_selesai,"AEM menyelesaikan langganan saham oleh Advanced Semiconductor Engineering Test, anak usaha tidak langsung ASE Technology Holding, serta menerbitkan waran. Ini transaksi pendanaan selesai; dokumen menyatakan penerbitan tersebut tidak mengubah kepentingan pengendali AEM, sehingga bukan petunjuk pengambilalihan penerbit.",https://links.sgx.com/1.0.0/corporate-announcements/C9MCBFDY46V3R4AH/880036_Subscription%20Announcement.pdf
AWZ,MULTI-CHEM LIMITED,156,2026-02-23,2026-09-17,tidak_ada_petunjuk,0,0,tidak_ada_petunjuk,"Banyak pengumuman adalah formulir perubahan kepentingan direktur, bukan pengumuman pemegang saham besar atau pengambilalihan. Pemeriksaan CPIB yang masih berjalan dapat memengaruhi tata kelola, tetapi tidak membuktikan perubahan pengendali.",https://links.sgx.com/1.0.0/corporate-announcements/LIEY2HOJP0K65M62/904489_Multichem%20-%20Announcement%20-%20CPIB%20matter%2017%20Sep%202026.pdf
AYN,GLOBAL TESTING CORPORATION LIMITED,34,2026-02-26,2026-08-14,tidak_ada_petunjuk,0,0,tidak_ada_petunjuk,"Global Testing menyelesaikan pengurangan modal dan distribusi kas, lalu mengumumkan investasi pada obligasi berperingkat investasi. Pembelian 31.700 saham oleh seorang direktur dan investasi obligasi tidak membuktikan perpindahan pengendali atau perubahan usaha utama.",https://links.sgx.com/1.0.0/corporate-announcements/CCR8TSUQJMJ910YH/880813__GTC%20-%20Form%201%20-%20Chia%20Soon%20Loi.pdf
AYV,ACMA LTD.,78,2026-01-08,2026-08-14,belum_cukup,2,2,belum_cukup,"ACMA menyelesaikan penempatan 8.478.199 saham; Cui Wenyan kemudian tercatat memiliki 8,41% melalui penempatan. Banyak formulir pemegang saham dan direktur berikutnya pada rangkaian yang sama tidak dapat dibaca dari teks arsip, sehingga perubahan pengendali tidak dapat disimpulkan maupun disangkal.",https://links.sgx.com/1.0.0/corporate-announcements/86AMS3YTWDWM1ILH/871971_ACMA%20-%20Proposed%20Share%20Placement%20-%20Completion.pdf
AZA,IPC CORPORATION LTD,18,2026-02-13,2026-07-31,tidak_ada_petunjuk,0,0,tidak_ada_petunjuk,"Pengumuman IPC berisi laporan keuangan, bahan rapat, laporan keberlanjutan, dan pembaruan rapat. Tidak ditemukan transaksi saham pengendali, pendanaan terkait pengambilalihan, atau perubahan usaha pada bahan yang diperiksa.",
AZR,UNITED FOOD HOLDINGS LIMITED,6,2026-03-06,2026-05-29,tidak_ada_petunjuk,0,0,tidak_ada_petunjuk,"Hasil kuartal ketiga dan perubahan komite dewan; tidak ditemukan transaksi kepemilikan, akuisisi, atau kontrol dalam bahan diperiksa.",
AZT,NUTRYFARM INTERNATIONAL LIMITED,60,2026-01-19,2026-09-02,prioritas,4,5,rencana_kendali_90_persen_bersyarat,"NutryFarm keluar dari pengelolaan yudisial pada Februari 2026 tetapi sahamnya masih tersuspensi. Perjanjian dengan kreditur Corpbond IV merencanakan konversi utang S$27,37 juta menjadi sampai 1.236.798.927 saham pada tahap pertama; Corpbond diperkirakan memegang sekitar 90% emiten sesudahnya. Tahap kedua menyangkut sisa utang S$6,90 juta. Penyelesaian masih menunggu persetujuan dan batas akhirnya diperpanjang hingga 31 Desember 2026. Dokumen 2023 menyebut Niu Liming pemilik tunggal Corpbond, sedangkan bagian lain dari dokumen Maret 2026 menyebut ia memegang 50%; identitas pemilik sisanya dan waktu perubahan belum terjawab. Pada 8 Juni NutryFarm mengangkat Derek Ong sebagai pengendali keuangan grup; ia pernah menjadi direktur audit dan perbaikan manajemen PT CCM Holdings di Jakarta pada 2012–2017.",https://links.sgx.com/1.0.0/corporate-announcements/ICC81J94JMAI19NE/873925_NutryFarm%20-%20Discharge%20from%20Judicial%20Management.pdf
B0Z,B0Z · CHINA FISHERY GROUP LIMITED,2,2026-09-02,2026-09-02,pantau,1,1,pantau,Administrasi rencana restrukturisasi Chapter 11 masih berjalan; likuidasi dan distribusi akhir kepada pemegang saham publik masih bergantung pada likuidasi aset sisa dan penyelesaian klaim.,https://links.sgx.com/1.0.0/corporate-announcements/NW4UO7WS6W0CCKQM/903364_2026%2009%2002%20CFGL%20SGX%20announcement.pdf
B28,BONVESTS HOLDINGS LIMITED,16,2026-02-27,2026-08-12,tidak_ada_petunjuk,0,0,tidak_ada_petunjuk,"Judul mencakup hasil, laporan tahunan, dividen, dan rapat umum. Tidak ditemukan petunjuk transaksi pengendalian atau pengalihan bisnis pada bahan yang diperiksa.",
B49,WORLD PRECISION MACHINERY LIMITED,29,2026-02-11,2026-09-03,belum_cukup,1,1,belum_cukup,Ada pembaruan akuisisi Hainan Xinglong Pearl Investment dan tiga pengumuman pembentukan anak usaha tanpa kode yang telah ditinjau. Bahan yang diperiksa belum cukup untuk menetapkan penyelesaian atau dampaknya terhadap pengendalian World Precision Machinery.,
B58,BANYAN TREE HOLDINGS LIMITED,90,2026-01-22,2026-09-17,transaksi_selesai,2,2,transaksi_selesai,"Seluruh pengumuman transaksi dan lampiran terpicu diperiksa. Banyan Tree menyelesaikan tahap pertama akuisisi Newmark Hotels; ini akuisisi bisnis/anak usaha, bukan pengambilalihan Banyan Tree.",https://links.sgx.com/1.0.0/corporate-announcements/7R0FJP1LB4Z3DCTW/904490_Newmark%20-%20Announcement%20of%20completion%20of%20Tranche%201_Final.pdf
B61,BUKIT SEMBAWANG ESTATES LIMITED,31,2026-05-21,2026-09-11,tidak_ada_petunjuk,0,0,tidak_ada_petunjuk,"Dokumen memuat pelaporan rutin, laporan tahunan, dan pergantian direksi. Setelah lampiran terkait dibuka, tidak ditemukan perubahan pemegang saham pengendali atau transaksi yang mengubah arah utama penerbit dalam bahan yang diperiksa.",
B69,BROADWAY INDUSTRIAL GROUP LIMITED,24,2026-01-13,2026-04-17,transaksi_selesai,2,2,transaksi_selesai,"Pengurangan modal selektif sebagai tawaran keluar telah dibayar kepada pemegang saham yang memenuhi syarat pada 7 April 2026. SGX tidak keberatan atas delisting dan Broadway akan delisting pada 21 April 2026; ini transaksi keluar/delisting, bukan bukti pengendali baru.",https://links.sgx.com/1.0.0/corporate-announcements/M3OB91ZVEAYUI9FK/872736_BIGL%20-%20Notice%20of%20EGM.pdf
B73,GLOBAL INVESTMENTS LIMITED,165,2026-01-02,2026-09-18,tidak_ada_petunjuk,0,0,tidak_ada_petunjuk,"Arsip didominasi pembelian kembali saham harian, laporan keuangan, dividen scrip, dan tata kelola. Perubahan persentase kepentingan pemegang saham besar yang muncul tidak disertai pembeli/penjual atau perubahan kendali penerbit; kata Indonesia dalam lampiran tidak cukup untuk menyimpulkan hubungan kendali.",
B76B,HPHT FINANCE (21) (II) LIMITED,11,2026-02-05,2026-09-18,pantau,0,0,pantau,"Dokumen yang dibuka adalah pengantar hasil keuangan Hutchison Port Holdings Trust, bukan transaksi kendali atas instrumen B76B.",
B82B,HOUSING AND DEVELOPMENT BOARD,2,2026-06-03,2026-06-03,tidak_ada_petunjuk,0,0,tidak_ada_petunjuk,"Dua dokumen adalah pengumuman obligasi/utang rutin. Tidak ada pengumuman transaksi saham, bisnis, pembiayaan ekuitas, atau kendali pada bahan diperiksa.",
BAC,CAMSING HEALTHCARE LIMITED,54,2026-03-17,2026-09-14,pantau,3,2,konversi_obligasi_tersebar_tanpa_kendali,Tiga investor mengonversi obligasi menjadi 50 juta saham dari total 140 juta saham setelah penerbitan. Tidak ada bukti mereka bertindak bersama atau mengambil kendali.,https://links.sgx.com/1.0.0/corporate-announcements/8ZIDAZ6O1T39UJFG/882782_CHL%20-%20Annt%20-%20Receipt%20of%20Conversion%20Notices_final.pdf
BAI,DIGILIFE TECHNOLOGIES LIMITED,45,2026-01-21,2026-09-02,pantau,2,2,pantau,"Digilife menyelesaikan penjualan Bharat IT Services dan kemudian melaporkan pengembangan bisnis bahan bangunan AAC melalui Modi Hebel. Ini perubahan portofolio bisnis, bukan bukti pembelian saham Digilife atau peralihan pengendalian penerbit.",https://links.sgx.com/1.0.0/corporate-announcements/DVOM1ZLH5NO86L2C/872724_Digilife%20-%20Bharat%20IT%20Closing%20announcement_21Jan2026.pdf
BAZ,LION ASIAPAC LIMITED,16,2026-01-23,2026-08-19,pantau,1,1,pantau,Pengumuman hasil dan Rule 706A Lion Asiapac menunjukkan aktivitas usaha serta perubahan entitas grup. Tidak ditemukan bukti pengambilalihan Lion Asiapac atau masuknya bisnis baru melalui perubahan kendali.,
BBP,HOR KEW CORPORATION LIMITED,22,2026-02-27,2026-08-14,tidak_ada_petunjuk,0,0,tidak_ada_petunjuk,"Laporan dan pengumuman yang diperiksa berisi hasil keuangan, rapat, dividen, dan promosi kepala keuangan. Tidak ditemukan pada bahan yang diperiksa transaksi pengendalian atau perubahan bisnis utama.",
BBT,ABACUS CAPITAL (S) PTE LTD,8,2026-01-30,2026-08-21,tidak_ada_petunjuk,0,0,tidak_ada_petunjuk,"Seluruh judul ditinjau; tidak ada judul transaksi saham, pembiayaan, penjualan atau pembelian bisnis, maupun perubahan pengurus yang memicu pembukaan lampiran. Tidak ditemukan petunjuk dalam bahan yang diperiksa.",
BBW,AZEUS SYSTEMS HOLDINGS LTD.,23,2026-02-05,2026-09-01,tidak_ada_petunjuk,0,0,tidak_ada_petunjuk,"Seluruh judul dan dua pengumuman dengan petunjuk isi diperiksa. Dokumen berisi laporan tahunan/rapat dan notulen, tanpa transaksi perubahan pengendalian penerbit dalam bahan yang diperiksa.",
BCD,BCD · CHINA YUANBANG PROP HLDGS LTD,11,2026-02-26,2026-06-30,tidak_ada_petunjuk,0,0,tidak_ada_petunjuk,Pembentukan anak usaha dan sesi informasi tidak mengungkap perpindahan kendali penerbit. Tidak ditemukan petunjuk transaksi kendali pada bahan arsip yang diperiksa.,
BCV,QIAN HU CORPORATION LIMITED,26,2026-01-07,2026-07-24,tidak_ada_petunjuk,0,0,tidak_ada_petunjuk,"Dokumen keuangan, laporan tahunan, dan perubahan susunan pengurus Qian Hu telah diperiksa. Tag Indonesia berkaitan dengan kegiatan grup yang dijelaskan dalam laporan, bukan bukti perubahan kendali; tidak ditemukan transaksi pengambilalihan atau penerbitan saham pengubah kendali.",
BCY,POWERMATIC DATA SYSTEMS LIMITED,32,2026-02-03,2026-08-21,tidak_ada_petunjuk,0,0,tidak_ada_petunjuk,Bahan yang diperiksa terutama mencakup pendirian anak usaha tidak langsung Airion Communications dan dokumen tahunan/AGM. Tidak ditemukan transaksi perubahan pengendali atau reverse takeover penerbit.,
BCZ,Travelite Holdings Ltd.,26,2026-05-29,2026-09-04,tidak_ada_petunjuk,0,0,tidak_ada_petunjuk,"Pengumuman yang ditinjau terutama laporan hasil dan pengungkapan pengurus. Tidak ditemukan rangkaian transaksi saham, utang, bisnis, atau pendanaan yang menunjukkan perubahan pengendali dalam bahan yang diperiksa.",
BDA,PNE INDUSTRIES LTD,43,2026-01-06,2026-09-18,belum_cukup,1,1,belum_cukup,Formulir primer atas Tan Kwong Soon dan Teo Boon Lui telah dibuka dan mencatat pelepasan sehingga keduanya berhenti sebagai pemegang saham substansial. Dokumen yang tersedia belum menetapkan pihak pembeli atau pengendalian akhir.,
BDR,BDR · WILLAS-ARRAY ELEC (HLDGS) LTD,69,2026-01-07,2026-09-04,pantau,1,1,pantau,Transaksi pihak berkepentingan dan perubahan batas layanan gudang adalah transaksi usaha. Tidak ditemukan bukti perubahan pengendali penerbit.,
BDU,FEDERAL INTERNATIONAL (2000) LTD,36,2026-02-02,2026-08-18,pantau,2,2,pantau,"Federal menyelesaikan pelepasan 30% kepemilikan PT Gunanusa Utama Fabricators dan mengumumkan subscription pada SRE Holdings; keduanya adalah transaksi aset/investasi oleh penerbit, bukan pembelian penerbit. Anak usaha Federal juga menandatangani kerangka kerja sama energi terbarukan yang masih menunggu perjanjian definitif dan proyek terpilih.",https://links.sgx.com/1.0.0/corporate-announcements/K1CWNVNUQ7VBPIUB/897601_Federal%20-%20Subscription%20of%20shares%20in%20SRE%20Holdings_final.pdf
BDX,BDX · GSH CORPORATION LIMITED,86,2026-01-09,2026-09-03,pantau,1,1,pantau,"GSH melaporkan penggunaan dana proposed subscription dan perubahan pengurus, tetapi dokumen yang diperiksa tidak membuktikan perubahan pengendali penerbit.",
BEC,BRC ASIA LIMITED,35,2026-01-13,2026-09-01,pantau,2,2,pantau,"BRC Asia menyatakan sedang mengeksplorasi diversifikasi ke rantai nilai kecerdasan buatan dan belum mengumumkan transaksi tertentu. Ini perubahan arah yang masih bersifat penjajakan, bukan bukti perubahan pengendali.",https://links.sgx.com/1.0.0/corporate-announcements/KRH6S7DVNQSJY232/903181_BRC_Exploration%20of%20Opportunities%20and%20Possible%20Diversification%20and%20Expansion%20of%20New%20Businesses.pdf
BEH,CHINA INTERNATIONAL HOLDINGS LIMITED,59,2026-01-14,2026-09-14,belum_cukup,1,1,belum_cukup,"Judul arsip didominasi pembekuan rekening, litigasi di China, laporan keuangan, dan pengunduran diri auditor. Ada pengumuman penyelesaian independent review, tetapi rangkaian litigasi berikutnya tetap memerlukan lampiran utama dan status akhir untuk menilai dampaknya; tidak ada bukti perubahan pengendali yang telah dibuka.",
BEI,LHT HOLDINGS LIMITED,33,2026-01-09,2026-09-07,tidak_ada_petunjuk,0,0,tidak_ada_petunjuk,"Judul yang diperiksa, termasuk dua dokumen tanpa kode tentang pindah alamat kantor terdaftar, memuat hasil keuangan, dividen, insiden keamanan siber, rapat umum, dan perubahan staf keuangan. Tidak ditemukan transaksi saham, bisnis, pendanaan, utang, atau pengendalian dalam bahan diperiksa.",
BEW,JB FOODS LIMITED,31,2026-01-02,2026-08-25,tidak_ada_petunjuk,1,1,tidak_ada_petunjuk,"Judul transaksi mencakup penggunaan hasil rights issue, pengungkapan kepentingan direktur/pemegang saham besar, serta pengangkatan pejabat. Tidak ditemukan pengumuman yang menunjukkan pengalihan kendali JB Foods dalam bahan yang diperiksa.",
BEZ,BENG KUANG MARINE LIMITED,20,2026-03-29,2026-05-26,transaksi_selesai,2,2,transaksi_selesai,Beng Kuang menyelesaikan pembelian sisa 49% ASOM sehingga ASOM menjadi anak usaha 100%. Dokumen terkait juga menunjukkan saham pertimbangan dan perubahan pemegang saham besar/pendanaan untuk akuisisi; tidak ada bukti bahwa pihak-pihak tersebut memperoleh kendali atas Beng Kuang.,https://links.sgx.com/1.0.0/corporate-announcements/8PTX0L1DRMF5UYKK/878862_BKM%20-%20SPA%20Announcement.pdf
BFI,TIONG SENG HOLDINGS LIMITED,28,2026-02-16,2026-08-13,tidak_ada_petunjuk,0,0,tidak_ada_petunjuk,"Bahan yang diperiksa berisi hasil usaha, mandat beli-kembali saham, transaksi pihak berkepentingan, mandat pelepasan aset non-inti, serta pergantian kepala keuangan. Tidak ditemukan perpindahan pengendali Tiong Seng.",
BFK,PHARMESIS INTERNATIONAL LTD.,23,2026-02-25,2026-08-14,tidak_ada_petunjuk,0,0,tidak_ada_petunjuk,"Dokumen yang tersedia terutama laporan tahunan, hasil keuangan dan tata kelola. Tidak ditemukan rangkaian penjualan saham, pendanaan, atau transaksi bisnis yang mengubah kendali penerbit dalam bahan yang diperiksa.",
BFT,LINCOTRADE & ASSOCIATES HOLDINGS LIMITED,102,2026-01-08,2026-09-18,pantau,3,2,pembelian_usaha_tanpa_perubahan_kendali_penerbit,"Lincotrade melalui anak usaha 60% menandatangani pembelian Opto-Pharm. Transaksi besar dan diversifikasi ini masih bersyarat, tetapi penjual target tidak terbukti akan mengendalikan Lincotrade.",
BFU,TYE SOON LIMITED,29,2026-02-27,2026-09-01,tidak_ada_petunjuk,1,1,tidak_ada_petunjuk,"Tye Soon melaporkan pergantian anggota dewan yang dinominasikan Bapcor, pemegang saham pengendali. Tidak ditemukan pada bahan yang diperiksa penjualan saham Bapcor, pembeli baru, atau transaksi yang mengubah kendali penerbit.",https://links.sgx.com/1.0.0/corporate-announcements/4U7BS9H25P5541OR/880138_Changes%20to%20the%20Composition%20of%20Board%20and%20Board%20Committees.pdf
BHD,CHINA MINING INTERNATIONAL LTD,12,2026-02-13,2026-08-28,tidak_ada_petunjuk,0,0,tidak_ada_petunjuk,"Hasil keuangan, mediasi utang, dan deregristrasi anak usaha telah dibuka. Mediasi mengatur pengalihan aset anak usaha untuk sebagian utang, bukan penjualan saham penerbit; tidak ditemukan rangkaian perubahan pengendali dalam bahan yang diperiksa.",https://links.sgx.com/1.0.0/corporate-announcements/VFKUOA6497RMOD0K/877277_20260303_Update%20on%20Debt%20Mediation.pdf
BHK,SIIC ENVIRONMENT HOLDINGS LTD.,109,2026-01-06,2026-09-14,pantau,1,1,pantau,"Anak usaha Longjiang Environmental menandatangani pembelian 100% dua operator air limbah di Anshan dari Qingdao Qing'an Technology Investment seharga RMB270 juta. SIIC juga membuat perjanjian layanan keuangan tiga tahun dengan SIIC Finance, pihak terafiliasi pengendali, dengan batas saldo deposito yang diusulkan RMB2 miliar dan persetujuan pemegang saham diperlukan; keduanya bukan pembelian saham atau perubahan pengendali SIIC. Penyelesaian akuisisi aset tidak terbukti selesai pada bahan diperiksa.",https://links.sgx.com/1.0.0/corporate-announcements/4MHMSDXP638IGWF5/881089_SIIC%20-%20Discloseable%20Transaction%20-%20Acquisition%20of%20Equity%20Interest%20in%20Target%20Companies_ENG.pdf
BHU,SUTL ENTERPRISE LIMITED,43,2026-02-26,2026-09-04,pantau,2,2,pantau,"SUTL melanjutkan ekspansi bisnis marina: membeli sisa 40% Sarandra Malaysia dan meneken perjanjian sewa untuk pengembangan marina Langkawi. Usulan akuisisi Marina at Keppel Bay masih menghadapi penelaahan persaingan dan perpanjangan batas waktu; seluruh rangkaian menyangkut aset/usaha SUTL, bukan perubahan pengendali SUTL.",https://links.sgx.com/1.0.0/corporate-announcements/IE7UBN1ETD8FSA3K/894839_SUTL%20Sarandra%20Buyout%20Announcement%20Final%20Doc.pdf
BIP,VIBRANT GROUP LIMITED,52,2026-01-05,2026-09-08,pantau,2,2,pantau,"Faktanya, anak usaha Vibrant membeli sisa piutang dari CRCE dan Vibrant kemudian menyetujui akuisisi 60% Fair Breeze Trading. Formulir pemegang saham besar menunjukkan Khua Kian Keong, melalui Vibrant Capital, sudah menguasai mayoritas dan menambah kepemilikan pasar; tidak ada bukti pemindahan kendali penerbit.",https://links.sgx.com/1.0.0/corporate-announcements/T80GANJ8DFWO324L/895374_SGX%20Announcement_Acquisition%20of%20Debt.pdf
BIX,ELLIPSIZ LTD,19,2026-02-10,2026-08-31,pantau,1,1,pantau,"Unicore Agri menyelesaikan langganan saham di anak usaha ISE Foods Holdings dan memegang sekitar 34,96% anak usaha itu. Ini bukan pembelian saham Ellipsiz; fasilitas pinjaman mensyaratkan David Lum tetap pemegang saham tunggal terbesar Ellipsiz, sehingga justru menjadi bukti tandingan atas perubahan kendali penerbit.",https://links.sgx.com/1.0.0/corporate-announcements/EXDV4LYBO2MMIW4J/878982_Announcement%20-%20IFH%20S%2465m%20Term%20Loan%20Facility.pdf
BJD,VIBROPOWER CORPORATION LIMITED,43,2026-02-11,2026-09-11,pantau,1,1,pantau,"Vibropower mengusulkan penjualan dua properti untuk modal kerja, pembayaran utang, dan pertumbuhan bisnis. Dokumen menyatakan penjualan Malaysia masih bersyarat dan tidak menunjukkan perubahan kendali penerbit.",https://links.sgx.com/1.0.0/corporate-announcements/NINZUCYA2SXYBE41/896020_20260710_Vibropower_Proposed%20Malaysia%20Disposal.pdf
BJV,YAMADA GREEN RESOURCES LIMITED,24,2026-02-09,2026-08-28,tidak_ada_petunjuk,1,1,tidak_ada_petunjuk,"Yamada menjual satu unit kantor di Cecil Street dan kemudian menyelesaikannya. Hasil semester dan tahunan juga dibuka; menunjukkan usaha sewa properti dan penjualan aset, tanpa bukti pembeli mengambil kendali atas Yamada.",https://links.sgx.com/1.0.0/corporate-announcements/MHFCOCZDUV41PFLY/885754_Yamada%20-%20Proposed%20Disposal%20of%20Property%20-%20PLUS%20-%20Final.pdf
BJZ,KODA LTD,26,2026-02-12,2026-09-18,tidak_ada_petunjuk,0,0,tidak_ada_petunjuk,Rapat luar biasa dan pengumuman tanpa kode yang terhubung menunjukkan pergantian auditor. Pembentukan anak usaha tidak langsung serta perubahan susunan dewan tidak membuktikan perpindahan saham pengendali atau perubahan kendali Koda pada bahan diperiksa.,
BKA,BKA · SIN HENG HEAVY MACHINERY LIMITED,40,2026-02-27,2026-08-13,pantau,2,2,pantau,"Sin Heng mengajukan diversifikasi ke usaha properti dan perhotelan, lalu EGM dan pengumuman lanjutannya dibuka. Ini perubahan arah usaha yang disetujui, tetapi bahan yang diperiksa tidak menunjukkan pengalihan pengendali penerbit atau pihak pembeli/penjual saham pengendali.",https://links.sgx.com/1.0.0/corporate-announcements/WVRUZVZ9GU7RDZ8P/883411_Sin%20Heng%20-%20Circular.pdf
BKK,LUXKING GROUP HOLDINGS LIMITED,6,2026-02-11,2026-08-26,tidak_ada_petunjuk,0,0,tidak_ada_petunjuk,Judul mencakup hasil keuangan dan panduan laba; dokumen tanpa kode yang ditautkan hanya perubahan alamat kantor terdaftar. Tidak ada pengumuman transaksi kendali dalam bahan yang diperiksa.,
BKV,CHINA SHENSHAN ORCHARD HOLDINGS CO. LTD.,18,2026-02-12,2026-08-13,pantau,2,2,pantau,"China Shenshan telah menghentikan operasi kiwi dan mengalihkan kegiatan inti ke penyewaan lahan pertanian. Ini perubahan operasi akibat kondisi kebun, bukan bukti masuknya pengendali atau bisnis privat baru.",https://links.sgx.com/1.0.0/corporate-announcements/1FSIIQP4EUNOCT20/883224_CSS%20-%20Annual%20Report%20FY2025.pdf
BKW,DATAPULSE TECHNOLOGY LIMITED,9,2026-03-10,2026-08-25,belum_cukup,3,2,privatisasi_oleh_pengendali_lama_masih_bersyarat,"Ang Kong Meng, ketua eksekutif, pimpinan utama, dan pemegang 77,27%, mengusulkan keluar dari bursa melalui exit offer S$0,155 per saham serta S$0,065 per waran. Setelah pelaksanaan waran, kepentingannya menjadi 71,49%.",
BKX,YONGMAO HOLDINGS LIMITED,40,2026-01-07,2026-08-26,tidak_ada_petunjuk,0,0,tidak_ada_petunjuk,"Pengumuman yang ditelaah mencakup surat utang jangka pendek digital, kecelakaan derek, hasil tahunan, dan kepentingan direktur. Tidak ditemukan pembelian/penjualan pengendali atau pergantian bisnis penerbit dalam bahan yang diperiksa.",
BKZ,BKZ · SUNTAR ECO-CITY LIMITED,23,2026-02-27,2026-09-08,pantau,1,1,pantau,Suntar Eco-City mengumumkan perjanjian usaha patungan pada 8 September 2026 dan lampirannya telah dibuka. Tidak ditemukan dalam bahan yang diperiksa bukti transaksi itu mengalihkan kendali penerbit atau memasukkan bisnis melalui akuisisi pengendali.,
BLR,DARCO WATER TECHNOLOGIES LIMITED,45,2026-02-11,2026-08-14,transaksi_selesai,2,2,transaksi_selesai,"Tahap pertama pembelian 49% Darco InfraCo Vietnam Water selesai dan target menjadi anak usaha sekitar 71% Darco. Ini pembelian anak usaha, bukan bukti pergantian pengendali Darco; pembaruan tanpa kode juga telah ditinjau.",https://links.sgx.com/1.0.0/corporate-announcements/TVPWEPQQM17UDLSV/882993_DWT%20-%20Ann%20-%20First%20Tranche%20Completion.pdf
BLS,HOTUNG INVESTMENT HLDGS LTD,43,2026-01-07,2026-08-14,tidak_ada_petunjuk,0,0,tidak_ada_petunjuk,"Dokumen mencatat pergantian pengurus, pembelian kembali saham, dan pencatatan perusahaan investee H2U. Tidak ditemukan pada bahan yang diperiksa bukti perpindahan pengendali Hotung atau injeksi bisnis yang mengubah usaha utamanya.",
BLU,GRP LIMITED,34,2026-01-02,2026-09-18,pantau,4,4,rencana_pengambilalihan_balik_proyek_bintan_masih_tidak_mengikat,"GRP pada 26 Januari menandatangani kesepakatan awal tidak mengikat untuk membeli sampai 100% Bintan Investment Management dari ketua independennya, Francis Chua, yang juga pemilik tunggal target. Target disebut mengembangkan kawasan industri terpadu di Bintan untuk tenaga surya, akuakultur, pertanian, pusat data, dan baterai. Harga akan dibayar dengan saham GRP kepada Francis Chua dan disertai rencana penerbitan waran hak saham satu banding satu. GRP sendiri menyatakan transaksi dapat menjadi pembelian sangat besar dan pengambilalihan balik. Laporan 25 Agustus masih menyebut negosiasi berjalan; belum ada harga, valuasi, perjanjian final, atau penyelesaian.",https://links.sgx.com/1.0.0/corporate-announcements/FNTYIP1JQ89JSVDS/872935_GRP%20-%20Lapse%20of%20HOA.pdf
BLZ,ADVANCED HOLDINGS LTD.,42,2026-02-25,2026-08-13,belum_cukup,0,3,pivot_internal_pertanian_indonesia_tanpa_sponsor_baru,"Advanced Holdings menyelesaikan pelepasan anak usaha Saudi dari bisnis lama pada 6 Maret. Pendiri dan direktur pelaksana pensiun; pengumuman 25 Maret menyatakan tim baru akan membawa grup ke pertanian. Gerald Pang menjadi pimpinan utama, sementara operasi utama berkembang di PT Advanced Agri Indonesia dan perdagangan hasil pertanian ditargetkan mulai pada paruh kedua 2026.",
BMGU,BHG RETAIL TRUST MANAGEMENT PTE. LTD. (manager BHG Retail REIT),49,2026-02-13,2026-09-17,belum_cukup,2,2,belum_cukup,"Form 3 September 2026 menunjukkan BHM SCM menaikkan kepentingan totalnya dari 8,15% menjadi 10,63% melalui pembelian unit dari entitas grup dan pihak tidak terkait. Lampiran Form 3 untuk pengumuman lanjut 17 September hanya terekstrak sebagai placeholder, sehingga bahan tidak cukup untuk menyatakan seluruh rangkaian perubahan kepentingan telah selesai diuji; dokumen yang dapat dibaca tidak membuktikan pengambilalihan BHG Retail REIT.",https://links.sgx.com/1.0.0/corporate-announcements/COUSD7IHGHGACZ7G/903803__BHG%20REIT-Form%203-Beijing%20Hualian%20Mall%20Singapore%20Commercial%20Management%20Pte.%20Ltd..pdf
BN2,VALUETRONICS HOLDINGS LIMITED,75,2026-01-29,2026-09-18,pantau,2,2,pantau,Lampiran Form 3 untuk seluruh perubahan kepentingan yang ditandai telah dibuka. Kenaikan OCBC melewati 5% melalui kepemilikan deem; bahan tidak menunjukkan satu pihak mengambil kendali Valuetronics.,
BN4,KEPPEL LTD.,323,2026-01-02,2026-09-18,belum_cukup,0,0,belum_cukup,Pengumuman transaksi dan petunjuk isi yang ditandai audit telah dibuka. Namun keluasan 323 dokumen membuat hasil negatif tidak layak dinyatakan final tanpa pembukaan seluruh transaksi/petunjuk tersisa; tidak ada bukti perubahan pengendali Keppel dalam dokumen yang dibuka.,
BNE,BNE · KENCANA AGRI LIMITED,28,2026-02-27,2026-08-14,tidak_ada_petunjuk,0,0,tidak_ada_petunjuk,"Hasil, rapat umum, dan pengangkatan pengurus diperiksa; tidak ditemukan transaksi pengendalian dalam bahan yang diperiksa.",
BPF,YHI INTERNATIONAL LIMITED,42,2026-01-16,2026-08-25,tidak_ada_petunjuk,0,0,tidak_ada_petunjuk,"Penggantian direktur eksekutif adalah suksesi keluarga: Ryan Tay Guoren menggantikan pamannya, Tay Tiang Guan, sementara ayahnya tetap ketua eksekutif. Tidak ditemukan transaksi saham, pembiayaan, atau perubahan pengendali pada bahan diperiksa.",
BQC,A-SMART HOLDINGS LTD.,8,2026-03-16,2026-08-05,pantau,3,3,rights_issue_shortfall_dan_setoff_pengendali_lama_bersyarat,"A-Smart mengusulkan penerbitan hak satu banding satu sampai 268.781.002 saham pada S$0,10. Kelompok Ma Weidong dan Oei Hong Leong berjanji mengambil hak serta sisa saham; jika pemegang lain tidak ikut, kepentingan mereka diproyeksikan sekitar 46,06% dan 37,09%. Pinjaman Ma S$13,44 juta akan disalinghapuskan dengan pembayaran saham.",https://links.sgx.com/1.0.0/corporate-announcements/B2T7FCDP0Z7SVZIM/893596_A-Smart%20-%20Rights%20Issue.pdf
BQD,ENVICTUS INTERNATIONAL HOLDINGS LIMITED,45,2026-01-01,2026-09-15,tidak_ada_petunjuk,1,1,tidak_ada_petunjuk,"Lampiran akuisisi dan penyelesaiannya, pengungkapan kepemilikan Tan Boon Seng, pendirian anak usaha, dan laporan tahunan telah diperiksa. Akuisisi pabrik/gudang di Selangor dilakukan oleh anak usaha dan merupakan ekspansi aset/operasi, bukan bukti perubahan kendali penerbit.",https://links.sgx.com/1.0.0/corporate-announcements/2ZQ2ZDPGZHEQM6O3/872398_EIH%20-%20Proposed%20Acquisition%20of%20Property.pdf
BQF,XMH HOLDINGS LTD.,81,2026-01-07,2026-08-28,tidak_ada_petunjuk,0,0,tidak_ada_petunjuk,"Perubahan kepentingan Lee Ay Ling pada Juli adalah pemindahan 2.060.000 saham dari rekening bersama ke rekening suaminya dan pengangkatan kerabat pemegang saham ke jabatan manajerial. Tidak ditemukan transaksi yang mengubah kendali XMH pada bahan diperiksa; kode penerus 9PQ juga ditinjau sebagai kronologi yang sama, dengan bukti yang tersedia hanya penyelesaian stock split 8 September.",
BQM,TIONG WOON CORPORATION HOLDING LTD,19,2026-02-13,2026-08-31,tidak_ada_petunjuk,0,0,tidak_ada_petunjuk,Pengumuman yang terpicu adalah laporan Rule 706A mengenai perubahan anak usaha dan hasil/presentasi perusahaan. Tidak ditemukan perpindahan pengendali penerbit atau transaksi pembelian/penjualan bisnis material dalam bahan yang diperiksa.,
BQN,BH GLOBAL CORPORATION LIMITED,33,2026-02-26,2026-08-13,tidak_ada_petunjuk,0,0,tidak_ada_petunjuk,"Pembaruan pemisahan anak usaha, likuidasi sukarela anak usaha, mandat pembelian saham, dan perubahan pengurus telah diperiksa. Tidak ada bukti pihak lain membeli saham atau memperoleh kendali atas BH Global.",
BQP,SOUTHERN PACKAGING GROUP LIMITED,15,2026-02-28,2026-08-12,belum_cukup,1,1,belum_cukup,Arsip berisi laporan tahunan/hasil dan dokumen rapat; penanda otomatis pada laporan tidak cukup membuktikan perubahan kendali atau arah usaha. Lampiran utama telah diperiksa dalam bundel pengumuman.,
BRD,SAPPHIRE CORPORATION LIMITED,27,2026-02-27,2026-09-10,transaksi_selesai,1,1,transaksi_selesai,Sapphire mencatat pembentukan/asosiasi dan akuisisi anak usaha kecil melalui pengungkapan Rule 706A; akuisisi Januari 2026 adalah 100% Sichuan Shengshi Yuda dengan nilai RMB159.650. Tidak ada bukti perubahan pengendali emiten.,https://links.sgx.com/1.0.0/corporate-announcements/7ZPCN6KZFZR6L0F7/900695_Sapphire%20-%20ANN%20PURSUANT%20TO%20RULE%20706A%20OF%20THE%20SGX-ST%20LISTING%20MANUAL%20v2.pdf
BRS,USP GROUP LIMITED,91,2026-01-09,2026-08-31,pantau,3,5,rencana_perubahan_pengendali_bersyarat,"USP Group masih tersuspensi. Pinjaman S$3 juta dari Ascendro Group telah dicairkan seluruhnya; rencana konversi 270.862.209 saham pada S$0,011 akan memberi Ascendro 75% saham USP jika disetujui. Pemilik tunggal Ascendro, Maio Dangi, masuk sebagai wakil ketua dewan pada 30 Juli 2026. Anak usaha USP sudah membuat usaha patungan dengan Kimera Health, termasuk PT Kimera Flux Indonesia, dan menandatangani niat tidak mengikat untuk membeli sampai 51% bisnisnya. Konversi dan pembelian Kimera belum dinyatakan selesai dalam arsip.",
BS6,YANGZIJIANG SHIPBUILDING (HOLDINGS) LTD.,8,2026-04-09,2026-04-28,pantau,1,1,pantau,"Pengumuman tanpa kode yang ditautkan menunjukkan akuisisi 10% Poseidon Corp. dan penyelesaiannya; ini investasi bisnis oleh emiten, bukan bukti perubahan pengendali Yangzijiang.",
BSL,RAFFLES MEDICAL GROUP LTD,80,2026-01-16,2026-09-04,pantau,1,1,pantau,Perubahan kepentingan Global Alpha Capital Management serta beberapa perubahan pengurus muncul dalam arsip. Tidak ditemukan bukti pada dokumen yang dibuka bahwa transaksi itu memindahkan kendali Raffles Medical atau mengubah bisnis utama.,
BTE,BUND CENTER INVESTMENT LTD,21,2026-02-24,2026-08-11,pantau,1,1,pantau,"Bund Center mengumumkan pergantian direktur keuangan. Laporan tahunan bertag perantara/Indonesia adalah petunjuk untuk ditelusuri, bukan bukti transaksi saham atau kendali.",
BTF,DEBAO PROPERTY DEVELOPMENT LTD.,18,2026-02-24,2026-08-14,belum_cukup,1,1,belum_cukup,"Debao menerima pemberitahuan strike-off untuk anak usaha yang tidak beroperasi tetapi memegang aset, lalu menyatakan akan menolak strike-off. Ini bukan perubahan kendali penerbit; ekstraksi pembaruan lanjutan terlalu terpotong untuk mengonfirmasi status aset/keberatan terakhir.",https://links.sgx.com/1.0.0/corporate-announcements/FK5GHNJDZ2N97CA1/884683_Announcement%20-%20Striking-off%20Notice%20-%20Derong.pdf
BTG,HG METAL MANUFACTURING LIMITED,36,2026-01-16,2026-09-10,pantau,1,1,pantau,"HG Metal beberapa kali memperpanjang tanggal akhir akuisisi properti dan kemudian memberi pembaruan; ini adalah pembelian aset oleh penerbit, bukan bukti pengambilalihan penerbit. Tidak ditemukan dalam bahan yang diperiksa perubahan pemegang saham pengendali.",
BTJ,A-SONIC AEROSPACE LIMITED,204,2026-01-05,2026-09-18,transaksi_selesai,2,2,transaksi_selesai,BTJ menyelesaikan kepemilikan 55% RES Malaysia pada 1 Juli 2026. Tiga puluh empat formulir yang diperiksa merupakan perubahan kepentingan mengikuti pembelian kembali saham oleh BTJ; formulir menyatakan nilai transaksi pemegang saham sebagai NA dan tidak menunjukkan pembeli eksternal atau pengalihan kendali. Usaha patungan 60% JGL masih bersyarat pada akhir arsip.,https://links.sgx.com/1.0.0/corporate-announcements/Q59PQIPVWOZ9WIWL/895028_sgxnet20260701%20-%20Completion%20of%20JV%20with%20RES.pdf
BTM,PENGUIN INTERNATIONAL LIMITED,61,2026-02-27,2026-08-25,pantau,1,1,pantau,"Penguin mendirikan anak usaha Batam dan membeli seluruh saham PT LA Engineering untuk lahan/kapasitas galangan. Penjual PT LA Engineering dinyatakan independen; ini ekspansi aset anak usaha di Indonesia, bukan perubahan pengendali Penguin.",https://links.sgx.com/1.0.0/corporate-announcements/OZFRKSO6XD5TMYU0/880642_PIL%20Setting%20Up%20PT%20Maju%20Batam%20Shipyard.pdf
BTOU,MANULIFE US REAL ESTATE MANAGEMENT PTE. LTD.,73,2026-01-14,2026-08-30,transaksi_selesai,1,1,transaksi_selesai,"Pengelola dana mengumumkan dan kemudian menyelesaikan penjualan properti Figueroa di Los Angeles. Ini pelepasan aset dana, bukan transaksi saham atau perubahan pengendali penerbit.",https://links.sgx.com/1.0.0/corporate-announcements/9QYA8FO7NBD3ENIF/891826_Manulife%20US%20REIT%20-%20Completion%20Announcement_10%20Jun%202026.pdf
BTP,BAKER TECHNOLOGY LIMITED,57,2026-01-12,2026-09-03,belum_cukup,1,1,belum_cukup,"Bahan yang dibuka mencakup laporan tahunan serta perubahan kepentingan direktur dan pemegang saham besar. Banyak dokumen lain adalah pembelian kembali saham harian, hasil keuangan, dan pengumuman anak usaha; tidak ada bukti perubahan pengendali dalam dokumen yang dibuka, tetapi rangkaian formulir kepemilikan belum cukup untuk kesimpulan negatif menyeluruh.",
BTX,ANCHUN INTERNATIONAL HOLDINGS LTD.,45,2026-02-27,2026-08-13,pantau,1,1,pantau,"Laporan tahunan dan rangkaian AGM/EGM yang memuat petunjuk telah dibuka. Materinya membahas skema insentif dan operasi, bukan perubahan kendali AnChun.",
BTY,FULL APEX (HOLDINGS) LIMITED,2,2026-03-11,2026-03-11,transaksi_selesai,1,1,transaksi_selesai,"Full Apex akan dihapus dari daftar SGX pada 13 Maret 2026 karena sangat insolven dan tidak dapat memberi penawaran keluar. Ini peristiwa delisting, bukan transaksi yang membuktikan pengendali baru.",https://links.sgx.com/1.0.0/corporate-announcements/0ZX24QFCN3FCKK5U/878028_Full%20Apex_Ann_%20Delisting%20of%20Security.pdf
BUOU,FRASERS LOGISTICS & COMMERCIAL TRUST,112,2026-01-02,2026-09-17,transaksi_selesai,1,1,transaksi_selesai,"Frasers Logistics & Commercial Trust mengumumkan lalu menyelesaikan akuisisi kepentingan dalam empat properti di Jerman dan Belanda. Ini akuisisi aset oleh trust, bukan bukti perubahan pengendali trust.",
BVA,TOP GLOVE CORPORATION BHD,395,2026-01-02,2026-09-18,pantau,1,1,pantau,"Bahan yang diperiksa menunjukkan akumulasi saham pasar oleh Tan Sri Dr Lim Wee Chai/keluarga Lim dan suksesi manajemen internal kepada Lim Jin Feng, bukan pembelian pengendali oleh pihak luar. Laporan kuartal ketiga tidak mencatat perubahan signifikan komposisi grup atau peristiwa material lanjutan; tidak ditemukan tautan Indonesia dalam bahan yang dibuka.",https://links.sgx.com/1.0.0/corporate-announcements/ZT5JPNARG7GK4ABE/871120_TopGlove_Announcement_Changes_in_Substantial_Shareholders_Interest_2.1.2026_LWC.pdf
BWCU,EC WORLD ASSET MANAGEMENT PTE LTD (manager EC World REIT),65,2026-01-26,2026-09-02,belum_cukup,3,3,kemungkinan_reorganisasi_sponsor_tanpa_pihak_baru,"Pengelola EC World REIT menyatakan reorganisasi sponsor mungkin melibatkan perubahan kendali, tetapi tidak menyebut calon pengendali atau transaksi final. Permohonan tambahan waktu untuk proposal pemulihan kemudian ditarik.",https://links.sgx.com/1.0.0/corporate-announcements/XKRJM3OOKMXFY1Z2/891728_ECW-Further%20EOT%20to%20Submit%20Resumption%20Proposal.pdf
BWM,ZHEJIANG ENERGY INTERNATIONAL LIMITED,61,2026-02-12,2026-09-11,belum_cukup,2,3,pendekatan_transaksi_saham_dengan_pihak_belum_diungkap,"Zheneng Jinjiang Environment menyatakan pada 12 Februari bahwa suatu pihak telah mendekati perusahaan untuk kemungkinan transaksi atas saham perusahaan. Pada 11 September, setelah tujuh pembaruan bulanan, pembicaraan rahasia masih berjalan. Dewan belum mengambil keputusan atau menandatangani perjanjian dan pihak, harga, serta bentuk transaksi belum diungkap.",
BXE,CDW HOLDING LIMITED,42,2026-01-02,2026-09-08,tidak_ada_petunjuk,0,0,tidak_ada_petunjuk,"Seluruh pengungkapan Mikuni/Yoshimi yang ditandai telah dibuka; perubahan persentase pemegang saham besar tidak menunjukkan penjualan kendali CDW. Rapat tahunan menunjukkan evaluasi usaha non-inti dan teknologi LNP-LANFA, tetapi tidak ada perjanjian pengambilalihan penerbit atau pergantian pengendali pada bahan diperiksa.",
BYI,PHILLIP CAPITAL MANAGEMENT (S) LTD,7,2026-06-26,2026-07-17,tidak_ada_petunjuk,0,0,tidak_ada_petunjuk,"Semua judul berupa pengumuman dividen dan replikasinya. Tidak ada transaksi saham, bisnis, utang, anak usaha, atau perubahan pengendali dalam bahan yang diperiksa.",
BYJ,PHILLIP CAPITAL MANAGEMENT (S) LTD,3,2026-01-16,2026-01-16,tidak_ada_petunjuk,0,0,tidak_ada_petunjuk,"Dokumen membahas distribusi ETF Phillip SGX APAC Dividend Leaders REIT, termasuk konversi US$0,020 menjadi S$0,0257 per unit. Tidak ditemukan transaksi kendali atau bisnis penerbit dalam bahan yang diperiksa.",
BYS,UPL LIMITED,46,2026-01-27,2026-08-06,pantau,2,2,pantau,"UPL mengumumkan Composite Scheme of Arrangement dan pembaruan/observasi regulator India. Presentasi reorganisasi menjelaskan penggabungan UPL SAS dan UPL Cayman ke UPL Global, serta pemisahan vertikal bisnis crop-protection India; proses persetujuan dan pencatatan diproyeksikan sekitar 12–15 bulan. Arsip ini tidak memberi bukti penyelesaian atau perubahan pengendali UPL yang final.",
C04,Casa Holdings Limited,57,2026-01-01,2026-07-31,transaksi_selesai,2,3,injeksi_aset_keluarga_pengendali_selesai_tanpa_pengendali_baru,"Casa menyelesaikan pembelian 80% Polybuilding dari Lim Soo Kong serta kendaraan keluarga Dimi dan Vistone senilai S$13,2 juta. Sebanyak S$8,58 juta dibayar dengan 65 juta saham baru atau 23,65% saham setelah penerbitan; kelompok penjual lama secara aritmetis naik dari 28,57% menjadi 45,46%.",
C05,CHEMICAL INDUSTRIES (FAR EAST) LIMITED.,32,2026-01-02,2026-08-26,tidak_ada_petunjuk,0,0,tidak_ada_petunjuk,"Seluruh judul mencakup laporan rutin, penilaian properti, rapat pemegang saham, dividen, dan koreksi laporan. Tidak ditemukan transaksi pemegang saham, bisnis, atau pembiayaan yang menunjukkan perubahan kendali dalam bahan yang diperiksa.",
C06,CSC HOLDINGS LIMITED,78,2026-01-09,2026-09-16,belum_cukup,0,0,belum_cukup,"Pemberitahuan penutupan penuh commercial paper dibuka. Pendanaan tersebut bukan sendiri bukti pengendalian, dan pengumuman kepemilikan/pengurus lainnya belum direkonsiliasi; hasil negatif tidak diberikan.",
C07,JARDINE CYCLE & CARRIAGE LIMITED,78,2026-01-29,2026-09-18,pantau,2,2,pantau,"Dokumen menunjukkan pelepasan investasi Vinamilk dan usulan penjualan bisnis Cycle & Carriage di Singapura serta Malaysia. Rangkaian ini dapat mengubah komposisi usaha, tetapi tidak membuktikan perubahan pengendali Jardine Cycle & Carriage.",
C09,CITY DEVELOPMENTS LIMITED,109,2026-01-09,2026-09-17,pantau,1,1,pantau,"Lampiran perubahan kepentingan pemegang saham besar, pinjaman pemegang saham usaha patungan, transaksi Rule 706A, serta pengumuman anak usaha telah diperiksa. HLIH/Kwek/Davos tetap berada pada rantai pemegang saham utama; perubahan Maret adalah akuisisi internal atau terkait dengan kenaikan HLIH dari 49,285% menjadi 49,448% dan tidak mengubah tingkat kendalinya. Pantau pengumuman strategis berikutnya, tetapi tidak ada bukti pengambilalihan baru CDL dalam bahan yang diperiksa.",https://links.sgx.com/1.0.0/corporate-announcements/6J3LRNPU9XOWCX2W/877969__Form%203%20-%20HLIH%20KH.pdf
C13,CH OFFSHORE LTD.,27,2026-01-12,2026-09-03,pantau,1,1,pantau,Arsip mencatat perubahan pejabat dan pemulihan tagihan charterhire/kapal. Rangkaian itu tidak mendokumentasikan pembeli atau penjual saham pengendali maupun pergantian usaha utama.,
C2PU,PARKWAY TRUST MANAGEMENT LIMITED,151,2026-01-19,2026-08-17,transaksi_selesai,1,1,transaksi_selesai,"Penjualan aset Jepang selesai. Lampiran utama setiap pengumuman transaksi yang ditandai audit telah dibuka; formulir mencatat kepentingan unit, bukan perubahan pengendali penerbit atau manajer.",https://links.sgx.com/1.0.0/corporate-announcements/C0F2ZFRF4A9R62BO/894821_PLife-Divestment%20of%20a%20Nursing%20Home%20Property%20Located%20in%20Japan.pdf
C33,CHUAN HUP HOLDINGS LIMITED,65,2026-02-06,2026-09-18,pantau,2,1,pengendali_lama_naik_persentase_karena_saham_treasuri,"Kai Xin Guo tetap memegang 478.264.490 saham Chuan Hup. Persentasenya naik dari 54,44% menjadi 55,37%, dan kepentingan total Peh Siong Woon Terence naik dari 58,73% menjadi 59,74%, tanpa perubahan jumlah saham. Formulir menyatakan penghitungan memakai saham beredar setelah mengecualikan 48.678.400 saham treasuri. Ini perubahan penyebut akibat pembelian kembali saham, bukan pembeli atau pengendali baru.",https://links.sgx.com/1.0.0/corporate-announcements/CQFPRSK5CN47QZH5/885164_AcquisitionofPropertyV4.220426.pdf
C38U,CAPITALAND INTEGRATED COMMERCIAL TRUST MANAGEMENT LIMITED,231,2026-01-05,2026-09-17,transaksi_selesai,2,2,transaksi_selesai,"CICT menyelesaikan akuisisi Paragon dan membiayainya antara lain lewat penempatan unit baru serta hasil pelepasan Asia Square Tower 2. Ini adalah perombakan portofolio properti dan pendanaan CICT, bukan bukti pengambilalihan atau perubahan pengendali penerbit.",https://links.sgx.com/1.0.0/corporate-announcements/RRSSOPI1VSQDWPSX/884696_CICT_Acquisition%20Announcement_Final.pdf
C41,CORTINA HOLDINGS LIMITED,34,2026-05-15,2026-09-14,pantau,1,1,pantau,"Cortina menyelesaikan masuk usaha ritel Australia dan merencanakan suksesi ketua pada 1 Januari 2027. Tawaran beli kembali hingga 8% saham adalah tindakan perseroan terhadap seluruh pemegang saham, bukan pembelian perusahaan oleh pihak baru; hasilnya belum ada pada batas arsip.",https://links.sgx.com/1.0.0/corporate-announcements/YFPBOGFEK858MUXF/893802_Update%20on%20Retail%20Business.pdf
C52,COMFORTDELGRO CORPORATION LIMITED,78,2026-01-15,2026-09-18,tidak_ada_petunjuk,0,0,tidak_ada_petunjuk,"Perubahan kepentingan Silchester, pembelian kembali saham, transaksi anak usaha menurut Rule 706A, investasi pendidikan mengemudi, dan perubahan komposisi dewan telah diuji. Tidak ditemukan dalam bahan yang diperiksa bukti perubahan pengendali atau masuknya bisnis privat ke penerbit.",
C6L,SINGAPORE AIRLINES LIMITED,32,2026-05-14,2026-08-24,tidak_ada_petunjuk,0,0,tidak_ada_petunjuk,"Bahan yang diperiksa berupa dividen dan rangkaian dokumen rapat umum, termasuk tanya jawab pemegang saham. Tidak ditemukan pada bahan yang diperiksa transaksi pengendalian, penjualan bisnis, atau pembiayaan yang relevan dengan perubahan kendali.",
C70,CITY DEVELOPMENTS LIMITED,13,2026-05-12,2026-06-11,tidak_ada_petunjuk,0,0,tidak_ada_petunjuk,"Rangkaian ini adalah pembelian kembali maksimum 10% saham preferen tanpa hak suara umum oleh penerbit. Dokumen penyampaian, penutupan, dan hasil penawaran telah dibuka; tidak ada implikasi aturan pengambilalihan.",https://links.sgx.com/1.0.0/corporate-announcements/7RVRJFXXD1IOY48I/888481_CDL%20Offer%20Announcement%2012%20May%202026.pdf
C76,CREATIVE TECHNOLOGY LTD.,15,2026-01-05,2026-08-20,transaksi_selesai,1,1,transaksi_selesai,"Creative menyelesaikan pelepasan aset dan partisipasi pada Zeica Labs pada 14 Januari, kemudian memegang 40% Zeica. Judul tambahan tanpa kode telah diperiksa; tidak ada yang mengubah fakta bahwa ini transaksi aset/investasi Creative, bukan pengambilalihan Creative.",
C8R,JIUTIAN CHEMICAL GROUP LIMITED,27,2026-02-25,2026-08-12,tidak_ada_petunjuk,0,0,tidak_ada_petunjuk,"Semua judul ditinjau. Sustainability Report yang terpicu juga dibuka dan menjelaskan manufaktur kimia serta strategi ESG; arsip tidak memuat pengumuman transaksi saham, utang, bisnis, atau pengendalian yang relevan.",
C9Q,SINOSTAR PEC HOLDINGS LIMITED,31,2026-02-28,2026-09-04,belum_cukup,0,0,belum_cukup,"Form 3 Intelligent People Holdings mencatat perpindahan 66.083.050 saham dari rekening nominee ke rekening sendiri pada 19 Agustus 2026, tanpa akuisisi, penjualan, atau imbalan. Kepemilikan total tetap 69,62%; dokumen yang dibuka tidak membuktikan perubahan kendali.",
CC3,STARHUB LTD.,98,2026-01-09,2026-08-24,tidak_ada_petunjuk,1,1,tidak_ada_petunjuk,"Lampiran perubahan kepentingan, hasil keuangan, rapat umum, laporan tahunan, dan transaksi aset yang dipicu audit telah dibuka. Transaksi yang ditemukan menyangkut anak usaha/asosiasi dan kepentingan pemegang saham lama; tidak ditemukan perubahan pengendali StarHub dalam bahan yang diperiksa.",
CEDU,DASIN RETAIL TRUST MANAGEMENT PTE.LTD.,34,2026-01-08,2026-09-01,pantau,2,2,pantau,"Pengelola wali amanat Dasin Retail Trust ditempatkan dalam pengelolaan yudisial atas permohonan Malayan Banking Berhad cabang Singapura. Ini menunjukkan tekanan tata kelola/utang, tetapi bahan yang diperiksa tidak menyatakan penjualan unit, pembeli, atau perubahan pengendali trust yang selesai.",https://links.sgx.com/1.0.0/corporate-announcements/OJ6R1DTL560MC2IK/874684_2026.02.10%20-%20Update%20on%20Judicial%20Management%20Application%20-%20Appointment%20of%20Interim%20Judicial%20Manager.pdf
CFA,AMOVA ASSET MANAGEMENT ASIA LIMITED,64,2026-01-02,2026-09-18,tidak_ada_petunjuk,0,0,tidak_ada_petunjuk,"Seluruh judul berisi nilai aset bersih per unit serta distribusi kas atau modal dana. Tidak ada judul transaksi saham, utang, pembelian bisnis, atau pergantian kendali yang memerlukan pembukaan lampiran.",
CHJ,CHJ · UNI-ASIA GROUP LIMITED,107,2026-01-29,2026-08-28,pantau,2,2,pantau,Pembelian kapal dan perubahan kepentingan pemegang saham telah diperiksa. Ini transaksi aset dan perdagangan saham; tidak ada bukti bahwa pengendali penerbit berubah.,
CHZ,HRNETGROUP LIMITED,109,2026-01-21,2026-09-07,tidak_ada_petunjuk,0,0,tidak_ada_petunjuk,"Penjualan dan usul transfer saham treasuri dilakukan untuk tujuan remunerasi atau di pasar terbuka, sedangkan perubahan kepentingan pengurus/pemegang saham dicatat sebagai pengungkapan rutin. Kepemilikan HRnetGroup atas Staffline adalah investasi pihak luar; tidak ada bukti pengendali HRnetGroup berubah pada bahan diperiksa.",
CIN,COURAGE INVESTMENT GROUP LIMITED,56,2026-01-05,2026-09-07,tidak_ada_petunjuk,0,0,tidak_ada_petunjuk,"Arsip adalah pengumuman cermin Hong Kong, terutama laporan berkala, pengunduran diri direktur, dan daftar direksi. Setelah membaca dokumen yang ditandai, tidak ditemukan transaksi saham, bisnis, atau pengendalian penerbit pada bahan yang diperiksa.",
CJLU,NETLINK NBN MANAGEMENT PTE. LTD.,90,2026-01-15,2026-08-23,pantau,1,1,pantau,NetLink NBN mencatat perubahan kepentingan Temasek dan M&G serta perubahan anggota dewan independen. Dokumen yang diperiksa tidak menyatakan pihak tersebut mengambil alih kendali NetLink atau membawa bisnis baru.,
CJN,BRITISH AND MALAYAN HOLDINGS LIMITED,6,2026-02-06,2026-08-28,tidak_ada_petunjuk,0,0,tidak_ada_petunjuk,"Arsip terdiri dari hasil keuangan dan satu pengumuman umum tanpa penanda transaksi. Tidak ditemukan bukti pembelian atau penjualan saham, bisnis, pendanaan pengendalian, atau perubahan kendali pada bahan yang diperiksa.",
CLN,APAC REALTY LIMITED,54,2026-02-04,2026-09-10,pantau,2,2,pantau,"APAC Realty mengusulkan tender sukarela untuk sisa 9,4% PT ERA Graharealty Tbk dan delisting IDX, setelah telah memegang sekitar 90,6%. Transaksi masih bergantung pada tender, persetujuan pemegang saham independen, dan otoritas Indonesia; ini bukan pengambilalihan APAC Realty.",https://links.sgx.com/1.0.0/corporate-announcements/G0634S67O5WU0AWU/903965_APAC%20Realty%20-%20Acquisition%20of%20minority%20shares%20of%20PT%20ERA.pdf
CLR,LION GLOBAL INVESTORS LIMITED,58,2026-01-02,2026-09-18,tidak_ada_petunjuk,0,0,tidak_ada_petunjuk,"Prospektus Lion-Phillip S-REIT ETF telah diperiksa. Dokumen menerangkan penerbitan, langganan, dan penebusan unit dana; tidak ada transaksi perubahan kendali atau pengambilalihan manajer/penerbit pada bahan yang diperiksa.",
CMOU,KEPPEL PACIFIC OAK US REIT MANAGEMENT PTE. LTD.,113,2026-01-06,2026-09-09,pantau,2,2,pantau,"Pac Oak REIT, pemegang tidak langsung sekitar 6,14% unit KORE, mempertimbangkan likuidasi dan potensi penjualan unit, namun manajer menyatakan belum mengetahui adanya penjualan. Pengelola aset AS sebelumnya diganti Transwestern dengan tim sama; pengunduran diri salah satu sekretaris perusahaan pada Juli tidak mengubah keadaan tersebut dan bukan bukti perubahan kendali KORE.",https://links.sgx.com/1.0.0/corporate-announcements/N72F585K0HMRQ7L9/873934_KORE%20-%20SGX%20Announcement.pdf
CNE,MINDCHAMPS PRESCHOOL LIMITED,29,2026-02-26,2026-09-18,tidak_ada_petunjuk,0,0,tidak_ada_petunjuk,"Dokumen mencatat usaha patungan ekspansi California, pelepasan bisnis pusat prasekolah pada 2025, dan perekrutan eksekutif bisnis/investasi. Tidak ditemukan transaksi pengendali atau masuknya bisnis yang mengubah identitas penerbit dalam bahan yang diperiksa.",https://links.sgx.com/1.0.0/corporate-announcements/EU8YS0OP9W3Y2CI7/896050_Media%20Release%20MindChamps%20Appoints%20Former%20Dibber%20Global%20CIO%20to%20Accelerate%20Tech%20Driven%20Global%20Expansion.pdf
CRPU,CRPU · SASSEUR ASSET MANAGEMENT PTE. LTD.,145,2026-01-15,2026-09-15,tidak_ada_petunjuk,0,0,tidak_ada_petunjuk,"Dokumen terkait unit trust mencakup perubahan kepentingan, pengurus, valuasi dan penerbitan unit untuk biaya pengelolaan. Tidak ditemukan dalam bahan yang diperiksa bukti perpindahan kendali atas penerbit atau unit dana; perubahan pengelola dan kepemilikan unit tidak disamakan dengan pengambilalihan.",
CTO,HONG LAI HUAT GROUP LIMITED,82,2026-01-08,2026-08-17,pantau,2,2,pantau,"Arsip mencatat divestasi penuh divisi pertanian. Ini perubahan portofolio usaha yang selesai, tetapi dokumen yang diperiksa tidak membuktikan perubahan pengendali penerbit.",https://links.sgx.com/1.0.0/corporate-announcements/FDZSEBUVQZDIL5OQ/bc61f5026e9b935d92e410bfb9507d2b110294713d26304418dc74a38d918263
CVQB,HKT CAPITAL NO. 6 LIMITED,4,2026-04-23,2026-04-23,tidak_ada_petunjuk,0,0,tidak_ada_petunjuk,"Dokumen adalah laporan keuangan tahunan para penjamin surat utang HKT Capital No. 6. Tidak ada pengumuman transaksi pengendalian, penerbitan saham, atau perubahan bisnis penerbit instrumen utang.",
CXS,UOB ASSET MANAGEMENT LTD,38,2026-01-02,2026-09-18,tidak_ada_petunjuk,0,0,tidak_ada_petunjuk,"Semua 38 dokumen adalah pengumuman mingguan nilai aktiva bersih per unit oleh manajer dana. Tidak ada transaksi saham, pengambilalihan, pembiayaan, atau perubahan usaha penerbit yang diungkapkan.",
CXT,AMOVA ASIA LIMITED VCC,38,2026-01-02,2026-09-18,tidak_ada_petunjuk,0,0,tidak_ada_petunjuk,"Seluruh judul yang tersedia berupa nilai aset bersih per unit mingguan. Tidak ditemukan transaksi saham, pendanaan pengambilalihan, atau perubahan usaha dalam bahan yang diperiksa.",
CXU,CXU · UOB ASSET MANAGEMENT LTD,38,2026-01-02,2026-09-18,pantau,0,0,pantau,Dokumen dalam arsip adalah pengumuman nilai aset bersih per unit secara berkala; tidak ada rangkaian perubahan pengendali penerbit yang terlihat dalam bahan yang diperiksa.,
CY6U,CAPITALAND INDIA TRUST MANAGEMENT PTE. LTD.,193,2026-01-05,2026-09-14,transaksi_selesai,2,2,transaksi_selesai,"Lampiran utama seluruh pengumuman transaksi terpicu telah dibuka. CLINT menyelesaikan pelepasan 20,2% tiga perusahaan pusat data India dan tetap memiliki 79,8%; penempatan privat serta formulir kepentingan tidak membuktikan perubahan pengendali trust atau manajernya.",https://links.sgx.com/1.0.0/corporate-announcements/CY43G5GJL6OKNPN9/876492_Announcement%20-%2027%20Feb%202026.pdf
CYC,CSOP INVESTMENTS VCC,4,2026-06-05,2026-06-08,tidak_ada_petunjuk,0,0,tidak_ada_petunjuk,Seluruh judul diperiksa. Arsip hanya memuat pemberitahuan distribusi dana; tidak ditemukan petunjuk perubahan kendali penerbit.,
CYW,TRICKLESTAR LIMITED,154,2026-01-05,2026-09-14,prioritas,5,4,pemegang_baru_46_persen_lalu_masuk_dewan,"TrickleStar menyelesaikan penerbitan 79.083.200 saham baru pada 22 Mei 2026, setara 33,3% modal setelah transaksi; 70,3% dana bersih disiapkan untuk pembelian usaha. Tan Ong Huat membeli 30.104.767 saham sehari setelah perjanjian penempatan dan tercatat memiliki 45.148.767 saham atau 19,03% pada Juni. Kenaikan 15.044.000 sahamnya sama persis dengan sisa saham penempatan setelah alokasi yang dilaporkan kepada Ong Gim Loo, Neo Jia Le, dan Chua Hoi Tek. Tan lalu diangkat menjadi ketua eksekutif dan pimpinan utama, sementara Chua masuk sebagai direktur non-independen. Keempat pemegang itu secara aritmetis memegang sekitar 46,02%, tetapi dokumen tidak membuktikan mereka bertindak bersama dan belum menyebut target pembelian usaha.",https://links.sgx.com/1.0.0/corporate-announcements/7JHKSJRKE2PL9CBN/890001__20260522%20-%20eFORM3V2%20-%20Pek%20Choon%20Heng.pdf
CZNW,SG ISSUER,4,2026-02-27,2026-04-01,tidak_ada_petunjuk,0,0,tidak_ada_petunjuk,"Seluruh bahan adalah pemberitahuan jatuh tempo sertifikat leverage Nasdaq 7xShort. Sertifikat berakhir 1 April 2026 dan dibayar tunai S$0,001 per sertifikat; tidak ada transaksi pengendalian atau bisnis penerbit.",
D01,DFI RETAIL GROUP HOLDINGS LIMITED,46,2026-01-02,2026-09-03,pantau,1,1,pantau,"Hasil semester pertama mengungkap pembelian 100% Cody Hong Kong oleh grup DFI dari ARN Media Network, masih menunggu persetujuan pihak ketiga dan ditargetkan selesai pada paruh kedua 2026. Ini pembelian bisnis kecil oleh DFI untuk DFIQ Media, bukan perubahan pengendali DFI.",https://links.sgx.com/1.0.0/corporate-announcements/3FGJCOQU1ASBVV5M/897629_DFIRGH%202026HY%20Ann%20SGX.pdf
D03,DEL MONTE PACIFIC LIMITED,40,2026-01-12,2026-09-17,pantau,2,2,pantau,"Del Monte menjual kepentingan di Sundrop Brands dan hasilnya dipakai bagi modal kerja serta utang anak usaha Filipina. Proses Chapter 11 anak usaha AS masih berlangsung, tetapi Del Monte Pacific menyatakan bukan debitur, belum memasuki transaksi lelang, dan tidak mengendalikan hasilnya.",https://links.sgx.com/1.0.0/corporate-announcements/VMBIKVBSDSZOWQT3/b86e582a42e56f01e0a75e809fb9f87c56978ec9525d1e9e842c2c4e76e32699
D05,DBS GROUP HOLDINGS LTD,124,2026-01-12,2026-09-09,tidak_ada_petunjuk,1,1,tidak_ada_petunjuk,"DBS Bank membeli tambahan 52,2 juta saham Shenzhen Rural Commercial Bank sehingga kepemilikannya naik dari 19,40% menjadi 19,90%. Ini akuisisi minoritas oleh anak usaha DBS, bukan perubahan pengendali DBS.",https://links.sgx.com/1.0.0/corporate-announcements/HAR3ABII9NSN2HX4/874516_706A%20Announcement_2H25.pdf
D07,SPDR DOW JONES INDUSTRIAL AVERAGE ETF TRUST,32,2026-01-08,2026-09-17,tidak_ada_petunjuk,0,0,tidak_ada_petunjuk,"Semua judul ditinjau. Arsip hanya memuat distribusi bulanan, dividen, laporan periodik, serta klarifikasi nama dan deed ETF; tidak ditemukan transaksi perubahan kendali atau arah bisnis penerbit.",
D5IU,LANDMARK REIT MANAGEMENT LTD.,29,2026-01-26,2026-04-29,pantau,3,2,penerbitan_hak_oleh_sponsor_lama,"Landmark REIT menyelesaikan penerbitan hak hingga sekitar S$63 juta. Bridgewater International mempertahankan 46,83% dan PT Lippo Karawaci tetap memiliki kepentingan dianggap 47,45%. Usulan pengecualian penawaran wajib untuk penerbitan unit biaya pengelolaan kemudian ditolak pemegang unit pada 29 April 2026.",
D8DU,FSL TRUST MANAGEMENT PTE. LTD.,35,2026-02-03,2026-08-04,tidak_ada_petunjuk,0,0,tidak_ada_petunjuk,"Laporan tahunan FSL Trust yang ditandai telah dibuka, bersama judul arsip dan dokumen tambahan deregistrasi anak usaha. Tidak ditemukan transaksi yang mengalihkan kendali atas unit FSL Trust pada bahan yang diperiksa.",
DADB,BOC AVIATION LIMITED,2,2026-01-21,2026-01-21,pantau,0,0,pantau,Dua entri adalah pengumuman pasar utang. Tidak ditemukan bukti transaksi kendali dalam bahan yang diperiksa.,
DCRU,DIGITAL CORE REIT MANAGEMENT PTE. LTD.,144,2026-01-01,2026-09-14,belum_cukup,2,2,belum_cukup,"Judul mencakup transaksi portofolio Digital Core REIT, perubahan kepentingan pemegang unit, dan banyak pembelian kembali unit. Transaksi portofolio bukan otomatis perpindahan kendali atas dana; lampiran dan tindak lanjutnya telah diperiksa dalam bundel pengumuman penuh.",
DHLU,DAIWA HOUSE ASSET MANAGEMENT ASIA PTE. LTD.,72,2026-01-23,2026-08-07,tidak_ada_petunjuk,1,1,tidak_ada_petunjuk,"DHLU mengumumkan hasil keuangan, perubahan direksi pengelola sebagai suksesi bertahap, dan penyelesaian perubahan pencatatan penggunaan tanah DPL Shinfuji dari tanah pertanian menjadi bidang bangunan. Tidak ada dokumen yang dibuka menunjukkan pengalihan kepemilikan atau kendali unit Daiwa House Logistics Trust.",https://links.sgx.com/1.0.0/corporate-announcements/ZT66WFECBIPPQS4B/872917_DHLT-%20Update%20on%20the%20Conversion%20of%20Registered%20Land%20Use%20Relating%20to%20DPL%20Shinfuji.pdf
DM0,PSC CORPORATION LTD.,39,2026-01-21,2026-09-18,transaksi_selesai,3,1,penawaran_lama_selesai,Pengumuman 2026 mengonfirmasi tindak lanjut penawaran tunai wajib oleh Dr Goi Seng Hui atas PSC yang telah ditutup pada 2025. Pembayaran saham yang didivestasi adalah bukti proses pasca-penawaran; arsip ini tidak menyediakan dokumen penawaran awal lengkap.,https://links.sgx.com/1.0.0/corporate-announcements/YAWTAH15UOO051I3/9fbd95497318a5f73dca4581f196e712beae94384197d8a694f00b27650d0f7f
DRX,ST GROUP FOOD INDUSTRIES HOLDINGS LIMITED,37,2026-01-22,2026-08-27,tidak_ada_petunjuk,0,0,tidak_ada_petunjuk,"Pengumuman Rule 706A mencatat pembentukan dan pemindahan anak usaha, sebagian sebagai restrukturisasi internal, serta hasil usaha. Tidak ditemukan perpindahan pengendalian atas ST Group dalam bahan yang diperiksa.",https://links.sgx.com/1.0.0/corporate-announcements/DWFIUXXFNZZNL736/902610_ST%20Group%20-%20Pursuant%20to%20Rule%20706A%20of%20the%20Catalist%20Rule.pdf
DU4,MERMAID MARITIME PUBLIC CO LTD,69,2026-01-26,2026-08-11,pantau,1,1,pantau,"Mermaid membentuk usaha patungan 50:50 di Brunei dan usaha patungan Singapura untuk kapal miliknya. Ini ekspansi operasi oleh anak usaha Mermaid, bukan bukti perubahan pengendali Mermaid.",https://links.sgx.com/1.0.0/corporate-announcements/2ZEC92EGFAO5NIHI/885939_Announcement%20-%20Establishment%20of%20JV%20in%20Brunei.pdf
DYCB,THE BANK OF NOVA SCOTIA,2,2026-04-10,2026-07-10,tidak_ada_petunjuk,0,0,tidak_ada_petunjuk,"Dua pengumuman hanya pembayaran kupon instrumen Bank of Nova Scotia. Tidak ditemukan transaksi saham, bisnis, atau pengendali dalam bahan yang diperiksa.",
E27,THE PLACE HOLDINGS LIMITED,30,2026-02-12,2026-09-15,belum_cukup,2,2,belum_cukup,"Pengumuman auditor menyebut rencana pelepasan kepentingan pada New Vision Holdings dengan hasil kas S$21,018 juta, tetapi perjanjian Desember 2025 dan dokumen EGM tidak berada dalam arsip. Disclaimer audit mencakup transaksi pihak berelasi, pinjaman, dan kemampuan usaha berlanjut; ini bukan bukti transaksi selesai atau perubahan pengendali.",https://links.sgx.com/1.0.0/corporate-announcements/OQ510CX5NEOI0NNL/902496_20260826%20TPHL%20-%20Disclaimer%20of%20Opinion%20FY2024%20FS.pdf
E28,FRENCKEN GROUP LIMITED,141,2026-01-05,2026-09-17,tidak_ada_petunjuk,1,1,tidak_ada_petunjuk,"Frencken menyelesaikan penempatan 44.081.591 saham pada 3 September 2026 untuk sekitar S$100 juta. Pemberitahuan kepemilikan serta hasil dan pembaruan bisnis terkait diperiksa; Amova menyatakan bertindak sebagai pengelola dana dan mencapai 8,09%, bukan pengendali penerbit.",https://links.sgx.com/1.0.0/corporate-announcements/G4KO69DXY3CWBY8A/891501__20260605Form3_Amova_SMTG.pdf
E3B,WEE HUR HOLDINGS LTD.,68,2026-02-04,2026-09-03,pantau,2,2,pantau,"Wee Hur melakukan perluasan bisnis akomodasi mahasiswa Hong Kong dan beberapa usaha patungan/penataan anak usaha. Tiga pengumuman tambahan yang dibuka adalah jaminan proporsional atas fasilitas bank untuk usaha patungan Thomson dan Belmont; jaminan mengikuti porsi kepemilikan dan bukan perpindahan kendali penerbit. Formulir September mempertahankan total kepentingan GSC Holdings 37,98% setelah transfer kustodian, sehingga bukan bukti transaksi pengendalian.",https://links.sgx.com/1.0.0/corporate-announcements/UZJ3NNZA88JA5VXX/874224_REPL%20-%20Proportionate%20Guarantee%20to%20Banks%20WHTR%20and%20WHTC.pdf
E5H,E5H · GOLDEN AGRI-RESOURCES LTD,58,2026-01-12,2026-08-22,tidak_ada_petunjuk,0,0,tidak_ada_petunjuk,"Pengumuman aset, hasil keuangan, kepemilikan pemegang saham dan rilis PT SMART telah dibuka. Terdapat transaksi aset dalam kegiatan grup, tetapi tidak ditemukan dalam bahan yang diperiksa rangkaian yang menunjukkan pergantian pengendali Golden Agri-Resources atau pemasukan bisnis baru melalui perantara.",
E6R,LE TREE HOLDINGS LIMITED,36,2026-02-25,2026-08-14,transaksi_selesai,2,2,transaksi_selesai,"Le Tree menyelesaikan investasi 66,67% pada perusahaan patungan dan akuisisi seluruh klinik kecantikan di Tiongkok; ini mendukung perubahan arah usaha, bukan bukti pengambilalihan Le Tree. Judul tanpa kode juga telah diperiksa: pembentukan anak usaha Malaysia dan Tiongkok adalah ekspansi internal.",https://links.sgx.com/1.0.0/corporate-announcements/VHO96UQEZNMA6FZ8/886530__Form%203%20-%20Singapore%20Gingyu%20and%20XM%20Jingyu.pdf
E9L,JOYAS INTERNATIONAL HLDGS LTD,14,2026-02-24,2026-08-12,tidak_ada_petunjuk,0,0,tidak_ada_petunjuk,"Judul lengkap terdiri dari laporan keuangan, rapat tahunan, laporan tahunan, dan hasil rapat. Tidak ditemukan pengumuman transaksi saham/pengendali, pendanaan konversi, atau pengalihan bisnis pada bahan yang diperiksa; penanda Indonesia dalam laporan tidak cukup untuk menyimpulkan transaksi.",
EAEB,HOUSING AND DEVELOPMENT BOARD,2,2026-05-05,2026-05-05,tidak_ada_petunjuk,0,0,tidak_ada_petunjuk,Dua dokumen adalah pengumuman efek utang HDB. Tidak ditemukan petunjuk perubahan pengendali atau transaksi bisnis penerbit dalam bahan yang diperiksa.,
EB5,FIRST RESOURCES LIMITED,64,2026-01-15,2026-08-13,transaksi_selesai,2,2,transaksi_selesai,"First Resources menyelesaikan penjualan seluruh kepentingan tidak langsung pada PT Galempa Sejahtera Bersama di Sumatra Selatan kepada PT Pratama Agro Andalan dan/atau pihak yang ditunjuknya, senilai Rp42 miliar. Ini pelepasan anak usaha material secara operasional, bukan bukti pengambilalihan First Resources; pengumuman juga mencatat transaksi akuisisi PT Masuba Citra Mandiri sebelumnya.",https://links.sgx.com/1.0.0/corporate-announcements/4P4SA0LF2UTEMBNN/875988_First%20Resources%20-%20Disposal%20of%20Subsidiary%20in%20South%20Sumatra.pdf
EBGB,"MIRAE ASSET SECURITIES CO.,LTD.",1,2026-07-06,2026-07-06,tidak_ada_petunjuk,0,0,tidak_ada_petunjuk,"Dokumen yang dibuka adalah konfirmasi pencatatan notes senior US$300 juta, bukan transaksi pengendalian atau usaha penerbit.",https://links.sgx.com/1.0.0/corporate-announcements/P6QTWMEUFHGSRU1B/397cfd0f7276a244ec590db79d9de7a49655c5393adb7e6b4a0d95cfbeb834eb
EDWB,REPUBLIC OF INDONESIA,1,2026-03-04,2026-03-04,tidak_ada_petunjuk,0,0,tidak_ada_petunjuk,"Satu dokumen hanya mengonfirmasi pencatatan obligasi Republik Indonesia senilai CNY4,5 miliar. Tidak ditemukan transaksi pengendalian atau bisnis dalam bahan yang diperiksa.",
EDZB,"BANCO ITAU CHILE, ACTING THROUGH ITAU CHILE NEW YORK BRANCH",3,2026-05-19,2026-05-21,tidak_ada_petunjuk,0,0,tidak_ada_petunjuk,Seluruh catatan adalah konfirmasi dan penarikan kembali pencatatan surat utang US$10 juta. Tidak ada petunjuk perubahan kendali penerbit.,
EFEB,LIBERTY FUNDING PTY LTD,5,2026-01-12,2026-04-01,tidak_ada_petunjuk,0,0,tidak_ada_petunjuk,Arsip memuat pembayaran kupon dan pelunasan dipercepat instrumen utang. Tidak ditemukan perubahan kendali penerbit atau akuisisi bisnis pada bahan yang diperiksa.,
EGBB,FRASERS PROPERTY TREASURY PTE. LTD.,1,2026-09-18,2026-09-18,pantau,0,0,pantau,Satu dokumen yang tersedia berkaitan dengan pendanaan treasury. Tidak ditemukan bukti transaksi kendali dalam bahan yang diperiksa.,
EGX,EGP ENERGY CORPORATION LIMITED,35,2026-07-28,2026-09-15,transaksi_selesai,1,1,transaksi_selesai,"Setelah pencatatan SGX, EGP membentuk kendaraan investasi yang tetap dimiliki penuh dan menyepakati usaha patungan Malaysia 60:40. Ini adalah ekspansi usaha, bukan bukti perubahan pengendali EGP.",https://links.sgx.com/1.0.0/corporate-announcements/RIX8XFW5GUC00EGE/903837_EGP%20Energy%20Corp%20Limited%20-%20Incorporation%20of%20EGP%20Infrastructure%20Investments%20Pte%20Ltd.pdf
EH5,UNITED OVERSEAS AUSTRALIA LTD,59,2026-02-02,2026-08-28,tidak_ada_petunjuk,0,0,tidak_ada_petunjuk,Laporan keuangan dan tahunan yang dipicu telah dibuka bersama perubahan pengurus dalam judul. Tidak ditemukan dalam bahan arsip yang diperiksa transaksi yang membuktikan perubahan pengendali penerbit.,
EHZB,Penerbit instrumen EHZB,2,2026-02-13,2026-08-14,tidak_ada_petunjuk,0,0,tidak_ada_petunjuk,"Dua judul yang diperiksa tidak memuat transaksi saham, bisnis, pengurus, atau perubahan kendali. Tidak ditemukan petunjuk dalam bahan arsip yang diperiksa.",
EIYB,KASIKORNBANK PUBLIC COMPANY LIMITED,2,2026-09-02,2026-09-02,tidak_ada_petunjuk,0,0,tidak_ada_petunjuk,"Dua dokumen hanya terkait pelunasan dipercepat oleh penerbit. Tidak ditemukan transaksi saham, bisnis, atau pengendalian pada bahan diperiksa.",
EJJB,"MERCARI, INC.",2,2026-07-14,2026-07-14,tidak_ada_petunjuk,0,0,tidak_ada_petunjuk,"Mercari menebus obligasi konversi tanpa kupon yang jatuh tempo 14 Juli 2026 senilai nominal tersisa JPY13,31 miliar dengan dana internal. Tidak ditemukan transaksi pengendali atau bisnis.",
EJXB,HOUSING AND DEVELOPMENT BOARD,2,2026-04-06,2026-04-06,tidak_ada_petunjuk,0,0,tidak_ada_petunjuk,"Dua judul yang ditinjau tidak memuat rangkaian transaksi saham, bisnis, pendanaan perantara, atau pengendalian penerbit dalam bahan yang diperiksa.",
EKQB,"KAWASAKI HEAVY INDUSTRIES, LTD.",1,2026-07-31,2026-07-31,tidak_ada_petunjuk,0,0,tidak_ada_petunjuk,"Satu dokumen hanya mengonfirmasi pencatatan obligasi konversi tanpa kupon JPY50 miliar pada pasar obligasi SGX. Tidak ada fakta mengenai perpindahan saham, bisnis, atau pengendali penerbit dalam bahan yang diperiksa.",https://links.sgx.com/1.0.0/corporate-announcements/OKP9HPR6XS0J6ND4/a4ea917b23853df53487bcdb30abc6d41d07923d2e13377d78b82698d0f939ff
EMBB,OSG CORPORATION,16,2026-01-08,2026-07-10,tidak_ada_petunjuk,0,0,tidak_ada_petunjuk,Pengumuman awal memasang lampiran keliru: pelepasan 26.557 saham treasuri sebagai kompensasi saham terbatas kepada direktur dan eksekutif. Pengumuman koreksi kemudian menyesuaikan harga konversi obligasi tanpa kupon akibat dividen luar biasa; tidak ditemukan transaksi bisnis atau perubahan pengendali.,
EMI,EMPERADOR INC.,168,2026-01-09,2026-08-24,pantau,1,1,pantau,"Bahan utama berisi penjualan saham tresuri kepada pegawai dalam program opsi saham, laporan kepemilikan, hasil, dan pembiayaan grup. Instrumen ekuitas terkait tahap kedua perlu dipantau, tetapi bahan yang diperiksa tidak membuktikan instrumen tersebut telah mengubah pengendali Emperador.",
ENHB,"DBS BANK LTD., AUSTRALIA BRANCH",2,2026-02-23,2026-02-25,tidak_ada_petunjuk,0,0,tidak_ada_petunjuk,Dua dokumen yang dibuka adalah pembayaran kupon dan jatuh tempo akhir instrumen utang cabang DBS. Tidak ditemukan transaksi pengendalian penerbit dalam bahan yang diperiksa.,
ENRB,STUDIO CITY FINANCE LIMITED,2,2026-06-18,2026-06-18,tidak_ada_petunjuk,0,0,tidak_ada_petunjuk,Dua dokumen adalah pemberitahuan penebusan awal atas efek utang Studio City Finance. Tidak ditemukan transaksi pengendali atau perubahan bisnis penerbit dalam bahan yang diperiksa.,
ENV,LS 2 HOLDINGS LIMITED,23,2026-02-28,2026-08-14,pantau,1,1,pantau,"Anak usaha LS 2 menggunakan opsi membeli dua unit pabrik untuk penggunaan operasional seharga S$1.688.888. Ini pembelian aset, bukan perpindahan pengendali; penyelesaian masih bersyarat dan dijadwalkan 5 November 2026.",https://links.sgx.com/1.0.0/corporate-announcements/K2HARZPQPPXCIPMS/900411_260811%20Announcement%20Acquistion%20new%20properties.pdf
ENWB,KOOKMIN BANK (ACTING THROUGH ITS PRINCIPAL OFFICE IN THE REPUBLIC OF KOREA),1,2026-05-15,2026-05-15,tidak_ada_petunjuk,0,0,tidak_ada_petunjuk,"Satu pengumuman adalah konfirmasi pencatatan notes US$50 juta 4,24% jatuh tempo 2028. Tidak ditemukan transaksi kendali atau bisnis dalam bahan yang diperiksa.",
EQLW,SG ISSUER,1,2026-05-26,2026-05-26,tidak_ada_petunjuk,0,0,tidak_ada_petunjuk,"Pengumuman adalah pembukaan kembali perdagangan sertifikat leverage setelah mekanisme airbag terpicu. Tidak ada transaksi saham, utang, usaha, atau pengendalian penerbit yang disebut.",https://links.sgx.com/1.0.0/corporate-announcements/AWCHU6V1Z6LUT8E7/ee0b0f6174b2d5f704c4b033b0733e84d03b1f0f84b04e66319eec323afc809f
ER0,KSH HOLDINGS LIMITED,33,2026-02-09,2026-08-28,tidak_ada_petunjuk,0,0,tidak_ada_petunjuk,"Dokumen transaksi yang diperiksa berisi hasil keuangan, laporan tahunan, proyek konstruksi, dan pengangkatan kerabat direktur sebagai manajer proyek. Tidak ditemukan pembelian/penjualan saham pengendali, pendanaan pengambilalihan, atau perubahan usaha yang menunjukkan pengambilalihan penerbit.",
ES3,STATE STREET GLOBAL ADVISORS SINGAPORE LIMITED,75,2026-01-02,2026-09-18,tidak_ada_petunjuk,0,0,tidak_ada_petunjuk,"Arsip didominasi pengumuman nilai aset bersih ETF serta pembaruan prospektus dan pengurus. Tidak ditemukan transaksi kendali, pendanaan pengambilalihan, atau perubahan usaha penerbit dalam bahan yang diperiksa.",
ESG,LION GLOBAL INVESTORS LIMITED,2,2026-06-26,2026-06-26,tidak_ada_petunjuk,0,0,tidak_ada_petunjuk,Dua dokumen hanya pemberitahuan distribusi. Tidak ditemukan transaksi yang relevan terhadap pengendalian atau arah usaha dalam bahan yang diperiksa.,
ETLB,"SK BATTERY AMERICA, INC.",1,2026-01-22,2026-01-22,tidak_ada_petunjuk,0,0,tidak_ada_petunjuk,"Satu catatan adalah konfirmasi pencatatan US$1 miliar green notes jatuh tempo 2029. Pencatatan utang tidak membuktikan transaksi saham, bisnis, atau perubahan pengendali penerbit.",
EVPB,THE KOREA DEVELOPMENT BANK,1,2026-05-19,2026-05-19,tidak_ada_petunjuk,0,0,tidak_ada_petunjuk,Dokumen yang tersedia adalah konfirmasi pencatatan surat utang KDB; tidak ditemukan petunjuk transaksi pengendalian atau bisnis.,
EVXB,HSBC INSTITUTIONAL TRUST SERVICES (SINGAPORE) LIMITED sebagai wali AIMS APAC REIT,1,2026-03-09,2026-03-09,tidak_ada_petunjuk,0,0,tidak_ada_petunjuk,Dokumen tunggal adalah pencatatan surat utang perpetual S$100 juta AIMS APAC REIT. Tidak mengungkap perubahan kendali unit dana atau pengelolanya.,
EWDB,DBS BANK LTD.,3,2026-01-07,2026-07-06,tidak_ada_petunjuk,0,0,tidak_ada_petunjuk,"Arsip hanya memuat tiga pemberitahuan pembayaran kupon. Tidak ada bahan transaksi kepemilikan, bisnis, atau kontrol penerbit.",
EXBB,PT MINERAL INDUSTRI INDONESIA (PERSERO),2,2026-08-04,2026-08-04,tidak_ada_petunjuk,0,0,tidak_ada_petunjuk,Satu pengumuman yang dibuka adalah pembelian kembali dan pembatalan sebagian notes jatuh tempo 2050 oleh penerbit obligasi. Tidak ada transaksi ekuitas atau perubahan kendali penerbit dalam bahan.,
EXRB,ADVANCED INFO SERVICE PUBLIC COMPANY LIMITED,1,2026-03-04,2026-03-04,tidak_ada_petunjuk,0,0,tidak_ada_petunjuk,"Satu pengumuman hanya mengonfirmasi pencatatan notes US$400 juta Advanced Info Service yang jatuh tempo 2036. Tidak ditemukan transaksi saham, bisnis, atau kendali dalam bahan yang diperiksa.",
EYNB,LIBERTY FUNDING PTY LTD,7,2026-04-07,2026-09-08,tidak_ada_petunjuk,0,0,tidak_ada_petunjuk,"Dokumen berisi pencatatan notes kelas A2 dan pengumuman pembayaran kupon. Tidak ditemukan transaksi saham, bisnis, atau pengendalian dalam bahan yang diperiksa.",
EZBB,EZBB · KEPPEL INFRASTRUCTURE FUND MANAGEMENT PTE. LTD. (AS TRUSTEE-MANAGER OF KEPPEL INFRASTRUCTURE TRUST),1,2026-04-28,2026-04-28,tidak_ada_petunjuk,0,0,tidak_ada_petunjuk,"Dokumen yang tersedia adalah konfirmasi pencatatan surat utang Keppel Infrastructure Trust. Tidak ditemukan dalam bahan yang diperiksa transaksi saham, bisnis, atau perubahan pengendali.",
F03,FOOD EMPIRE HOLDINGS LIMITED,203,2026-01-02,2026-09-18,pantau,1,1,pantau,"Food Empire menjual masing-masing 1.000.000 saham treasuri kepada investor institusional pada 21 dan 23 Januari untuk modal kerja dan nilai pemegang saham. Grup juga melepas anak usaha Ukraina kecil, membeli sisa 49,5% Tea House LLP, dan melikuidasi anak usaha dorman Nigeria; tidak ditemukan bukti perubahan pengendalian Food Empire dalam bahan yang diperiksa.",https://links.sgx.com/1.0.0/corporate-announcements/IQ4ZNRKSAE8HT6WF/872658_FEH%20Announcement%20-%20Notice%20of%20sale%20of%20treasury%20shares.pdf
F10,F J BENJAMIN HOLDINGS LTD,50,2026-01-28,2026-08-30,belum_cukup,2,2,belum_cukup,"Dokumen yang dibuka mencakup dua penempatan (42 juta dan 112 juta saham), pemberitahuan pencatatan, penerbitan saham, serta formulir pemegang saham besar. Judul tambahan tanpa kode telah diperiksa. Bukti cukup menunjukkan dilusi dan perubahan kepentingan, tetapi belum cukup untuk menyimpulkan pemilik manfaat akhir atau perubahan kendali.",
F13,FU YU CORPORATION LIMITED,55,2026-01-29,2026-08-28,pantau,1,1,pantau,"Fu Yu menunjuk Lim Wei De, Victor sebagai Managing Director dan menyusun ulang susunan dewan pada 1 Februari. Dokumen menyebut proses nominasi sejak Desember 2025, tetapi tidak menunjukkan pembelian saham, pihak pengendali baru, atau injeksi bisnis; usulan pindah papan pencatatan pada Agustus juga bukan transaksi kendali.",https://links.sgx.com/1.0.0/corporate-announcements/XLNMGOW6OEM1IRE3/873805_Fu%20Yu%20-%20Reconstitution%20of%20the%20Board%20of%20Director.pdf
F17,GUOCOLAND LIMITED,120,2026-01-23,2026-09-17,pantau,1,1,pantau,"GLL (Malaysia), anak usaha penuh GuocoLand, mengusulkan privatisasi GuocoLand Malaysia Berhad yang sudah dikendalikannya melalui pengurangan modal selektif pada RM1,10 per saham. Ini rencana membeli sisa kepentingan anak usaha, bukan perubahan pengendali GuocoLand; sampai bahan arsip terakhir hanya ada perpanjangan waktu pertimbangan dan belum ada bukti penyelesaian.",https://links.sgx.com/1.0.0/corporate-announcements/R3EMFOZTIXVAQN26/874004_GLL%20announcement-Gateway%203%20Feb%202026.pdf
F1E,LOW KENG HUAT (SINGAPORE) LIMITED,88,2026-01-13,2026-04-06,transaksi_selesai,5,1,pengambilalihan_dan_penghapusan_bursa_selesai,Consistent Record menyelesaikan pengambilalihan paksa Low Keng Huat pada 6 April 2026. Saham Low Keng Huat dihapus dari daftar SGX efektif 7 April 2026.,https://links.sgx.com/1.0.0/corporate-announcements/J84UXDRUN4PASF4M/882024_LKHS%20-%20Completion%20of%20Compulsory%20Acquisition%20Announcement%20-%206%20April%202026%20.pdf
F34,WILMAR INTERNATIONAL LIMITED,69,2026-01-16,2026-09-18,tidak_ada_petunjuk,1,1,tidak_ada_petunjuk,"Wilmar melaporkan pembiayaan sindikasi, usaha patungan Afrika Barat, serta perubahan kepentingan ADM akibat restrukturisasi internal. ADM II menjadi pemegang saham besar secara tidak langsung atas 22,49%, namun dokumen menyatakan tidak ada perubahan kepemilikan tidak langsung ADM US maupun ADM I; tidak ada bukti perubahan kendali Wilmar.",https://links.sgx.com/1.0.0/corporate-announcements/7Z1RCM0EC55JBQG6/882720__ADM-Form3_ADM%20II_20260409.pdf
F83,"COSCO SHIPPING INTERNATIONAL (SINGAPORE) CO., LTD.",49,2026-01-15,2026-08-19,tidak_ada_petunjuk,0,0,tidak_ada_petunjuk,"Lampiran rights issue, laporan tahunan, risalah AGM, serta tiga dokumen uncoded mengenai winding-up/striking-off anak usaha dormant telah dibuka. Tidak ditemukan perubahan pengendali atau transaksi yang mengubah arah utama penerbit.",
F86,MYP LTD.,16,2026-05-29,2026-08-27,tidak_ada_petunjuk,0,0,tidak_ada_petunjuk,"Laporan hasil, laporan tahunan, dan tanggapan pemegang saham dibuka. MYP mengungkap pembiayaan serta simpanan dolar Singapura pada bank pihak berelasi di Indonesia, tetapi tidak ada transaksi pengalihan saham atau perubahan pengendali dalam bahan yang diperiksa.",
F99,FRASER AND NEAVE LIMITED.,151,2026-01-04,2026-09-18,pantau,2,2,pantau,"F&N mengumumkan rencana investasi sampai 19,99% pada Comvita, sedangkan anak usaha Fraser and Neave Holdings Bhd. (FNHB) menandatangani perjanjian jual beli saham dengan Tan & Tan Developments dan kemudian menyelesaikan pelepasan seluruh kepentingannya pada Vacaron. Ini transaksi investasi/aset pada F&N atau anak usaha, bukan bukti pembeli mengambil kendali atas F&N.",https://links.sgx.com/1.0.0/corporate-announcements/MO63MUBOPTLBUJLK/884062_SGX%20Announcement_LR704.17.a.pdf
F9D,BOUSTEAD SINGAPORE LIMITED,72,2026-01-12,2026-09-18,transaksi_selesai,1,1,transaksi_selesai,"Boustead menyelesaikan divestasi aset Singapura kepada UI Boustead REIT dan kemudian melakukan usaha patungan serta akuisisi 60% UroMedTech. Ini adalah penataan portofolio dan pembelian bisnis oleh Boustead, bukan bukti pengambilalihan Boustead atau perubahan pengendalinya.",https://links.sgx.com/1.0.0/corporate-announcements/PZ6P95VWHOQ3GV91/871839_Boustead%20Announcement-Material-Amendments-to-the-Terms-of-the-Master-Share-Subscription-Agreement-12.01.2026.pdf
FAOB,"IBIDEN CO., LTD.",45,2026-01-19,2026-08-04,pantau,1,1,pantau,"Pengumuman terpicu membahas investasi modal dan perolehan aset tetap untuk substrat paket IC, serta penyesuaian harga konversi obligasi. Tidak ditemukan bukti perubahan pengendalian penerbit dalam bahan yang diperiksa.",
FCOB,DBS BANK LTD.,1,2026-06-25,2026-06-25,tidak_ada_petunjuk,0,0,tidak_ada_petunjuk,Seluruh judul diperiksa. Arsip hanya memuat konfirmasi pencatatan surat utang; bukan transaksi kendali penerbit.,
FELW,MACQUARIE BANK LIMITED,4,2026-01-23,2026-02-25,tidak_ada_petunjuk,0,0,tidak_ada_petunjuk,"Semua judul ditinjau. Empat dokumen merupakan pemberitahuan kadaluarsa waran; tidak ada petunjuk transaksi saham, bisnis, pendanaan, atau pengendalian Macquarie Bank.",
FFWB,MITSUBISHI MATERIALS CORPORATION,1,2026-07-24,2026-07-24,tidak_ada_petunjuk,0,0,tidak_ada_petunjuk,Satu dokumen mengonfirmasi pencatatan obligasi konversi tanpa kupon senilai ¥35 miliar yang jatuh tempo 2032. Tidak ditemukan informasi transaksi bisnis atau perubahan pengendali dalam bahan diperiksa.,
FGGB,NO VA LAND INVESTMENT GROUP CORPORATION,4,2026-05-28,2026-07-16,transaksi_selesai,1,1,transaksi_selesai,"No Va Land menyelesaikan perubahan syarat obligasi konversi internasional pada 16 Juli setelah meminta persetujuan pemegang obligasi atas pengesampingan gagal bayar dan perubahan jadwal. Ini restrukturisasi utang penerbit, bukan bukti perubahan pengendali penerbit.",https://links.sgx.com/1.0.0/corporate-announcements/4E74AFNCWFXPRYBO/890551_20260528_NVLG_TB_LYK_TPCD.pdf
FGUW,MACQUARIE BANK LIMITED,1,2026-06-02,2026-06-02,tidak_ada_petunjuk,0,0,tidak_ada_petunjuk,"Dokumen menyatakan penyelesaian tunai waran Kingboard Lamin yang telah jatuh tempo. Tidak ada pembelian atau penjualan saham penerbit SGX, pembiayaan, atau perubahan kendali dalam bahan yang diperiksa.",
FHAB,STANDARD CHARTERED BANK (SINGAPORE) LIMITED,1,2026-06-30,2026-06-30,tidak_ada_petunjuk,0,0,tidak_ada_petunjuk,"Judul tunggal ditinjau: konfirmasi pencatatan covered bonds GBP500 juta jatuh tempo 2029. Tidak ada petunjuk perubahan pengendali, akuisisi bisnis, atau perubahan arah usaha bank.",
FHGB,FHGB · CHONGQING PURI DEVELOPMENT INVESTMENT GROUP CO. LTD,1,2026-01-06,2026-01-06,tidak_ada_petunjuk,0,0,tidak_ada_petunjuk,"Satu pengumuman adalah konfirmasi pencatatan obligasi. Tidak ditemukan dalam bahan yang diperiksa transaksi saham, bisnis, atau perubahan pengendali penerbit.",
FHH,FOUNDATION HEALTHCARE HOLDINGS LIMITED,76,2026-07-07,2026-09-14,belum_cukup,0,0,belum_cukup,"Foundation Healthcare masuk Mainboard dan stabilisasi harga berakhir pada Agustus 2026. Semua tujuh formulir pemegang saham substansial yang dipicu audit dibuka, tetapi lampiran utama di arsip hanya berisi pesan 'Please wait...', sehingga kepemilikan dan perubahan kendali tidak dapat dipastikan.",https://links.sgx.com/1.0.0/corporate-announcements/Z7SDCLV784P8U44O/db2bf2703719b1051c3248c4499011ecc3a6da351dc4b21aa81ca1a7b4eaac33
FHKB,THE KOREA DEVELOPMENT BANK,1,2026-08-14,2026-08-14,tidak_ada_petunjuk,0,0,tidak_ada_petunjuk,"Satu dokumen adalah konfirmasi pencatatan surat utang US$50 juta. Tidak ada bahan mengenai transaksi saham, bisnis, atau pengendalian penerbit.",
FJJB,SINGAPORE AIRLINES LIMITED,1,2026-01-30,2026-01-30,tidak_ada_petunjuk,0,0,tidak_ada_petunjuk,"Satu pengumuman adalah konfirmasi pencatatan obligasi S$500 juta, kupon 2,70%, jatuh tempo 2036. Tidak ada transaksi pengendalian atau bisnis lain pada bahan yang diperiksa.",
FLQB,PERPETUAL (ASIA) LIMITED (IN ITS CAPACITY AS TRUSTEE OF FIRST REAL ESTATE INVESTMENT TRUST),7,2026-06-28,2026-09-16,pantau,2,2,pantau,"First REIT meminta persetujuan pemegang obligasi atas perubahan ketentuan, termasuk opsi pelunasan dini, terkait proposed divestments; resolusi disetujui dan akta tambahan ditandatangani. Dokumen yang dibuka tidak mengidentifikasi perpindahan kendali penerbit/REIT.",https://links.sgx.com/1.0.0/corporate-announcements/KXP2T5WU8HPP9DI1/894567_First_REIT_CGIF_Bonds_Launch_Announcement%20_29_June_2026.pdf
FLRB,"THE KANSAI ELECTRIC POWER COMPANY, INCORPORATED",6,2026-01-30,2026-07-31,tidak_ada_petunjuk,0,0,tidak_ada_petunjuk,"Pengumuman yang terpicu adalah hasil tahunan, bukan perubahan kepemilikan atau pengambilalihan. Tidak ditemukan petunjuk perubahan kendali penerbit pada bahan yang diperiksa.",
FLUB,"THE DAI-ICHI LIFE INSURANCE COMPANY, LIMITED",1,2026-03-27,2026-03-27,tidak_ada_petunjuk,0,0,tidak_ada_petunjuk,"Pengumuman mencatat perubahan nama menjadi Daiichi Life Insurance Co., Ltd. dan menyatakan tidak ada perubahan nama perdagangan efek beredar. Tidak ada transaksi pengendali atau bisnis lain pada bahan yang diperiksa.",
FMCB,CHINA OIL AND GAS GROUP LIMITED,12,2026-01-08,2026-02-05,transaksi_selesai,0,0,transaksi_selesai,"Dokumen pembelian kembali sebagian notes senior 4,7%, penawaran tunai, penghentian penawaran awal, dan penyelesaian proses berikutnya telah dibuka. Seluruhnya pengelolaan utang, bukan transaksi kendali.",
FNYW,SG ISSUER,1,2026-03-25,2026-03-25,tidak_ada_petunjuk,0,0,tidak_ada_petunjuk,"Satu dokumen hanya menerangkan dimulainya kembali perdagangan sertifikat leverage setelah mekanisme air bag. Tidak ada transaksi saham, utang penerbit, atau perubahan kendali.",
FOIW,UBS AG,1,2026-06-11,2026-06-11,tidak_ada_petunjuk,0,0,tidak_ada_petunjuk,Satu pengumuman hanya mengonfirmasi pencatatan sertifikat leverage harian UBS. Tidak ditemukan pada bahan yang diperiksa transaksi pengendalian atau bisnis penerbit.,
FOWB,FOWB · BAYFRONT IABS VII PTE. LTD.,2,2026-04-13,2026-04-13,tidak_ada_petunjuk,0,0,tidak_ada_petunjuk,Arsip hanya memuat laporan pembayaran kupon. Tidak ditemukan dalam bahan yang diperiksa transaksi pengendalian atau bisnis penerbit.,
FQ7,SALT INVESTMENTS LIMITED,77,2026-04-27,2026-09-14,pantau,2,2,pantau,"Semua pengumuman penempatan dan formulir perubahan kepentingan yang dipicu audit telah dibuka. Penempatan selesai dan membawa investor institusional/corporate, namun dokumen tidak menyatakan seorang pembeli mendapat kendali Salt; perubahan kepentingan yang tercatat mengikuti aksi korporasi.",
FQCW,MACQUARIE BANK LIMITED,1,2026-07-30,2026-07-30,tidak_ada_petunjuk,0,0,tidak_ada_petunjuk,"Satu dokumen adalah pelaksanaan waran wajib. Tidak ditemukan transaksi pengendali, utang konversi, atau perubahan bisnis penerbit dalam bahan yang diperiksa.",
FRPB,FRPB · KOREA HOUSING FINANCE CORPORATION,2,2026-06-22,2026-06-22,tidak_ada_petunjuk,0,0,tidak_ada_petunjuk,Dokumen yang tersedia adalah pengumuman instrumen utang; tidak ditemukan transaksi atas penerbit SGX atau perubahan pengendali pada bahan arsip yang diperiksa.,
FRQ,SINGAPORE PAINCARE HOLDINGS LIMITED,30,2026-01-29,2026-08-28,transaksi_selesai,1,1,transaksi_selesai,Singapore Paincare mengakuisisi 51% TS Medical dan melikuidasi anak usaha DLS 51%. Ia juga memperbarui sewa klinik dua tahun dengan Medbridge yang 100% dimiliki pemegang saham pengendali Dr Bernard; sewa S$22.800 per bulan didukung valuasi independen dan bukan perubahan pengendalian penerbit.,https://links.sgx.com/1.0.0/corporate-announcements/8JA4YQFBKLMRZXMJ/873834_SPCH-Announcement%20Novena%20IPT%202026.pdf
FSPB,"FSPB · KYUSHU ELECTRIC POWER COMPANY, INCORPORATED",1,2026-09-01,2026-09-01,tidak_ada_petunjuk,0,0,tidak_ada_petunjuk,Bahan yang diperiksa hanya memuat pencatatan obligasi; tidak ditemukan transaksi pengendalian penerbit.,
FTAW,MACQUARIE BANK LIMITED,1,2026-06-30,2026-06-30,tidak_ada_petunjuk,0,0,tidak_ada_petunjuk,Satu pengumuman adalah pelaksanaan waran wajib. Tidak ada bahan tentang perubahan pengendali atau arah usaha penerbit.,
FTUW,MACQUARIE BANK LIMITED,1,2026-01-05,2026-01-05,tidak_ada_petunjuk,0,0,tidak_ada_petunjuk,"Satu judul adalah pelaksanaan wajib waran atas Alibaba, bukan transaksi saham atau kendali Macquarie Bank. Tidak ditemukan petunjuk relevan pada bahan yang diperiksa.",
FUGB,BAYFRONT INFRASTRUCTURE CAPITAL V PTE. LTD.,2,2026-04-13,2026-04-13,tidak_ada_petunjuk,0,0,tidak_ada_petunjuk,Bahan hanya mencatat pembayaran kupon surat utang. Tag Indonesia pada lampiran bukan bukti transaksi pengendalian atau pendanaan ekuitas.,
FWCB,Penerbit obligasi konversi US$500 juta,1,2026-08-13,2026-08-13,tidak_ada_petunjuk,0,0,tidak_ada_petunjuk,Satu dokumen hanya mengonfirmasi pencatatan obligasi konversi tanpa kupon US$500 juta. Tidak ada bukti transaksi saham atau perubahan pengendalian penerbit.,
FWFB,KEB HANA BANK,4,2026-01-13,2026-07-15,tidak_ada_petunjuk,0,0,tidak_ada_petunjuk,"Empat pengumuman hanya mengenai pembayaran kupon. Tidak ditemukan pada bahan yang diperiksa transaksi saham, bisnis, atau pengendalian.",
FXBB,OVERSEA-CHINESE BANKING CORPORATION LIMITED,1,2026-07-21,2026-07-21,tidak_ada_petunjuk,0,0,tidak_ada_petunjuk,"Dokumen hanya mengonfirmasi pencatatan surat utang GBP15 juta. Tidak ditemukan perubahan pemegang saham, bisnis, atau pengendalian OCBC dalam bahan yang diperiksa.",
FYLB,THE BANK OF NOVA SCOTIA,3,2026-02-20,2026-07-27,tidak_ada_petunjuk,0,0,tidak_ada_petunjuk,Arsip hanya berisi tiga pengumuman pembayaran kupon Bank of Nova Scotia; tidak ditemukan petunjuk transaksi pengendalian atau bisnis.,
FZMB,LIBERTY FUNDING PTY LTD,8,2026-01-22,2026-08-21,tidak_ada_petunjuk,0,0,tidak_ada_petunjuk,"Delapan dokumen penerbitan instrumen pendanaan telah diperiksa. Tidak ditemukan transaksi saham, perubahan pengendali, atau transaksi bisnis penerbit dalam bahan yang diperiksa.",
G07,GREAT EASTERN HOLDINGS LIMITED,41,2026-01-16,2026-07-30,tidak_ada_petunjuk,0,0,tidak_ada_petunjuk,Pengumuman terpicu adalah laporan transaksi aset menurut Rule 706A dan perubahan pengurus; tidak ada dokumen dalam arsip yang menunjukkan perubahan pengendali Great Eastern atau pemasukan bisnis baru. Paparan Indonesia dalam hasil/rapat bukan bukti transaksi kendali.,
G0I,NAM LEE PRESSED METAL INDUSTRIES LIMITED,37,2026-01-03,2026-08-28,belum_cukup,0,0,belum_cukup,"Form 3 yang dibuka mencatat pembelian pasar 125.000 saham oleh Yeoman 3-Rights Value Asia Fund dan 50.000 oleh manajernya; kepemilikan dana naik dari 5,526% menjadi 5,577%. Ini bukan bukti pengendalian, tetapi pemicu pengurus/laporan lain belum ditelaah lengkap sehingga hasil negatif menyeluruh belum tepat.",https://links.sgx.com/1.0.0/corporate-announcements/09VQZPX1UJU9S6RL/875971__eFORM3V2%20NAM%20LEE%20%2025022026.pdf
G13,GENTING SINGAPORE LIMITED,87,2026-01-20,2026-08-13,tidak_ada_petunjuk,0,0,tidak_ada_petunjuk,"Dokumen rapat umum, laporan tahunan, surat kepada pemegang saham, dan transaksi yang terpicu telah dibuka. Transaksi material yang ditemukan adalah pembubaran atau penghapusan anak usaha milik penuh dan dinyatakan tidak material; tidak ditemukan bukti pengambilalihan atau perubahan kendali Genting Singapore dalam bahan yang diperiksa.",https://links.sgx.com/1.0.0/corporate-announcements/TSHDAB12NLFWTSN8/875735_GENS%20Announcement%20-%20Rule%20706A%20Announcement_2H2025.pdf
G1N,AMUNDI ASSET MANAGEMENT,6,2026-02-12,2026-06-10,pantau,0,0,pantau,"Dokumen terbuka adalah pemberitahuan rapat umum ETF Amundi MSCI India, bukan perubahan kendali atau transaksi bisnis.",
G20,GP INDUSTRIES LIMITED,26,2026-03-27,2026-08-25,pantau,1,1,pantau,GP Industries mengumumkan pengunduran diri dan pengangkatan CEO/deputy CEO serta transaksi anak usaha menurut Rule 706A. Dokumen yang diperiksa tidak membuktikan perpindahan kepemilikan atau perubahan kendali GP Industries; pergantian manajemen sendiri hanya petunjuk yang lemah.,
G3B,AMOVA ASSET MANAGEMENT ASIA LIMITED,40,2026-01-02,2026-09-18,tidak_ada_petunjuk,0,0,tidak_ada_petunjuk,Hampir seluruh pengumuman adalah nilai aset bersih mingguan dan satu distribusi dana. Tidak ditemukan transaksi kendali penerbit pada bahan yang diperiksa.,
G50,GRAND BANKS YACHTS LIMITED,12,2026-02-13,2026-08-28,tidak_ada_petunjuk,1,1,tidak_ada_petunjuk,"Pembukaan kantor Newport Beach merupakan perluasan jaringan penjualan dan layanan, bukan transaksi kendali atau peralihan bisnis utama penerbit.",
G92,CHINA AVIATION OIL (SINGAPORE) CORPORATION LTD,46,2026-01-08,2026-08-13,transaksi_selesai,4,2,pengendali_induk_berubah_tanpa_perubahan_usaha,"China Petrochemical Corporation menjadi pemilik penuh CNAF, yang tetap memegang 51,31% China Aviation Oil. Perubahan pengendali tidak langsung selesai, tetapi perusahaan menyatakan operasi normal tidak berubah secara material dan tidak ada rencana memasukkan bisnis baru.",https://links.sgx.com/1.0.0/corporate-announcements/X5VRU093T68K9D3K/895910_Completion_Announcement_on_Restructuring_of_Controlling_Shareholder.pdf
GAB,GOLDEN AGED REIT,38,2026-01-02,2026-09-18,tidak_ada_petunjuk,0,0,tidak_ada_petunjuk,Semua pengumuman dalam arsip adalah laporan nilai aset bersih per unit berkala. Tidak ditemukan transaksi pengendalian unit atau pengelola pada bahan yang diperiksa.,
GBJB,KEPPEL LTD.,2,2026-08-03,2026-08-03,belum_cukup,0,0,belum_cukup,"Catatan hanya menunjukkan pelunasan lebih awal instrumen utang. Tanpa isi lampiran, tidak ada dasar untuk menilai transaksi kendali.",
GEH,GOODWILL ENTERTAINMENT HOLDING LIMITED,53,2026-02-27,2026-08-13,transaksi_selesai,2,2,transaksi_selesai,"GEH menyelesaikan akuisisi 100% Funtech Solutions pada 22 Juli 2026 dan menerbitkan 20.000.000 saham imbalan kepada penjual. Ini akuisisi bisnis oleh penerbit, bukan bukti bahwa kendali GEH sendiri berpindah.",https://links.sgx.com/1.0.0/corporate-announcements/ABJMCPHNKOL1MEYT/891612_GEHL%20Ann%20-%20Funtech%20Acquisition%20Entry%20into%20SPA.pdf
GFTB,GFTB · MapletreeLog Treasury Company Pte. Ltd.,1,2026-09-15,2026-09-15,tidak_ada_petunjuk,0,0,tidak_ada_petunjuk,"Dokumen adalah konfirmasi pencatatan surat utang CNY500 juta MapletreeLog Treasury, bukan transaksi kepemilikan atau bisnis.",
GFYW,MACQUARIE BANK LIMITED,1,2026-05-14,2026-05-14,tidak_ada_petunjuk,0,0,tidak_ada_petunjuk,Satu pengumuman hanya konfirmasi pencatatan waran produk. Tidak ditemukan transaksi atas penerbit atau perubahan kendali dalam bahan yang diperiksa.,
GJKB,Tidak teridentifikasi sebagai emiten saham dari bahan ini,3,2026-01-26,2026-07-27,tidak_ada_petunjuk,0,0,tidak_ada_petunjuk,"Semua dokumen adalah pembayaran kupon. Tidak ditemukan transaksi saham, usaha, atau pengendalian dalam bahan yang diperiksa.",
GKPW,MACQUARIE BANK LIMITED,1,2026-03-30,2026-03-30,tidak_ada_petunjuk,0,0,tidak_ada_petunjuk,"Satu judul yang diperiksa tidak mengarah pada transaksi saham, utang, usaha, pendanaan, atau kendali penerbit. Tidak ditemukan petunjuk dalam bahan yang diperiksa.",
GKVB,THE BANK OF NOVA SCOTIA,1,2026-06-26,2026-06-26,tidak_ada_petunjuk,0,0,tidak_ada_petunjuk,"Konfirmasi pencatatan US$30 juta callable notes Bank of Nova Scotia, bukan transaksi saham atau kendali.",
GLIB,HPHT FINANCE (25) LIMITED,9,2026-02-05,2026-07-21,pantau,0,0,pantau,Dokumen terbuka hanya mengarahkan ke hasil keuangan Hutchison Port Holdings Trust; tidak menyatakan perubahan pengendali instrumen GLIB.,
GLXB,SOFTBANK GROUP CORP.,2,2026-07-10,2026-07-10,tidak_ada_petunjuk,0,0,tidak_ada_petunjuk,Arsip hanya memuat pembelian kembali senior notes SoftBank di pasar terbuka. Tidak ditemukan transaksi pengambilalihan atau perubahan pengendalian dalam bahan yang diperiksa.,
GMQB,AXIATA SPV5 (LABUAN) LIMITED,2,2026-07-24,2026-07-24,tidak_ada_petunjuk,0,0,tidak_ada_petunjuk,"Arsip berisi pembelian kembali dan pembatalan sebagian surat utang Axiata SPV5. Tidak ditemukan transaksi saham, bisnis, atau perubahan pengendali.",
GNEB,EMBRAER NETHERLANDS FINANCE B.V.,1,2026-05-28,2026-05-28,tidak_ada_petunjuk,0,0,tidak_ada_petunjuk,Satu judul mencatat pelunasan dini wajib instrumen. Tidak ditemukan petunjuk transaksi bisnis atau perubahan pengendali pada bahan diperiksa.,
GPIB,THE KOREA DEVELOPMENT BANK,1,2026-02-11,2026-02-11,tidak_ada_petunjuk,0,0,tidak_ada_petunjuk,"Arsip hanya memuat konfirmasi pencatatan surat utang US$75 juta. Tidak ditemukan pada bahan yang diperiksa perubahan kendali, transaksi saham, atau injeksi bisnis pada penerbit.",
GPNB,CATHAYLIFE SINGAPORE PTE. LTD.,1,2026-04-29,2026-04-29,tidak_ada_petunjuk,0,0,tidak_ada_petunjuk,Satu dokumen hanya mengonfirmasi pencatatan obligasi modal subordinasi US$500 juta. Tidak ditemukan perubahan pengendali atau bisnis penerbit dalam bahan yang diperiksa.,
GPXB,"BANCO INDUSTRIAL, S.A.",2,2026-01-21,2026-01-21,belum_cukup,1,1,belum_cukup,"Banco Industrial menyampaikan pemberitahuan pelunasan dini obligasi 2031, tetapi pelunasan bergantung pada tersedianya pembiayaan. Tidak ada pemberitahuan lanjutan dalam arsip yang membuktikan syarat dipenuhi atau pelunasan selesai.",https://links.sgx.com/1.0.0/corporate-announcements/41NNF50GFL92ZKWY/872729_Banco%20Industrial%20-%20Redemption%20Notice.pdf
GRE,UOB ASSET MANAGEMENT LTD,38,2026-01-02,2026-09-18,tidak_ada_petunjuk,0,0,tidak_ada_petunjuk,"Seluruh 38 judul adalah nilai aset bersih per unit, tanpa transaksi saham, bisnis, atau kendali dalam bahan yang diperiksa.",
GRKW,MACQUARIE BANK LIMITED,1,2026-01-05,2026-01-05,tidak_ada_petunjuk,0,0,tidak_ada_petunjuk,Tidak ditemukan transaksi pengendalian atau pengambilalihan pada bahan yang diperiksa.,
GRN,UOB ASSET MANAGEMENT LTD.,42,2026-01-02,2026-09-18,tidak_ada_petunjuk,0,0,tidak_ada_petunjuk,"Arsip berisi pengumuman nilai aset bersih mingguan dan distribusi dana. Tidak ditemukan transaksi pengendalian, saham, utang penerbit, atau perubahan usaha pada bahan yang diperiksa.",
GRQ,UPHEALTH GROUP LIMITED (sebelumnya DON AGRO INTERNATIONAL LIMITED),45,2026-01-23,2026-08-14,transaksi_selesai,4,2,perubahan_usaha_selesai_tanpa_kendali_vendor_terbukti,"Don Agro yang sudah menjadi perusahaan kas menyelesaikan pembelian dua bisnis kesehatan dan berganti nama menjadi UpHealth Group. Perubahan usaha selesai, tetapi dokumen arsip 2026 tidak membuktikan vendor memperoleh kendali atas penerbit.",https://links.sgx.com/1.0.0/corporate-announcements/EMGCTA8PQMUI8KOK/872915_Don%20Agro%20International%20-%20Receipt%20of%20Second%20Extension.pdf
GSXB,SOFTBANK GROUP CORP.,1,2026-04-22,2026-04-22,tidak_ada_petunjuk,0,0,tidak_ada_petunjuk,Satu dokumen hanya konfirmasi pencatatan surat utang senior EUR450 juta jatuh tempo 2034. Tidak ada perubahan pengendali atau transaksi bisnis penerbit dalam bahan yang diperiksa.,
GTZB,GTZB · BAYFRONT IABS VII PTE. LTD.,2,2026-04-13,2026-04-13,tidak_ada_petunjuk,0,0,tidak_ada_petunjuk,Bahan yang diperiksa hanya memuat laporan pembayaran kupon; tidak ditemukan transaksi pengendalian penerbit.,
GU5,CHINA KUNDA TECHNOLOGY HOLDINGS LIMITED,17,2026-01-20,2026-07-30,pantau,1,1,pantau,"Anak usaha Kunda Shenzhen menandatangani perjanjian usaha patungan untuk bisnis air minum fungsional dan sanitiser. Ini ekspansi usaha melalui anak usaha, bukan bukti pengambilalihan atau perubahan pengendali penerbit.",https://links.sgx.com/1.0.0/corporate-announcements/U98KTSZ9E4AD7Z2C/872552_2026%2001%2020%20China%20Kunda%20-%20Entry%20into%20Joint%20Venture%20Agreement.pdf
GURB,SINGAPORE AIRLINES LIMITED,1,2026-06-30,2026-06-30,tidak_ada_petunjuk,0,0,tidak_ada_petunjuk,"Satu dokumen adalah konfirmasi pencatatan surat utang CNY1,5 miliar Singapore Airlines. Tidak ditemukan transaksi bisnis atau perubahan pengendali.",
GVBB,Penerbit instrumen UOB,2,2026-01-15,2026-01-15,tidak_ada_petunjuk,0,0,tidak_ada_petunjuk,Pengumuman membahas penyelesaian pelunasan lebih awal instrumen dengan opsi panggil. Tidak ditemukan perubahan pengendali atau arah usaha penerbit.,
GVGB,NTT FINANCE CORPORATION,1,2026-03-04,2026-03-04,tidak_ada_petunjuk,0,0,tidak_ada_petunjuk,"Pengumuman adalah pencatatan surat utang, bukan transaksi pengendalian atau bisnis penerbit.",
GVPW,UBS AG,1,2026-05-29,2026-05-29,tidak_ada_petunjuk,0,0,tidak_ada_petunjuk,"Satu judul hanya mengenai dimulainya kembali perdagangan dari suspensi. Tidak ada pengumuman transaksi, pendanaan, atau perubahan kendali dalam bahan yang diperiksa.",
GWFB,GOHL CAPITAL HOLDINGS LIMITED,1,2026-04-29,2026-04-29,tidak_ada_petunjuk,0,0,tidak_ada_petunjuk,Satu dokumen adalah pencatatan efek modal permanen subordinasi US$750 juta. Tidak ditemukan perubahan kepemilikan atau kendali penerbit.,
H02,HAW PAR CORPORATION LIMITED,31,2026-01-21,2026-08-14,tidak_ada_petunjuk,0,0,tidak_ada_petunjuk,Pengungkapan pemegang saham substansial dan laporan tahunan yang dibuka tidak menunjukkan rangkaian perpindahan pengendali atau perubahan usaha penerbit.,
H07,STAMFORD LAND CORPORATION LTD,137,2026-01-07,2026-09-17,tidak_ada_petunjuk,0,0,tidak_ada_petunjuk,"Pengumuman terpicu terutama perubahan kepentingan direktur Ow Chio Kiat, pembaruan mandat beli kembali saham dan konstitusi, serta sengketa likuidasi anak usaha dorman Australia. Dokumen mandat menyatakan pembelian kembali paling banyak 10% dan menunggu persetujuan pemegang saham; tidak ada bukti perubahan pengendali Stamford Land atau perubahan arah bisnis pada bahan yang diperiksa.",https://links.sgx.com/1.0.0/corporate-announcements/J9WZ0UHRKZLSL06B/878486_Stamford%20Land%20Corporation-%20SGX%20Announncement%20Winding%20up%20of%20Parkview.pdf
H12,HOTEL ROYAL LIMITED,29,2026-01-16,2026-08-11,tidak_ada_petunjuk,0,0,tidak_ada_petunjuk,"Rangkaian ini berisi laporan, rapat, dan pergantian pimpinan eksekutif. Lampiran yang relevan telah diperiksa dan tidak menunjukkan perubahan pengendali, pendanaan pengubah kendali, atau injeksi bisnis baru dalam bahan yang diperiksa.",
H13,HO BEE LAND LIMITED,95,2026-01-25,2026-09-17,transaksi_selesai,1,1,transaksi_selesai,"Akuisisi lahan dan usaha patungan Australia adalah transaksi aset/pengembangan Ho Bee, bukan bukti perubahan pengendali penerbit.",
H15,HOTEL PROPERTIES LIMITED,38,2026-02-13,2026-08-21,pantau,1,1,pantau,"Ong Beng Seng, pemegang saham substansial yang sudah ada, menambah 100.000 saham pada 21 Agustus sehingga kepentingannya menjadi 59,86%. Transaksi aset yang dibuka adalah penambahan kepemilikan anak usaha dan likuidasi entitas; bahan arsip tidak menunjukkan pengambilalihan HPL oleh pihak baru.",https://links.sgx.com/1.0.0/corporate-announcements/J574L8VRFYN9M1VP/901970__eFORM3V2%20OBS.pdf
H18,HOTEL GRAND CENTRAL LIMITED,30,2026-02-09,2026-08-14,transaksi_selesai,1,1,transaksi_selesai,"Tan Teck Lin memindahkan kepemilikannya di Aditan Holdings dan karenanya tidak lagi memiliki kepentingan tidak langsung atas saham H18 yang dipegang Aditan. Kepentingan total yang dilaporkan turun dari 61,77% menjadi 58,99%, tetapi ia tetap memegang kepentingan tidak langsung mayoritas; tidak ada bukti pengambilalihan atau pengendali baru H18.",https://links.sgx.com/1.0.0/corporate-announcements/GV8LNYSG7J68I41O/882566__HGC-eFORM3-TTL-Final.pdf
H1N,AMUNDI ASSET MANAGEMENT,6,2026-02-12,2026-06-10,tidak_ada_petunjuk,0,0,tidak_ada_petunjuk,"Dokumen adalah pemberitahuan rapat pemegang unit ETF Multi Units France, termasuk H1N. Tidak ditemukan transaksi kendali, bisnis, saham penerbit, atau pembiayaan yang relevan.",
H20,HOE LEONG CORPORATION LTD.,29,2026-01-05,2026-09-16,tidak_ada_petunjuk,1,1,tidak_ada_petunjuk,Laporan tahunan yang menjadi petunjuk isi telah dibuka. Rencana usaha berfokus pada komponen undercarriage dan perluasan pasar Oceania/Amerika Utara; tidak ada bukti transaksi yang memindahkan pengendalian Hoe Leong.,
H22,HONG LEONG ASIA LTD.,93,2026-01-12,2026-09-01,transaksi_selesai,2,2,transaksi_selesai,"Hong Leong Asia menyelesaikan pembelian 100% Yong Tai Loong dan anak usahanya China Yuchai memperoleh kendali operasional atas NYDK. Penempatan 50 juta saham selesai, namun dokumen menyatakan tidak menghasilkan transfer pengendalian Hong Leong Asia.",https://links.sgx.com/1.0.0/corporate-announcements/Q6ODIYKGEQIIYHZE/871824_Equity%20Acquisition%20of%20Nanyue%20Diankong%20Hengyang%20Industrial%20Technology.pdf
H30,HONG FOK CORPORATION LIMITED,115,2026-02-27,2026-09-18,tidak_ada_petunjuk,0,0,tidak_ada_petunjuk,"Rangkaian perubahan kepemilikan pemegang saham substansial pada H30 berasal dari buyback pasar oleh penerbit, sehingga jumlah saham pemegang tersebut tidak berubah. Laporan tahunan, addendum, dan dokumen AGM yang diperiksa hanya mencakup usaha properti/hospitalitas, kewenangan penerbitan saham, serta pembaruan mandat buyback; tidak menunjukkan penjualan/pembelian pengendali atau perubahan arah usaha.",https://links.sgx.com/1.0.0/corporate-announcements/IHMOYW8CFDGW36T6/882432_HFC-Notice%20of%20AGM_8Apr2026.pdf
H78,HONGKONG LAND HOLDINGS LIMITED,250,2026-01-02,2026-09-02,pantau,2,2,pantau,"Hongkong Land meluncurkan SCPREF, tetap sebagai pengelola dan pemegang kepentingan mayoritas, lalu SCPREF menandatangani pembelian Wheelock Place dari entitas milik Wharf REIC. Ini adalah perubahan platform pengelolaan dana dan akuisisi aset oleh dana, bukan bukti bahwa pengendali Hongkong Land berpindah; penyelesaian pembelian Wheelock tidak diumumkan lagi dalam arsip sampai 2 September 2026.",https://links.sgx.com/1.0.0/corporate-announcements/RSTD7TVABC5W4ZJZ/873990_0203%20HKLH%20SGX.pdf
HAJB,PETRON CORPORATION,4,2026-03-18,2026-04-20,tidak_ada_petunjuk,0,0,tidak_ada_petunjuk,"Petron menebus dan membatalkan sekuritas modal perpetual, dengan pokok US$162,611,000 pada 19 April 2026. Ini pelunasan instrumen utang, bukan transaksi pengendalian atau bisnis penerbit.",https://links.sgx.com/1.0.0/corporate-announcements/0IP9BSNOA0827TO7/878619_SGX%20-%2003%2018%2026%20-%20Petron%20-%20Notice%20of%20Redemption%20to%20Securityholders.pdf
HBBD,HBBD · PHILLIP SECURITIES PTE LTD,4,2026-05-14,2026-06-12,tidak_ada_petunjuk,0,0,tidak_ada_petunjuk,Pengumuman hanya menetapkan dan memperbarui nilai dividen Alibaba HK SDR; tidak ada transaksi pengendalian atas penerbit atau efek.,
HBIW,SG ISSUER,2,2026-04-09,2026-05-13,tidak_ada_petunjuk,0,0,tidak_ada_petunjuk,Dua dokumen hanya mencatat penghentian lalu pemulihan kuotasi penawaran pembuat pasar. Tidak ada transaksi pengendalian atau bisnis penerbit.,
HBND,PHILLIP SECURITIES PTE LTD,4,2026-03-31,2026-07-15,tidak_ada_petunjuk,0,0,tidak_ada_petunjuk,Pengumuman distribusi kas wajib; tidak ditemukan transaksi kendali penerbit.,
HBRB,"KB SECURITIES CO., LTD.",1,2026-08-26,2026-08-26,tidak_ada_petunjuk,0,0,tidak_ada_petunjuk,Satu pengumuman adalah konfirmasi pencatatan obligasi senior tanpa jaminan US$300 juta jatuh tempo 2029. Tidak ada bukti perubahan pengendali atau perubahan bisnis penerbit.,
HCAB,HOUSING AND DEVELOPMENT BOARD,4,2026-01-02,2026-07-02,tidak_ada_petunjuk,0,0,tidak_ada_petunjuk,Empat dokumen adalah pembayaran kupon dan jatuh tempo surat utang Housing and Development Board. Tidak ditemukan pada bahan yang diperiksa transaksi yang relevan terhadap kendali atau arah usaha.,
HCCD,PHILLIP SECURITIES PTE LTD,12,2026-03-10,2026-08-11,tidak_ada_petunjuk,0,0,tidak_ada_petunjuk,"Seluruh judul adalah pengumuman dividen untuk SDR CATL. Tidak ditemukan transaksi kendali, saham, aset, atau pembiayaan penerbit dalam bahan yang diperiksa.",
HCMD,PHILLIP SECURITIES PTE LTD,8,2026-03-27,2026-08-27,tidak_ada_petunjuk,0,0,tidak_ada_petunjuk,Pengumuman yang tersedia berkaitan dengan produk/instrumen pasar modal. Tidak ditemukan transaksi pengendalian atau pergeseran bisnis penerbit pada bahan yang diperiksa.,
HD9,XTRACKERS,2,2026-09-01,2026-09-01,tidak_ada_petunjuk,0,0,tidak_ada_petunjuk,"Pemberitahuan menyangkut penghentian perdagangan dan penebusan wajib saham kelas Hong Kong, bukan seluruh subdana atau pencatatan SGX. Tidak ada bukti perubahan kendali penerbit.",https://links.sgx.com/1.0.0/corporate-announcements/34I4J2417OMRW301/903152_XT1_Notice_2026.09.01_Hong%20Kong%20Compulsory%20Redemption_SGP.pdf
HFHB,IOI INVESTMENT (L) BERHAD,15,2026-02-24,2026-08-28,tidak_ada_petunjuk,0,0,tidak_ada_petunjuk,Pengumuman material yang diperiksa berhubungan dengan laporan keuangan dan perubahan sekretaris perusahaan IOI Investment; tidak ditemukan petunjuk transaksi pengendalian atau bisnis.,
HFJB,HOUSING AND DEVELOPMENT BOARD,2,2026-05-18,2026-05-18,tidak_ada_petunjuk,0,0,tidak_ada_petunjuk,Dokumen yang dibuka adalah pembayaran kupon obligasi. Tidak ditemukan transaksi kendali atau bisnis penerbit pada bahan yang diperiksa.,
HFWB,THE EXPORT-IMPORT BANK OF KOREA,1,2026-01-13,2026-01-13,tidak_ada_petunjuk,0,0,tidak_ada_petunjuk,"Dokumen tunggal adalah konfirmasi pencatatan notes US$500 juta 4,375% jatuh tempo 2036. Tidak ada bukti perubahan pemegang saham, kendali, atau bisnis penerbit.",
HGAB,BAYFRONT IABS VII PTE. LTD.,2,2026-04-13,2026-04-13,tidak_ada_petunjuk,0,0,tidak_ada_petunjuk,"Laporan tanggal pembayaran kupon menjelaskan distribusi instrumen sekuritisasi. Tidak ditemukan transaksi saham, pengendali, atau perubahan bisnis penerbit dalam bahan yang diperiksa.",
HGIB,THE BANK OF NOVA SCOTIA,2,2026-04-10,2026-07-16,tidak_ada_petunjuk,0,0,tidak_ada_petunjuk,Dua dokumen merupakan penetapan kupon obligasi mengambang Bank of Nova Scotia. Tidak ditemukan petunjuk perubahan pengendali atau perubahan usaha penerbit.,https://links.sgx.com/1.0.0/corporate-announcements/UT8632H8L63AMS26/c27d4e0591639c2e2b0e0e2aaebeec679ce3d6b735c5e091ca6aff3275f70d38
HGMD,PHILLIP SECURITIES PTE LTD,4,2026-04-20,2026-06-16,tidak_ada_petunjuk,0,0,tidak_ada_petunjuk,"Arsip hanya memuat pengumuman distribusi kas wajib. Tidak ditemukan bahan transaksi pemegang saham, pengendalian, bisnis, atau pendanaan penerbit.",
HIJW,MACQUARIE BANK LIMITED,1,2026-03-30,2026-03-30,tidak_ada_petunjuk,0,0,tidak_ada_petunjuk,Satu judul adalah mandatory warrant exercise. Tidak ada petunjuk transaksi perusahaan atau perubahan pengendali penerbit.,
HIQW,MACQUARIE BANK LIMITED,1,2026-07-30,2026-07-30,tidak_ada_petunjuk,0,0,tidak_ada_petunjuk,"Dokumen tunggal mencatat pelaksanaan warrant wajib. Tidak terdapat bahan tentang perubahan pengendali, pembiayaan perantara, atau transaksi bisnis penerbit.",
HJBB,THE KOREA DEVELOPMENT BANK (ACTING THROUGH ITS PRINCIPAL OFFICE IN KOREA),1,2026-05-15,2026-05-15,tidak_ada_petunjuk,0,0,tidak_ada_petunjuk,"Satu dokumen adalah konfirmasi pencatatan US$300 juta floating-rate notes jatuh tempo 2031. Tidak memuat transaksi saham, aset, bisnis, atau pengendalian penerbit.",https://links.sgx.com/1.0.0/corporate-announcements/Q5A5X13ABQZFD2R1/0c207d5d7807ea30b8ab37a0ccf5ac1baef12aaef763dbe827edae80d77d153a
HJDD,PHILLIP SECURITIES PTE LTD,4,2026-03-06,2026-04-17,tidak_ada_petunjuk,0,0,tidak_ada_petunjuk,Arsip berisi pengumuman dividen tunai untuk SDR JD.com dan penggantinya. Tidak ditemukan transaksi bisnis atau perubahan pengendali.,
HJMB,KASIKORNBANK PUBLIC COMPANY LIMITED (ACTING THROUGH ITS HONG KONG BRANCH),1,2026-09-17,2026-09-17,tidak_ada_petunjuk,0,0,tidak_ada_petunjuk,"Satu dokumen adalah pencatatan surat utang subordinasi. Tidak ada perubahan saham, kendali, atau bisnis penerbit yang diungkapkan.",
HKB,AMTD IDEA GROUP,24,2026-04-30,2026-07-07,transaksi_selesai,1,1,transaksi_selesai,"AMTD mengumumkan pembelian hotel di London, Malaysia, dan Perth. Ini adalah akuisisi aset oleh grup, bukan bukti perpindahan pengendalian AMTD IDEA.",https://links.sgx.com/1.0.0/corporate-announcements/LPGLI6PVORI06SW8/890957_AMTD%20Successful%20Completion%20of%20Acquisition%20of%20Upper%20View%20Regalia%20Hotel%20in%20Malaysia%20for%20US%2438%20Million.pdf
HKUD,PHILLIP SECURITIES PTE LTD,4,2026-04-20,2026-07-01,tidak_ada_petunjuk,0,0,tidak_ada_petunjuk,"Tidak ditemukan transaksi pengendalian, saham penerbit, atau pengambilalihan bisnis pada bahan yang diperiksa.",
HLPD,PHILLIP SECURITIES PTE LTD,6,2026-03-23,2026-08-26,pantau,0,0,pantau,"Dokumen yang dibuka adalah rincian dividen tunai SDR Laopu Gold, bukan pengambilalihan atau perubahan kendali Philip Securities.",
HLS,HELENS INTERNATIONAL HOLDINGS COMPANY LIMITED,68,2026-01-06,2026-09-03,pantau,1,1,pantau,"Ada pergantian CEO dan perubahan direktur, namun ketua sekaligus pendiri Xu Bingzhong tetap menjadi direktur eksekutif dan ketua. Bahan yang diperiksa menyatakan penataan manajemen dan optimalisasi usaha berjalan, bukan perubahan pengendali.",https://links.sgx.com/1.0.0/corporate-announcements/2B9M8QHFYYT8JB6S/894555_CHANGE%20OF%20CHIEF%20EXECUTIVE%20OFFICER.pdf
HMN,CAPITALAND ASCOTT TRUST MANAGEMENT LIMITED,162,2026-01-05,2026-09-14,pantau,1,1,pantau,"Manajer CapitaLand Ascott Trust mengumumkan pelepasan Robertson House yang kemudian selesai, serta pembelian Coliwoo Midtown yang masih bersyarat. Pengungkapan pemegang saham besar terkait telah dibuka; beberapa lampiran tidak dapat diekstrak, dan tidak dipakai sebagai bukti perubahan kendali manajer.",https://links.sgx.com/1.0.0/corporate-announcements/9MGCGS9ZJ720A5JX/890730_20260529_Divestment%20Announcement.pdf
HPAD,PHILLIP SECURITIES PTE LTD,8,2026-03-27,2026-09-10,tidak_ada_petunjuk,0,0,tidak_ada_petunjuk,"Seluruh catatan adalah pengumuman distribusi kas. Tidak ditemukan transaksi saham, usaha, pendanaan perusahaan, atau kendali penerbit pada bahan yang diperiksa.",
HPCD,PHILLIP SECURITIES PTE LTD,8,2026-03-30,2026-09-14,tidak_ada_petunjuk,0,0,tidak_ada_petunjuk,"Seluruh dokumen adalah pemberitahuan dividen PetroChina Hong Kong SDR, termasuk kurs akhir. Tidak ditemukan transaksi pengendalian atau bisnis penerbit dalam bahan yang diperiksa.",
HPKB,KOREA OCEAN BUSINESS CORPORATION,1,2026-09-09,2026-09-09,tidak_ada_petunjuk,0,0,tidak_ada_petunjuk,"Dokumen hanya mengonfirmasi pencatatan surat utang US$300 juta. Tidak ada fakta perubahan saham, bisnis, atau kendali penerbit pada bahan yang diperiksa.",
HPPD,PHILLIP SECURITIES PTE LTD,4,2026-03-25,2026-05-19,tidak_ada_petunjuk,0,0,tidak_ada_petunjuk,Semua judul adalah pengumuman distribusi kas wajib untuk efek terkait. Tidak ada pengumuman transaksi atau perubahan pengendali pada bahan yang diperiksa.,
HQU,OILTEK INTERNATIONAL LIMITED,40,2026-02-10,2026-08-23,pantau,1,1,pantau,HOA proyek bahan bakar penerbangan berkelanjutan dengan BioSeaga masih awal dan sebagian besar tidak mengikat. HOA lain dengan PT Kilang Pertamina Internasional telah kedaluwarsa tanpa perjanjian definitif; tidak ada bukti perubahan pengendali Oiltek.,https://links.sgx.com/1.0.0/corporate-announcements/5X6AC9N23TIHAT4Y/881957_Oiltek_Announcement_HOA%20with%20BioSeaga.pdf
HQXW,IX BIOPHARMA LTD.,3,2026-06-25,2026-06-25,tidak_ada_petunjuk,0,0,tidak_ada_petunjuk,"Tiga dokumen adalah pemberitahuan dan formulir pelaksanaan waran iX Biopharma, dengan harga pelaksanaan S$0,06 per saham baru dan masa berlaku sampai Juli 2026. Tidak ditemukan transaksi pengendali, pihak pembeli/penjual, atau perubahan bisnis dalam bahan yang diperiksa.",
HSAW,MACQUARIE BANK LIMITED,1,2026-02-05,2026-02-05,tidak_ada_petunjuk,0,0,tidak_ada_petunjuk,Satu catatan adalah product listing warrants oleh Macquarie Bank. Tidak ada transaksi yang menunjukkan perubahan pengendalian penerbit.,
HSCB,CIMIC FINANCE LIMITED,24,2026-01-08,2026-04-14,tidak_ada_petunjuk,0,0,tidak_ada_petunjuk,"Akuisisi FSI oleh Sedgman dan penjualan 50% UGL Transport kepada Sojitz adalah transaksi bisnis CIMIC Group, induk penerbit surat utang HSCB. Tidak ditemukan transaksi saham atau perubahan kendali CIMIC Finance Limited dalam bahan yang diperiksa.",
HSHD,PHILLIP SECURITIES PTE LTD,12,2026-02-25,2026-09-15,tidak_ada_petunjuk,0,0,tidak_ada_petunjuk,"Pengumuman berisi distribusi tunai atas Singapore Depository Receipts HSBC. Tidak ditemukan transaksi pengendali, pembelian bisnis, atau pendanaan penerbit dalam bahan yang diperiksa.",
HSYB,THE KOREA DEVELOPMENT BANK,1,2026-01-28,2026-01-28,tidak_ada_petunjuk,0,0,tidak_ada_petunjuk,Satu dokumen hanya konfirmasi pencatatan surat utang berbunga mengambang US$500 juta. Tidak ditemukan petunjuk transaksi pengendalian atau perubahan usaha penerbit.,
HTCD,PHILLIP SECURITIES PTE LTD,4,2026-03-18,2026-05-19,tidak_ada_petunjuk,0,0,tidak_ada_petunjuk,Seluruh judul adalah pengumuman dividen dan replikasinya. Tidak ditemukan transaksi yang relevan terhadap pengendalian atau arah bisnis penerbit.,
HTJB,"TOHOKU ELECTRIC POWER COMPANY, INCORPORATED",5,2026-03-04,2026-07-29,tidak_ada_petunjuk,0,0,tidak_ada_petunjuk,"Bahan mencakup hasil keuangan dan konfirmasi pencatatan obligasi US$500 juta jatuh tempo 2031. Tidak ditemukan pengambilalihan, penerbitan saham, atau perubahan pengendali penerbit.",
HUKW,MACQUARIE BANK LIMITED,1,2026-07-01,2026-07-01,tidak_ada_petunjuk,0,0,tidak_ada_petunjuk,Dokumen adalah penyelesaian kas waran SIMSCI yang jatuh tempo. Peristiwa derivatif ini bukan pengalihan saham atau kendali penerbit.,
HVKB,BAYFRONT IABS VII PTE. LTD.,4,2026-04-13,2026-04-13,tidak_ada_petunjuk,0,0,tidak_ada_petunjuk,Dua pengumuman adalah pembayaran kupon instrumen pembiayaan terstruktur. Paparan Indonesia di lampiran bukan transaksi pengambilalihan atau perubahan kendali penerbit.,https://links.sgx.com/1.0.0/corporate-announcements/Q05NEWGTJVA5VEJX/477ef5e6171d7bdc4f5ea5379ee952eac6e2c62e218f564c88c3bd4ee607e30d
HVWB,GOLOMT BANK JSC,7,2026-05-06,2026-05-18,transaksi_selesai,1,1,transaksi_selesai,"Golomt Bank menyelesaikan pembelian kembali sebagian obligasi Reg S 11% jatuh tempo 2027. Ini transaksi utang dengan pemegang obligasi, bukan perpindahan saham atau kendali bank.",https://links.sgx.com/1.0.0/corporate-announcements/C6O1QS82QVBYBGWU/887701_Milestone%20II%20-%20Tender%20Offer%20Launch%20Announcement.pdf
HXAB,HOUSING AND DEVELOPMENT BOARD,2,2026-02-16,2026-02-16,tidak_ada_petunjuk,0,0,tidak_ada_petunjuk,Dokumen hanya menetapkan pelunasan pokok SGD500 juta dan bunga obligasi HDB pada 11 Maret 2026. Tidak ditemukan transaksi kendali atau bisnis dalam bahan yang diperiksa.,
HXWB,THE BANK OF NOVA SCOTIA,1,2026-07-17,2026-07-17,tidak_ada_petunjuk,0,0,tidak_ada_petunjuk,Satu dokumen hanya mengonfirmasi pencatatan surat utang US$15 juta Bank of Nova Scotia. Tidak ada fakta perubahan kendali atau transaksi bisnis penerbit.,
HYDD,PHILLIP SECURITIES PTE LTD,4,2026-04-22,2026-06-15,tidak_ada_petunjuk,0,0,tidak_ada_petunjuk,Semua pengumuman yang diperiksa adalah pengumuman dan penggantian pengumuman dividen untuk BYD HK SDR 10TO1. Tidak ada transaksi perubahan kendali atau bisnis penerbit.,
HYXB,UNITED OVERSEAS BANK LIMITED,1,2026-06-25,2026-06-25,tidak_ada_petunjuk,0,0,tidak_ada_petunjuk,"Satu dokumen hanya mengonfirmasi pencatatan surat utang tanpa kupon USD35 juta. Tidak ditemukan perubahan pengendalian, usaha, atau kepemilikan UOB.",
HZGD,PHILLIP SECURITIES PTE LTD,8,2026-05-08,2026-08-31,tidak_ada_petunjuk,0,0,tidak_ada_petunjuk,Empat peristiwa hanya berupa pengumuman distribusi kas dan penggantiannya. Tidak ditemukan dalam bahan yang diperiksa transaksi kendali atau bisnis.,
I06,INTRACO LIMITED,190,2026-01-02,2026-09-18,pantau,2,2,pantau,"Intraco menyelesaikan penguasaan 80% SlideSG dan kemudian investor berbasis Oman baru menyelesaikan sebagian investasi di iChange, anak usaha Intraco. Pengumuman pembelian kembali seluruh token digital Provenance Treasures juga telah diperiksa; perubahan tersebut berada di anak usaha atau instrumen, dan bahan yang diperiksa tidak membuktikan perubahan kendali atas Intraco.",https://links.sgx.com/1.0.0/corporate-announcements/DPGBBV9730AHJG4V/70b651e0d7147d3040b336efdfc133261e87600656aa6807c1f14e96a8c88a0c
I07,ISDN HOLDINGS LIMITED,147,2026-01-05,2026-09-15,tidak_ada_petunjuk,0,0,tidak_ada_petunjuk,"Laporan tahunan/keuangan, pembaruan usaha, serta pengungkapan kepentingan pemegang saham dan pengurus telah diperiksa. Dokumen tanpa kode yang cocok dengan ISDN mencatat likuidasi sukarela PT Leaptron Engineering di Indonesia; itu tindakan pada anak usaha, bukan bukti perubahan pengendali atau pengalihan bisnis utama penerbit.",
I11,I11 · RENAISSANCE UNITED LIMITED,20,2026-01-22,2026-09-15,tidak_ada_petunjuk,1,1,tidak_ada_petunjuk,"Renaissance United mengumumkan akuisisi properti tambahan di Malaysia oleh anak usaha yang dimiliki penuh; dokumen utama telah dibuka. Pembelian aset oleh anak usaha bukan bukti pengambilalihan penerbit, dan tidak ditemukan perubahan pengendali dalam bahan yang diperiksa.",
I49,IFS CAPITAL LIMITED,57,2026-01-19,2026-08-13,pantau,1,1,pantau,"Pengumuman akuisisi/disposisi yang diperiksa mencatat pendirian anak usaha dan transaksi anak usaha. Tidak ada bukti perubahan pengendali IFS Capital, tetapi perkembangan anak usaha menjadi alasan pemantauan terbatas.",https://links.sgx.com/1.0.0/corporate-announcements/RG6IW6BHBSLK7JYZ/876721_SGX%20Announcement%20Pursuant%20to%20Rule%20706A%20of%20the%20Listing%20Manual.pdf
IAUW,SG ISSUER,1,2026-03-25,2026-03-25,tidak_ada_petunjuk,0,0,tidak_ada_petunjuk,"Dokumen tunggal telah dibuka; tidak mengungkap transaksi saham, kendali, atau perubahan bisnis penerbit.",
IBAB,ORIGIN ENERGY FINANCE LIMITED,4,2026-08-13,2026-08-13,tidak_ada_petunjuk,0,0,tidak_ada_petunjuk,Dokumen hasil tahunan dan presentasi Origin Energy yang terpicu telah dibuka. Tidak ditemukan dalam bahan arsip yang diperiksa bukti pergantian pengendali atau penyuntikan bisnis privat ke penerbit ini.,
IBKD,PHILLIP SECURITIES PTE LTD,12,2026-03-16,2026-09-02,tidak_ada_petunjuk,0,0,tidak_ada_petunjuk,Bahan hanya mencatat pengumuman dividen untuk Indonesia SDR Bank Central Asia. Tidak ditemukan transaksi pengendalian Phillip Securities atau penerbit terkait dalam bahan yang diperiksa.,
IBQB,WINBOND ELECTRONICS CORPORATION,2,2026-03-31,2026-08-03,tidak_ada_petunjuk,0,0,tidak_ada_petunjuk,Dua dokumen yang diperiksa mencatat pencatatan dan kemudian delisting obligasi konversi zero-coupon US$750 juta. Pada 3 Agustus seluruh obligasi telah dikonversi dan instrumen obligasi didelisting; arsip tidak mengungkap transaksi perubahan pengendali atau bisnis Winbond.,https://links.sgx.com/1.0.0/corporate-announcements/UTZTGZU12NLH0WX4/439f6fd514c020615de9192327fdc8b043961a01e41256c1c27e12dbbc5c7f8e
ICAB,THE KOREA DEVELOPMENT BANK,1,2026-01-28,2026-01-28,tidak_ada_petunjuk,0,0,tidak_ada_petunjuk,"Satu pengumuman hanya mengonfirmasi pencatatan notes 3,75% US$1,25 miliar yang jatuh tempo 2029. Tidak ada transaksi pengendalian atau bisnis yang diungkapkan.",
ICFB,VINGROUP JOINT STOCK COMPANY,18,2026-01-14,2026-08-07,tidak_ada_petunjuk,0,0,tidak_ada_petunjuk,"Kronologi yang diperiksa adalah pembelian kembali, pertukaran, pembatalan, dan penebusan obligasi yang dapat ditukar menjadi saham Vinhomes. Ini bukan bukti berubahnya pengendali Vingroup.",https://links.sgx.com/1.0.0/corporate-announcements/B95LXNZDB3JW2W14/899037_Vingroup%20-%20SGX%20Announcement_EB%20Cancellation_2026.08.07.pdf
IHYB,"DBS BANK LTD., AUSTRALIA BRANCH",1,2026-02-13,2026-02-13,tidak_ada_petunjuk,0,0,tidak_ada_petunjuk,"Bahan yang diperiksa hanya konfirmasi pencatatan surat utang DBS Bank Ltd., Australia Branch. Pencatatan utang bukan bukti perubahan kendali penerbit.",
IICD,INDOFOOD CBP SUKSES MAKMUR Tbk,4,2026-07-01,2026-07-09,tidak_ada_petunjuk,0,0,tidak_ada_petunjuk,Seluruh judul adalah pengumuman dividen untuk Indonesian Depository Receipts. Tidak ditemukan transaksi kendali atau perubahan usaha dalam bahan yang diperiksa.,
IIEW,MACQUARIE BANK LIMITED,1,2026-02-27,2026-02-27,pantau,0,0,pantau,Dokumen terbuka adalah pelaksanaan waran atas saham ST Engineering; tidak menyatakan transaksi kendali Macquarie Bank.,
IJMW,MACQUARIE BANK LIMITED,1,2026-07-20,2026-07-20,tidak_ada_petunjuk,0,0,tidak_ada_petunjuk,"Ini konfirmasi pencatatan produk waran atas DBS, bukan transaksi atas penerbit atau saham Macquarie Bank. Tidak ada petunjuk perubahan pengendalian pada bahan yang diperiksa.",
IJWW,SG ISSUER,1,2026-03-25,2026-03-25,tidak_ada_petunjuk,0,0,tidak_ada_petunjuk,Satu pengumuman hanya meminta pemulihan perdagangan dari suspensi. Tidak ada bukti transaksi pengendalian atau perubahan bisnis penerbit dalam bahan yang diperiksa.,
IKSB,"NOMURA HOLDINGS, INC",1,2026-06-30,2026-06-30,tidak_ada_petunjuk,0,0,tidak_ada_petunjuk,Satu pengumuman adalah konfirmasi pencatatan surat utang senior berbunga mengambang US$500 juta. Tidak ditemukan dalam bahan yang diperiksa perubahan pengendalian atau bisnis penerbit.,
IMLB,NTT FINANCE CORPORATION,1,2026-03-04,2026-03-04,tidak_ada_petunjuk,0,0,tidak_ada_petunjuk,Satu pengumuman hanya mengonfirmasi pencatatan surat utang EUR600 juta NTT Finance di pasar obligasi SGX. Tidak ditemukan transaksi kendali atau bisnis.,
IMOW,MACQUARIE BANK LIMITED,1,2026-06-08,2026-06-08,tidak_ada_petunjuk,0,0,tidak_ada_petunjuk,"Dokumen arsip hanya pencatatan produk waran. Tidak ditemukan pengalihan saham penerbit, pembiayaan perantara, atau perubahan arah usaha.",
IMQB,"KAWASAKI HEAVY INDUSTRIES, LTD.",1,2026-07-31,2026-07-31,belum_cukup,0,0,belum_cukup,"Dokumen yang dibuka adalah konfirmasi pencatatan obligasi konversi tanpa kupon JPY50 miliar jatuh tempo 2033. Pengumuman tidak memuat rincian penerima atau dampak konversi, sehingga bahan ini sendiri belum cukup untuk menilai kepemilikan atau kendali.",
IRHB,Surbana Jurong Private Limited,2,2026-07-29,2026-07-29,tidak_ada_petunjuk,0,0,tidak_ada_petunjuk,"Lampiran laporan keuangan tahunan dibuka. Dokumen mencatat transaksi anak usaha dan kepentingan nonpengendali, tetapi tidak menyatakan transaksi perubahan pengendali Surbana Jurong dalam bahan yang diperiksa.",
ITKD,PHILLIP SECURITIES PTE LTD,2,2026-06-22,2026-06-22,tidak_ada_petunjuk,0,0,tidak_ada_petunjuk,"Pengumuman dividen kas untuk SDR Telkom Indonesia, bukan perubahan pemilik atau pengendali Telkom maupun Phillip Securities.",https://links.sgx.com/1.0.0/corporate-announcements/ZSY5EC8HQ7ZGFIDF/893837_TELKOM%20INDONESIA%20ID%20SDR%201TO5%20-%20Final%20Announcement%20with%20FX.pdf
ITS,INFO-TECH SYSTEMS LTD.,48,2026-01-15,2026-08-11,pantau,2,2,pantau,Ada penjualan saham oleh vendor dan perubahan peran salah satu pendiri menjadi ketua non-eksekutif. Bahan yang diperiksa belum cukup membuktikan bahwa pembeli penjualan blok memperoleh pengendalian penerbit.,https://links.sgx.com/1.0.0/corporate-announcements/BQ47ARYWSVNYAPEH/886213_Block%20Trade%20Announcement.pdf
IVGB,"HYUNDAI CAPITAL SERVICES, INC.",1,2026-01-21,2026-01-21,tidak_ada_petunjuk,0,0,tidak_ada_petunjuk,"Satu judul adalah konfirmasi pencatatan surat utang senior EUR500 juta; tidak terdapat pemicu pengendalian, saham, atau bisnis dalam bahan yang diperiksa.",
IVXB,IVXB · DBS GROUP HOLDINGS LTD,3,2026-03-24,2026-09-18,tidak_ada_petunjuk,0,0,tidak_ada_petunjuk,"Seluruh judul DBS Group Holdings dalam arsip telah diperiksa. Tidak ditemukan pengumuman transaksi yang memicu pemeriksaan pengalihan kendali, pembiayaan perantara, atau perubahan arah usaha.",
IXIW,MACQUARIE BANK LIMITED,4,2026-01-13,2026-02-13,tidak_ada_petunjuk,0,0,tidak_ada_petunjuk,Seluruh pengumuman adalah pemberitahuan kedaluwarsa waran tunai atas saham Seatrium. Waran dinyatakan berakhir tanpa pembayaran karena nilai penyelesaian nol; tidak ada transaksi kendali penerbit.,https://links.sgx.com/1.0.0/corporate-announcements/OJFQ7BAKQ4E7L3HN/875134_Final%20Expiry_13%20February%202026.pdf
IXWB,IXWB · INCHEON INTERNATIONAL AIRPORT CORPORATION,1,2026-04-21,2026-04-21,pantau,0,0,pantau,"Dokumen dalam arsip berkaitan dengan instrumen utang, pembayaran kupon, atau warrant; tidak ada rangkaian perubahan pengendali penerbit yang terlihat dalam bahan yang diperiksa.",
IYXB,CHINA WATER AFFAIRS GROUP LIMITED,10,2026-03-25,2026-05-11,belum_cukup,0,0,belum_cukup,"Dokumen penyelesaian yang dibuka mencatat penyelesaian penawaran pembelian tunai surat utang senior 4,85% jatuh tempo 2026. Rangkaian ini menyangkut utang, bukan perubahan saham penerbit; bahan yang tersedia tidak cukup untuk menyimpulkan dampak kendali.",
IZNB,KEB HANA BANK,5,2026-01-13,2026-07-15,tidak_ada_petunjuk,0,0,tidak_ada_petunjuk,"Bahan memuat pembayaran kupon obligasi KEB Hana Bank. Tidak ditemukan transaksi saham, aset, atau kendali penerbit dalam bahan yang diperiksa.",
J03,JADASON ENTERPRISES LTD,54,2026-01-07,2026-08-20,transaksi_selesai,2,3,pemasukan_dua_bisnis_dan_saham_penjual_selesai_tanpa_kendali_terbukti,"Jadason menyelesaikan pembelian seluruh Jadason Technology Limited dan Metason Limited pada 22 Januari, menerbitkan 330 juta saham imbalan kepada para penjual, lalu menerbitkan lagi 33 juta saham setelah target memenuhi sasaran laba. Kenneth Sung Sze Yat dari target masuk dewan pada Maret.",https://links.sgx.com/1.0.0/corporate-announcements/VQDQYVJ99UCBIAO6/872767_Jadason%20-%20Completion%20and%20Share%20Issuance.pdf
J0T,J0T · SG TRUST (ASIA) LTD,14,2026-01-22,2026-08-31,tidak_ada_petunjuk,0,0,tidak_ada_petunjuk,"Pengumuman nilai aset bersih, laporan keuangan, dan pergantian bank kustodian telah diperiksa; tidak ditemukan transaksi pengendalian.",
J2T,HOCK LIAN SENG HOLDINGS LIMITED,33,2026-01-02,2026-08-05,tidak_ada_petunjuk,0,0,tidak_ada_petunjuk,"Laporan tahunan dan keberlanjutan, bersama judul pembelian kembali saham rutin, laporan keuangan, rapat umum, dan dividen, telah diperiksa. Tidak ditemukan rangkaian transaksi kendali atau masuknya bisnis baru dalam bahan yang diperiksa.",
J36,JARDINE MATHESON HOLDINGS LIMITED,326,2026-01-07,2026-09-18,pantau,2,2,pantau,"Jardine Matheson menyelesaikan privatisasi Mandarin Oriental, entitas yang sebelumnya belum sepenuhnya dimilikinya, pada Januari 2026. JMH kemudian setuju membeli 100% I-MED dari Permira seharga nilai perusahaan AUD3,4 miliar; pada laporan 30 Juli transaksi itu masih diharapkan selesai pada kuartal IV 2026. Bahan yang diperiksa tidak menunjukkan penjual atau pembeli baru mengambil alih kendali atas J36 sendiri.",https://links.sgx.com/1.0.0/corporate-announcements/4FXYR8V64SYNWAPK/872631_JMH.pdf
J69U,FRASERS CENTREPOINT TRUST,66,2026-01-02,2026-09-18,tidak_ada_petunjuk,1,1,tidak_ada_petunjuk,"Frasers Centrepoint Trust mengusulkan penjualan White Sands melalui trust anak dan menawar proyek Bayshore dalam konsorsium; hasil penjualan direncanakan untuk membayar utang. Dokumen tata kelola, fasilitas pinjaman, dan laporan tengah tahun juga dibuka; tidak ada perubahan pengendali trust atau manajernya.",https://links.sgx.com/1.0.0/corporate-announcements/SXOT349BZZ0MBETR/894951_FCT%20SGX%20Announcement.pdf
J85,M&C REIT MANAGEMENT LIMITED,99,2026-01-20,2026-08-14,belum_cukup,0,0,belum_cukup,"Lampiran yang dibuka menunjukkan perubahan kepentingan grup M&C karena penerbitan unit sebagai pembayaran 80% biaya pengelolaan, bukan pengambilalihan. Namun sejumlah lampiran transaksi aset dan pengurus lain belum dibuka lengkap; hasil negatif menyeluruh belum dapat diberikan.",
JAXB,LUNAS CAPITAL II LTD.,5,2026-01-30,2026-09-03,tidak_ada_petunjuk,0,0,tidak_ada_petunjuk,Dokumen yang terpicu hanya konfirmasi pencatatan US$300 juta secured exchangeable trust certificates jatuh tempo 2031. Arsip tidak memberi bukti perpindahan kendali Lunas Capital II.,https://links.sgx.com/1.0.0/corporate-announcements/04J5DDTFYW1QAXNB/8e5be2c9f26013d51e6776699dbdf58d02cd477025e2028105e1072f90e48f55
JCO,JCO · JUSTCO HOLDINGS LIMITED,68,2026-05-21,2026-08-11,tidak_ada_petunjuk,0,0,tidak_ada_petunjuk,"Dokumen IPO, kepemilikan pengurus/pemegang saham, aksi stabilisasi, dan pembaruan usaha JustCo telah dibuka. Pencatatan IPO serta perubahan kepentingan yang terkait tidak membuktikan pengalihan kendali penerbit setelah pencatatan dalam bahan yang diperiksa.",
JCUB,ESR GROUP LIMITED,6,2026-01-29,2026-03-02,tidak_ada_petunjuk,0,0,tidak_ada_petunjuk,"Tiga rangkaian pengumuman hanya mengenai pemberitahuan dan penyelesaian pelunasan awal surat utang perpetual. Tidak ada pembelian/penjualan saham penerbit, perubahan kendali, atau perubahan bisnis yang diungkapkan.",
JDDB,MALAYAN BANKING BERHAD,3,2026-01-19,2026-07-14,tidak_ada_petunjuk,0,0,tidak_ada_petunjuk,Seluruh judul diperiksa. Arsip hanya memuat pembayaran kupon surat utang; tidak ditemukan transaksi kendali penerbit.,
JDNB,REPUBLIC OF INDONESIA,1,2026-01-21,2026-01-21,tidak_ada_petunjuk,0,0,tidak_ada_petunjuk,"Pengumuman adalah konfirmasi pencatatan obligasi Republik Indonesia US$1,1 miliar jatuh tempo 2031. Tidak ada transaksi pengendalian atau arah usaha yang relevan.",
JEIB,"ZHEJIANG SEAPORT INTERNATIONAL CO., LIMITED",1,2026-02-04,2026-02-04,tidak_ada_petunjuk,0,0,tidak_ada_petunjuk,"Satu pengumuman hanya mengonfirmasi pencatatan obligasi hijau CNY3,5 miliar. Tidak ditemukan transaksi pengendali atau bisnis.",
JEOB,BAYFRONT INFRASTRUCTURE CAPITAL VI PTE. LTD.,2,2026-04-13,2026-04-13,tidak_ada_petunjuk,0,0,tidak_ada_petunjuk,Pengumuman yang diperiksa adalah pembayaran kupon instrumen utang. Tidak ditemukan transaksi kendali atau bisnis penerbit.,
JESB,CIP FUNDING PTY LIMITED,43,2026-01-28,2026-09-03,tidak_ada_petunjuk,0,0,tidak_ada_petunjuk,Pengumuman merupakan hasil dan pembaruan Centuria Industrial REIT serta efek pendanaannya. Laporan interim menyebut tidak ada entitas yang pengendaliannya diperoleh atau hilang.,https://links.sgx.com/1.0.0/corporate-announcements/3QVOCWF32FUQTTEX/874693_CIP%20HY26%20Appendix%204D.pdf
JEWB,"INVERSIONES ATLANTIDA, S.A.",1,2026-02-09,2026-02-09,pantau,0,0,pantau,Dokumen tunggal adalah konfirmasi pencatatan surat utang senior. Tidak ada transaksi saham atau kendali penerbit yang terdokumentasi.,
JEZB,LAND TRANSPORT AUTHORITY,4,2026-01-07,2026-07-07,pantau,0,0,pantau,"Dokumen terbuka adalah pembayaran kupon obligasi LTA dengan jatuh tempo 2059, bukan perubahan kendali atau bisnis penerbit.",
JFBB,DBS TRUSTEE LIMITED (TRUSTEE OF CDL HOSPITALITY REIT),1,2026-02-20,2026-02-20,tidak_ada_petunjuk,0,0,tidak_ada_petunjuk,Satu dokumen hanya mengonfirmasi pencatatan perpetual subordinated securities S$100 juta. Tidak ada transaksi pengendali atau bisnis yang diungkapkan.,
JFCB,BAYFRONT IABS VII PTE. LTD.,2,2026-04-13,2026-04-13,tidak_ada_petunjuk,0,0,tidak_ada_petunjuk,"Dokumen adalah pembayaran kupon dan laporan pembayaran sekuritisasi. Tidak ditemukan perpindahan saham, perubahan pengendalian, atau perubahan bisnis penerbit pada bahan yang diperiksa.",
JFQ,JFQ · ANNICA HOLDINGS LIMITED,112,2026-05-20,2026-08-12,pantau,2,3,restrukturisasi_utang_dan_kontrol_internal_selesai,"Annica mengonsolidasikan saham, menjual 60% Panah Jaya Makmur kepada pemilik 40% yang sudah ada, lalu menerbitkan 94.028.349 saham hak. Sekitar S$3,12 juta atau 97,5% hasil penerbitan dipakai untuk mengurangi utang kepada empat pemegang saham melalui set-off. Annica menyatakan alokasi saham berlebih kepada CEO Sandra Liz Hon menimbulkan perpindahan kepentingan pengendali; setelah penerbitan saham karyawan pada Agustus, Sandra memegang 17,93%.",https://links.sgx.com/1.0.0/corporate-announcements/M2X2BCB04T4ER6A0/893319_Annica%20-%20Updates%20on%20IR.pdf
JGLB,REPUBLIC OF INDONESIA,1,2026-03-04,2026-03-04,tidak_ada_petunjuk,0,0,tidak_ada_petunjuk,"Dokumen SGX hanya mengonfirmasi pencatatan obligasi Republik Indonesia EUR1,2 miliar 4,10% jatuh tempo 2034. Tidak ditemukan transaksi pengendalian atau perubahan usaha dalam bahan yang diperiksa.",https://links.sgx.com/1.0.0/corporate-announcements/58Q59MSMJN4VN8JC/45550f340fe6a8689f8c320a65396d3555ba1b16e885507045a09498b9f90c25
JGUB,RESONAC HOLDINGS CORPORATION,14,2026-01-27,2026-08-26,tidak_ada_petunjuk,0,0,tidak_ada_petunjuk,"Pengumuman membahas penyesuaian harga konversi dan pemberitahuan pemegang obligasi konversi Resonac, terkait dividen dan jadwal penentuan pemegang saham. Tidak ada pembelian atau penjualan saham pengendali, maupun perubahan bisnis atau kendali.",https://links.sgx.com/1.0.0/corporate-announcements/7CJ4OXGKULXH5LRU/880556_Notice%20Regarding%20Adjustment%20of%20Conversion%20Price.pdf
JGXB,"MARUI GROUP CO., LTD.",1,2026-09-09,2026-09-09,tidak_ada_petunjuk,0,0,tidak_ada_petunjuk,Satu dokumen hanya mengonfirmasi pencatatan obligasi konversi nol kupon ¥50 miliar jatuh tempo 2031.,
JK8,JK8 · UOB ASSET MANAGEMENT LTD,40,2026-01-02,2026-09-18,tidak_ada_petunjuk,0,0,tidak_ada_petunjuk,"Seluruh judul adalah publikasi nilai aset bersih berkala suatu unit dana. Tidak ditemukan transaksi saham, utang, bisnis, atau pengendalian dalam bahan yang diperiksa.",
JLEW,MACQUARIE BANK LIMITED,1,2026-08-28,2026-08-28,tidak_ada_petunjuk,0,0,tidak_ada_petunjuk,Arsip hanya memuat pelaksanaan waran Macquarie Bank; tidak ditemukan petunjuk transaksi pengendalian atau bisnis.,
JNCB,ASTREA VI PTE. LTD.,3,2026-03-03,2026-03-03,tidak_ada_petunjuk,0,0,tidak_ada_petunjuk,"Astrea VI memberi pemberitahuan pelunasan penuh obligasi Class A-2 US$228 juta pada tanggal opsi panggilan 18 Maret 2026. Ini pelunasan instrumen utang, bukan transaksi kendali atau bisnis.",
JNDB,GUANGDONG - HONG KONG GREATER BAY AREA HOLDINGS LIMITED,8,2026-03-31,2026-04-13,tidak_ada_petunjuk,1,1,tidak_ada_petunjuk,"Permintaan persetujuan obligasi konversi wajib selesai, tetapi tujuannya adalah penunjukan escrow dan perubahan dokumentasi pembatasan penguncian saham. Bahan tidak menunjukkan pengalihan pengendali penerbit.",https://links.sgx.com/1.0.0/corporate-announcements/LEIDRSNVW5F4NS3E/883381_Youngo%20CS%202026%20-%20SGX%20Announcement-Completion.pdf
JNSB,SK HYNIX INC.,3,2026-04-28,2026-04-28,tidak_ada_petunjuk,0,0,tidak_ada_petunjuk,Semua judul ditinjau. Arsip memuat pemberitahuan pelunasan dipercepat instrumen oleh penerbit; tidak ada petunjuk transaksi bisnis atau pengendalian SK Hynix.,
JOUB,HOUSING AND DEVELOPMENT BOARD,2,2026-06-30,2026-06-30,tidak_ada_petunjuk,0,0,tidak_ada_petunjuk,"Dua catatan merupakan pembayaran kupon seri surat utang Housing and Development Board. Tidak ada transaksi saham, bisnis, atau kontrol yang terungkap.",
JQOB,DBS TRUSTEE LIMITED (TRUSTEE OF LENDLEASE GLOBAL COMMERCIAL REIT),4,2026-05-05,2026-06-04,tidak_ada_petunjuk,0,0,tidak_ada_petunjuk,"Dua rangkaian dokumen yang dibuka adalah pelunasan awal instrumen oleh penerbit. Tidak ditemukan transaksi kendali, penjualan atau pembelian bisnis, maupun perubahan arah utama dalam bahan yang diperiksa.",
JSXB,MODERNLAND OVERSEAS PTE. LTD.,25,2026-04-29,2026-09-17,pantau,2,2,pantau,"Modernland Overseas memperoleh moratorium dan restrukturisasi notes melalui skema yang disahkan pengadilan pada 17 September 2026. Ini restrukturisasi utang penerbit, bukan bukti pengambilalihan atau perubahan kendali; skema baru berlaku setelah perintah diserahkan ke registri, yang belum dikonfirmasi dalam arsip.",https://links.sgx.com/1.0.0/corporate-announcements/JDF66CFFZGAQBW44/886926_2026.04.29%20MOPL%20-%20SGX%20Announcement.pdf
JTMB,SCOTIABANK CHILE,1,2026-07-14,2026-07-14,tidak_ada_petunjuk,0,0,tidak_ada_petunjuk,Satu dokumen adalah konfirmasi pencatatan notes berbunga mengambang US$15 juta. Tidak ditemukan transaksi pengambilalihan atau perubahan pengendalian dalam bahan yang diperiksa.,
JUFB,BAYFRONT INFRASTRUCTURE CAPITAL IV PTE. LTD.,4,2026-04-13,2026-09-09,tidak_ada_petunjuk,0,0,tidak_ada_petunjuk,Arsip hanya memuat pembayaran kupon dan pelunasan dipercepat oleh penerbit. Tidak ditemukan transaksi pengendalian atau pembelian/penjualan bisnis.,
JVIB,"CHONGQING TONGNAN CONSTRUCTION ENGINEERING (GROUP) CO., LTD.",1,2026-06-02,2026-06-02,tidak_ada_petunjuk,0,0,tidak_ada_petunjuk,"Satu pengumuman hanya mengonfirmasi pencatatan obligasi US$45,3 juta jatuh tempo 2029. Tidak ada informasi transaksi saham, aset, atau pengendalian penerbit pada bahan diperiksa.",
JWOB,HOUSING AND DEVELOPMENT BOARD,1,2026-07-14,2026-07-14,tidak_ada_petunjuk,0,0,tidak_ada_petunjuk,Satu pengumuman hanya konfirmasi pencatatan obligasi HDB S$1 miliar jatuh tempo 2033. Tidak ditemukan petunjuk perubahan kendali atau transaksi bisnis.,
JWQB,TELIX PHARMACEUTICALS LIMITED,66,2026-01-12,2026-09-13,tidak_ada_petunjuk,0,0,tidak_ada_petunjuk,"Telix menerbitkan dan menyelesaikan obligasi konversi US$600 juta untuk membiayai kembali obligasi konversi; pengumuman pembersihan, laporan tahunan, dan dokumen RUPS yang terpicu juga dibuka. Tidak ada pengumuman bahwa investor obligasi memperoleh kendali atau bahwa Telix berganti pengendali.",https://links.sgx.com/1.0.0/corporate-announcements/ZPH6KF1NMW15G0NH/885206_20260423%20CB%20Settlement%20vFINAL.pdf
JXRW,MACQUARIE BANK LIMITED,1,2026-07-27,2026-07-27,tidak_ada_petunjuk,0,0,tidak_ada_petunjuk,Dokumen tunggal adalah pencatatan waran produk. Tidak ada transaksi pengendalian emiten dalam bahan yang diperiksa.,
JXVB,JXVB · DBS GROUP HOLDINGS LTD,3,2026-03-24,2026-09-18,tidak_ada_petunjuk,0,0,tidak_ada_petunjuk,"Tiga pengumuman yang tersedia tidak memuat rangkaian transaksi saham, utang-ke-saham, bisnis, atau pengendalian. Kesimpulan terbatas pada bahan arsip yang diperiksa.",
JXWB,WLB ASSET VIIB PTE. LTD.,3,2026-05-19,2026-06-17,tidak_ada_petunjuk,0,0,tidak_ada_petunjuk,"Penerbit menerbitkan Women’s Livelihood Bonds dan melaporkan penggunaan hasil untuk pinjaman kepada peminjam. Ini pembiayaan instrumen utang, bukan transaksi saham atau kendali penerbit.",https://links.sgx.com/1.0.0/corporate-announcements/SGCBT0ROM30ZQETJ/893467_WLB7b%20-%20SGX%20Announcement%20170626_vF.pdf
JYEU,LENDLEASE GLOBAL COMMERCIAL TRUST MANAGEMENT PTE. LTD.,167,2026-01-13,2026-09-03,transaksi_selesai,1,1,transaksi_selesai,"Lendlease REIT membeli sisa 30% kepentingan PLQ Mall dari LL PLQM 1 dan menyelesaikannya pada Maret, dengan penawaran preferensial sebagai pendanaan. Formulir DBS dan Temasek yang diperiksa mencatat perubahan kepentingan unit pada ambang pelaporan; transaksi ini tidak membuktikan perubahan kendali REIT atau manajernya. Konversi Milano Central menjadi kemitraan tanggung jawab terbatas adalah perubahan bentuk entitas pemilik aset, bukan penjualan manajer atau REIT.",https://links.sgx.com/1.0.0/corporate-announcements/M8B7L26JSWO0SL1B/875879_Acquisition%20of%2030%20percent%20of%20PLQ%20Mall%20-%20Announcement.pdf
K03,K03 · KHONG GUAN LIMITED,8,2026-01-27,2026-05-07,tidak_ada_petunjuk,0,0,tidak_ada_petunjuk,Pengumuman yang relevan adalah penunjukan direktur independen dan pengungkapan kepentingan direktur. Tidak ditemukan dalam bahan yang diperiksa perubahan pengendali atau transaksi bisnis.,
K29,KARIN TECHNOLOGY HLDGS LIMITED,99,2026-01-12,2026-09-15,pantau,2,2,pantau,Lampiran utama formulir kepemilikan dan rencana akuisisi dibuka. Rencana membeli dua perusahaan teknologi Hong Kong masih tidak mengikat dan belum selesai.,https://links.sgx.com/1.0.0/corporate-announcements/L2M8L7J60YH5NF7J/904288_Extension%20of%20Exclusivity%20Period.pdf
K6S,PRUDENTIAL PLC,775,2026-01-02,2026-09-18,pantau,2,1,bukan_calon_pengambilalihan_penerbit,"Prudential plc telah menyelesaikan penambahan kepemilikan pada bisnis asuransi Malaysia dan pelepasan saham pengelola aset India. Perjanjian membeli 75% Bharti Life Insurance di India masih bersyarat pada persetujuan regulator dan syarat lain hingga laporan setengah tahun 2026. Ini adalah pembelian bisnis oleh Prudential, bukan bukti pihak lain mengambil alih atau memasukkan bisnis baru ke K6S.",https://links.sgx.com/1.0.0/corporate-announcements/AMHM8K39HJKIB1RG/872812_EAnnouncement_ORA_PAMB%20acquisition_combined.pdf
K71U,KEPPEL REIT MANAGEMENT LIMITED,206,2026-01-01,2026-09-16,pantau,1,1,pantau,Keppel REIT melakukan transaksi portofolio: tambahan kepentingan MBFC Tower 3 dan pelepasan KR Ginza II di Tokyo yang selesai 17 Agustus 2026. Tidak ada dokumen yang dibuka menunjukkan perubahan pengendali Keppel REIT.,https://links.sgx.com/1.0.0/corporate-announcements/B0GXQIZOT7YL5IGH/874051_Announcement%20-%20Rule%20706A%20of%20the%20Listing%20Manual_2H2025.pdf
K75,KOH BROTHERS GROUP LIMITED,16,2026-04-14,2026-05-28,pantau,1,1,pantau,Lampiran penghentian kepemilikan substansial Koh Kheng How telah dibuka. Arsip tidak menunjukkan pihak pengganti memperoleh kendali atas penerbit.,
KBQB,BAYFRONT INFRASTRUCTURE CAPITAL VI PTE. LTD.,2,2026-04-13,2026-04-13,tidak_ada_petunjuk,0,0,tidak_ada_petunjuk,"Arsip hanya memuat pemberitahuan pembayaran kupon. Tidak ditemukan transaksi saham, pengambilalihan, atau perubahan bisnis penerbit.",
KDIB,SHUI ON DEVELOPMENT (HOLDING) LIMITED,18,2026-01-09,2026-02-06,tidak_ada_petunjuk,1,1,tidak_ada_petunjuk,"Penerbit melalui anak usaha mengakuisisi hak guna tanah di Minhang, Shanghai; ini adalah tambahan bank tanah dan bukan akuisisi saham/kendali penerbit. Dokumen transaksi terkait serta penerbitan surat utang tidak membuktikan perubahan pengendali penerbit SGX.",https://links.sgx.com/1.0.0/corporate-announcements/KNYLR5MOAFFUXP2N/872204_e_SOL_announcement_Land%20Acquisition_ZJL%20Project_260116.pdf
KDRB,"HD KOREA SHIPBUILDING & OFFSHORE ENGINEERING CO., LTD.",3,2026-05-04,2026-07-29,tidak_ada_petunjuk,0,0,tidak_ada_petunjuk,Arsip memuat pencatatan obligasi tukar nol-kupon dan penyesuaian harga tukar. Tidak ditemukan transaksi pengendalian atau pengalihan bisnis penerbit dalam bahan yang diperiksa.,
KEEB,DBS GROUP HOLDINGS LTD,3,2026-03-24,2026-09-18,tidak_ada_petunjuk,0,0,tidak_ada_petunjuk,"Ketiga judul adalah pembayaran kupon wajib. Tidak ada dokumen transaksi saham, bisnis, atau pengendalian pada bahan diperiksa.",
KFWB,MALAYAN BANKING BERHAD,1,2026-09-15,2026-09-15,tidak_ada_petunjuk,0,0,tidak_ada_petunjuk,"Satu pengumuman mengonfirmasi pencatatan notes US$400 juta, kupon 5,088%, jatuh tempo 2031. Tidak ada transaksi pengendali atau bisnis yang diungkapkan.",
KGOB,Penerbit instrumen KGOB,1,2026-08-27,2026-08-27,tidak_ada_petunjuk,0,0,tidak_ada_petunjuk,Satu judul adalah konfirmasi pencatatan obligasi US$750 juta jatuh tempo 2031. Tidak ditemukan petunjuk perubahan kendali dalam bahan yang diperiksa.,
KGZW,SG ISSUER,1,2026-05-07,2026-05-07,tidak_ada_petunjuk,0,0,tidak_ada_petunjuk,Satu dokumen SG Issuer tidak mengungkap perubahan pengendali atau transaksi bisnis penerbit SGX dalam bahan yang diperiksa.,
KIN,KIN GLOBAL LIMITED,99,2026-04-22,2026-09-07,belum_cukup,1,1,belum_cukup,Formulir kepemilikan pemegang saham besar pada April dan Agustus serta rilis pembelian pendiri telah dibuka. Dokumen mendukung peningkatan kepemilikan pendiri yang ada; belum cukup untuk membangun seluruh struktur pemilik manfaat atau menyatakan perubahan kendali lain.,
KIVB,PARKWAY LIFE MTN PTE. LTD.,1,2026-02-27,2026-02-27,tidak_ada_petunjuk,0,0,tidak_ada_petunjuk,Dokumen hanya mengonfirmasi pencatatan notes hijau S$70 juta jatuh tempo 2031. Tidak ada transaksi pengendalian atau bisnis yang diungkapkan.,
KJ5,KJ5 · BBR HOLDINGS (S) LTD,76,2026-01-30,2026-08-28,pantau,2,2,pantau,"BBR mengumumkan akuisisi saham dan beberapa pelepasan aset/proyek, termasuk satu perjanjian jual-beli yang kemudian gugur. Rangkaian ini menunjukkan pengelolaan investasi/aset, bukan bukti pihak baru mengambil kendali BBR.",
KJYB,"CHINA MERCHANTS BANK CO., LTD.",1,2026-03-04,2026-03-04,tidak_ada_petunjuk,0,0,tidak_ada_petunjuk,"Satu pengumuman mengonfirmasi pencatatan obligasi CNY3,5 miliar dengan kupon 2,65%. Tidak ditemukan transaksi bisnis atau perubahan pengendali.",
KLAB,SOFTBANK GROUP CORP.,1,2026-04-22,2026-04-22,tidak_ada_petunjuk,0,0,tidak_ada_petunjuk,Satu pengumuman adalah konfirmasi pencatatan surat utang EUR600 juta jatuh tempo 2032. Tidak ada petunjuk perubahan pengendali.,
KMKB,ASPIAL LIFESTYLE LIMITED,24,2026-01-21,2026-08-24,tidak_ada_petunjuk,0,0,tidak_ada_petunjuk,"Judul terpicu seluruhnya perubahan kepentingan saham direktur Koh Wee Seng atau Koh Lee Hwee. Tidak ditemukan pembelian atau penjualan pengendali, transaksi bisnis, atau perubahan arah usaha pada bahan yang diperiksa.",
KNZB,KNZB · SEATRIUM FINANCIAL SERVICES PTE. LTD.,1,2026-04-28,2026-04-28,tidak_ada_petunjuk,0,0,tidak_ada_petunjuk,Dokumen yang tersedia mengonfirmasi pencatatan surat utang Seatrium Financial Services. Tidak ada petunjuk perubahan kendali atau masuknya bisnis baru pada penerbit SGX dalam bahan yang diperiksa.,
KOGB,MIE HOLDINGS CORPORATION,4,2026-03-20,2026-08-12,tidak_ada_petunjuk,0,0,tidak_ada_petunjuk,"Empat judul adalah laporan hasil tahunan dan semester MIE Holdings. Tidak ada judul transaksi kepemilikan, pendanaan, atau perubahan bisnis yang memicu pembukaan lampiran.",
KOJB,SINO-OCEAN GROUP HOLDING LIMITED,1,2026-03-24,2026-03-24,belum_cukup,0,0,belum_cukup,"Satu catatan adalah konfirmasi pencatatan surat utang senior berjaminan. Judul tidak membuktikan perubahan pemilik, bisnis, atau kendali.",
KOWB,THE KOREA DEVELOPMENT BANK,1,2026-03-10,2026-03-10,tidak_ada_petunjuk,0,0,tidak_ada_petunjuk,"Satu dokumen mengonfirmasi pencatatan obligasi US$30 juta jatuh tempo Maret 2027. Tidak ada bukti transaksi pengendalian, saham, atau bisnis penerbit dalam bahan diperiksa.",
KPEB,ASIAN DEVELOPMENT BANK,1,2026-05-06,2026-05-06,tidak_ada_petunjuk,0,0,tidak_ada_petunjuk,Satu dokumen adalah konfirmasi pencatatan surat utang terkait risiko bencana Republik Kirgiz. Tidak ada transaksi pengendalian atau bisnis penerbit.,
KPNB,PHISON ELECTRONICS CORPORATION,1,2026-05-26,2026-05-26,tidak_ada_petunjuk,0,0,tidak_ada_petunjuk,"Dokumen yang dibuka adalah konfirmasi pencatatan obligasi konversi US$400 juta, dengan perdagangan dibatasi bagi pihak tertentu. Tidak ada bukti pengambilalihan atau perubahan kendali penerbit.",
KRTB,MELCO RESORTS FINANCE LIMITED,2,2026-08-25,2026-08-25,tidak_ada_petunjuk,0,0,tidak_ada_petunjuk,Arsip memuat pelunasan dini instrumen Melco Resorts Finance; tidak ditemukan petunjuk transaksi pengendalian atau bisnis.,
KSB,SSGA SPDR ETFS EUROPE I PLC,58,2026-01-02,2026-09-18,tidak_ada_petunjuk,0,0,tidak_ada_petunjuk,"Dokumen didominasi nilai aset bersih mingguan, prospektus, perubahan pengurus, dan informasi instrumen dana. Tidak ditemukan pengumuman transaksi akuisisi, pelepasan bisnis, atau perubahan pengendalian dalam bahan yang diperiksa.",
KUH,TSH CORPORATION LIMITED,30,2026-02-27,2026-09-01,transaksi_selesai,1,1,transaksi_selesai,"Anak usaha milik penuh TSH menandatangani pembelian aset The Auld Alliance dan pengumuman kemudian menyatakan penyelesaian. Ini pembelian aset oleh penerbit, bukan bukti perubahan pengendali TSH.",https://links.sgx.com/1.0.0/corporate-announcements/WJBBIQAVL2B5IPVM/901873_TSH%20-%20Proposed%20acquisition%20of%20certain%20assets.pdf
KUJB,NINE DRAGONS PAPER (HOLDINGS) LIMITED,9,2026-06-14,2026-08-05,tidak_ada_petunjuk,0,0,tidak_ada_petunjuk,"Nine Dragons menyelesaikan tender tunai atas surat modal perpetual 14%, menerima US$399,5 juta atau 99,9% pokok beredar; sisa US$500.000 kemudian dijadwalkan ditebus 7 Agustus dan efek didelisting 11 Agustus 2026. Ini pembelian kembali/pelunasan utang penerbit, tanpa bukti perubahan kendali atau bisnis pada bahan yang diperiksa.",
KUO,INTERNATIONAL CEMENT GROUP LTD.,29,2026-02-13,2026-08-14,tidak_ada_petunjuk,1,1,tidak_ada_petunjuk,"Lampiran peningkatan kepemilikan anak usaha Kazakhstan, laporan tahunan, dan hasil FY2025 telah diperiksa. Transaksi material adalah peningkatan kepemilikan efektif pada anak usaha dan pelepasan segmen aluminium; tidak ditemukan perubahan kendali International Cement Group pada bahan yang diperiksa.",https://links.sgx.com/1.0.0/corporate-announcements/GR09WT6BE696J3CB/878318_Announcement%20-%20Sharcem%2013%20March%202025%20.pdf
KUX,OIO HOLDINGS LIMITED,40,2026-02-09,2026-09-04,pantau,2,2,pantau,"Pada 4 Februari 2026 xWIN Asset Management Japan dan pemilik tidak langsungnya berhenti memiliki 30.088.083 saham OIO (13,74%). Arsip tidak mengidentifikasi pembeli atau membuktikan perpindahan kendali.",https://links.sgx.com/1.0.0/corporate-announcements/KO5EPT5YGD27KWP5/874585__eFORM3V2_xWin%20FINAL.pdf
KV4,XTRACKERS II,10,2026-03-20,2026-08-25,tidak_ada_petunjuk,0,0,tidak_ada_petunjuk,Pengumuman Xtrackers II berupa rapat pemegang saham dan laporan dana. Tidak ditemukan transaksi perubahan kendali atau arah usaha pada bahan diperiksa.,
KVEB,Tidak teridentifikasi sebagai emiten saham dari bahan ini,2,2026-04-09,2026-04-09,tidak_ada_petunjuk,0,0,tidak_ada_petunjuk,Dokumen mencatat pembayaran kupon instrumen utang. Tidak ada bukti transaksi saham atau pengendalian.,
KVJB,"MIZUHO FINANCIAL GROUP, INC.",2,2026-06-01,2026-06-01,tidak_ada_petunjuk,0,0,tidak_ada_petunjuk,Dua dokumen Mizuho Financial Group tidak mengungkap perpindahan kendali atau masuknya bisnis baru pada penerbit yang tercatat di SGX dalam bahan yang diperiksa.,
KXHB,REPUBLIC OF INDONESIA,1,2026-03-04,2026-03-04,tidak_ada_petunjuk,0,0,tidak_ada_petunjuk,"Dokumen hanya mengonfirmasi pencatatan obligasi Republik Indonesia EUR700 juta 4,97% jatuh tempo 2046. Ini adalah pencatatan surat utang, bukan bukti transaksi pengendalian atau pengalihan usaha.",https://links.sgx.com/1.0.0/corporate-announcements/NTZDUEL8XWSYWQEF/afa921f21e98f72019407a990f91f286750dc5cbef91a0cb9ce77a4ee07e9582
KXIB,DBS BANK LTD.,1,2026-06-29,2026-06-29,tidak_ada_petunjuk,0,0,tidak_ada_petunjuk,Dokumen adalah konfirmasi pencatatan notes GBP DBS. Tidak ditemukan transaksi kendali atau bisnis penerbit pada bahan yang diperiksa.,
KXNW,KXNW · MACQUARIE BANK LIMITED,1,2026-06-30,2026-06-30,tidak_ada_petunjuk,0,0,tidak_ada_petunjuk,Satu dokumen adalah pelaksanaan waran Macquarie Bank. Tidak ditemukan dalam bahan yang diperiksa transaksi pengendalian atau bisnis.,
KYB,FOOD INNOVATORS HOLDINGS LIMITED,21,2026-04-29,2026-09-16,pantau,1,1,pantau,"Anak usaha Food Innovators setuju membeli seluruh Daruma Syokudo dari Harumi Igarashi seharga 70 juta yen; target menjalankan restoran Kanbe di Malaysia. Belum ada dokumen penyelesaian, dan transaksi aset ini bukan bukti perubahan pengendali Food Innovators.",https://links.sgx.com/1.0.0/corporate-announcements/XEDGCPD5T50ETEGF/904401_Announcement_Proposed%20Acquisition%20of%20Daruma%20Syokudo%20Sdn.%20Bhd..pdf
L02,METIS ENERGY LIMITED,25,2026-01-20,2026-08-14,pantau,2,2,pantau,Perpanjangan dan fasilitas pinjaman OCPL adalah pembiayaan pihak terkait untuk kebutuhan proyek; dokumen yang dibuka tidak menunjukkan penerbitan saham atau perpindahan pengendali.,
L19,LUM CHANG HOLDINGS LIMITED,38,2026-01-07,2026-08-25,transaksi_selesai,1,1,transaksi_selesai,"Pelepasan aset Februari, restrukturisasi internal LCB, serta pembaruan penempatan dan transfer papan anak usaha dibuka. Tidak ada dokumen yang menyatakan Lum Chang Holdings kehilangan kendali atas anak usaha.",https://links.sgx.com/1.0.0/corporate-announcements/9SRWYH2SLJ2XAK6C/888788_LCH_Transfer%20of%20Shares%20in%20a%20Subsidiary.pdf
L23,ENVIRO-HUB HOLDINGS LTD.,31,2026-01-26,2026-08-14,tidak_ada_petunjuk,1,1,tidak_ada_petunjuk,"Rangkaian yang relevan adalah pengumuman Rule 706A mengenai striking-off anak usaha QF4, disertai laporan keuangan dan laporan tahunan. Ini merupakan perubahan pada anak usaha, tanpa bukti perubahan pengendali atau penggantian bisnis utama penerbit.",
L38,AF GLOBAL LIMITED,62,2026-01-15,2026-04-21,belum_cukup,0,1,skema_pengambilalihan_dan_delisting_selesai,"AFG Investment mengambil seluruh saham AF Global selain saham yang dikecualikan melalui skema. Skema efektif 15 April 2026, imbalan S$0,11 per saham dijadwalkan dibayar 23 April, dan saham AF Global dihapus dari SGX efektif 24 April.",
LBSB,BAYFRONT INFRASTRUCTURE CAPITAL IV PTE. LTD.,8,2026-04-13,2026-09-09,tidak_ada_petunjuk,0,0,tidak_ada_petunjuk,Pengumuman yang ditinjau terdiri dari pembayaran kupon dan penebusan dini instrumen utang. Tidak ditemukan perubahan pemegang saham atau pengendalian penerbit dalam bahan yang diperiksa.,
LCC,LUM CHANG CREATIONS LIMITED,107,2026-01-15,2026-09-17,pantau,2,2,pantau,"Lum Chang menjalankan penempatan saham, bonus issue, dan perpindahan papan Catalist ke Mainboard. Bahan juga memuat perubahan kepentingan pemegang saham besar, tetapi belum membuktikan pembeli baru memperoleh kendali atau ada bisnis swasta masuk.",
LDPB,CENTRAL NIPPON EXPRESSWAY COMPANY LIMITED,1,2026-02-25,2026-02-25,tidak_ada_petunjuk,0,0,tidak_ada_petunjuk,"Dokumen adalah konfirmasi pencatatan obligasi US$500 juta pada pasar obligasi SGX. Tidak memuat transaksi saham, pengambilalihan, atau perubahan kendali dalam bahan yang diperiksa.",
LDXB,UNITED OVERSEAS BANK LIMITED,1,2026-04-15,2026-04-15,tidak_ada_petunjuk,0,0,tidak_ada_petunjuk,"Satu dokumen mengonfirmasi pencatatan obligasi tertutup UOB senilai US$500 juta, bunga 4,131%, jatuh tempo 2031. Tidak ada informasi perubahan pengendali atau transaksi bisnis penerbit.",
LEUB,KOOKMIN BANK,1,2026-03-27,2026-03-27,tidak_ada_petunjuk,0,0,tidak_ada_petunjuk,Dokumen mengonfirmasi pencatatan notes US$50 juta hingga Maret 2027. Tidak ditemukan perubahan pengendali atau pengalihan bisnis Kookmin Bank.,
LEVB,PT PERTAMINA (PERSERO),19,2026-04-14,2026-05-18,tidak_ada_petunjuk,0,0,tidak_ada_petunjuk,Judul dalam arsip berkaitan dengan instrumen utang dan pembayaran/pelunasan terkait. Tidak ditemukan pengumuman transaksi ekuitas atau pengambilalihan emiten dalam bahan yang diperiksa.,
LEZB,LEZB · RHB BANK BERHAD,2,2026-06-29,2026-06-29,tidak_ada_petunjuk,0,0,tidak_ada_petunjuk,"Dokumen yang tersedia mencatat pelunasan akhir surat utang RHB Bank Berhad. Tidak ditemukan dalam bahan yang diperiksa transaksi saham, bisnis, atau perubahan pengendali.",
LGH,LEONG GUAN HOLDINGS LIMITED,47,2026-01-06,2026-08-14,tidak_ada_petunjuk,0,0,tidak_ada_petunjuk,"Plenteous Investment Pte. Ltd. membeli 49.700 saham di pasar dan menaikkan kepemilikan dari 5,96% menjadi 6,01%. Pengungkapan pengurus dan hasil semester yang dipicu tidak menunjukkan transaksi pengendali atau perubahan bisnis Leong Guan pada bahan diperiksa.",https://links.sgx.com/1.0.0/corporate-announcements/1VC8TE63E9Z0AAB7/871370__20260106%20-%20LGH_Form%203_Plenteous.pdf
LICB,BAYFRONT INFRASTRUCTURE CAPITAL VI PTE. LTD.,2,2026-04-13,2026-04-13,tidak_ada_petunjuk,0,0,tidak_ada_petunjuk,"Bahan hanya berupa laporan tanggal pembayaran kupon. Tidak ada transaksi kepemilikan, pembelian bisnis, pembiayaan ekuitas, atau perubahan kendali yang terungkap.",
LIGB,"INVERSIONES ATLANTIDA, S.A.",2,2026-02-26,2026-02-26,tidak_ada_petunjuk,0,0,tidak_ada_petunjuk,Seluruh judul diperiksa. Arsip hanya memuat pelunasan dini instrumen; tidak ditemukan transaksi kendali penerbit.,
LIW,DBS TRUSTEE LIMITED AS TRUSTEE OF EAGLE HOSPITALITY REIT,9,2026-05-08,2026-08-27,transaksi_selesai,1,1,transaksi_selesai,"Dokumen penghentian, repatriasi, penghapusan pencatatan, dan pengumuman delisting wajib telah diperiksa. Rangkaian ini adalah terminasi EH-REIT, bukan bukti pembelian kendali penerbit oleh perantara.",
LJ3,OUE LIMITED,68,2026-01-14,2026-09-04,pantau,2,2,pantau,"OUE dan entitas grup/REIT melakukan akuisisi serta pelepasan aset, termasuk skema akuisisi seluruh saham OUE Healthcare dan rencana divestasi First REIT. Dokumen-dokumen itu menunjuk transaksi portofolio dan pengambilalihan anak usaha, bukan pengambilalihan atau pergantian pengendali OUE Limited.",
LJTB,ANHUI TRANSPORTATION HOLDING GROUP (H.K.) LIMITED,1,2026-07-23,2026-07-23,tidak_ada_petunjuk,0,0,tidak_ada_petunjuk,"Satu pengumuman adalah pencatatan obligasi berkelanjutan US$400 juta. Tidak ditemukan transaksi saham, aset, atau pengendalian penerbit dalam bahan yang diperiksa.",
LKIB,NIPPON LIFE INSURANCE COMPANY,1,2026-09-01,2026-09-01,tidak_ada_petunjuk,0,0,tidak_ada_petunjuk,Hanya konfirmasi pencatatan obligasi subordinasi EUR550 juta. Tidak ditemukan transaksi pengendalian atau perubahan bisnis pada bahan yang diperiksa.,
LMRB,THE BANK OF NOVA SCOTIA,2,2026-06-02,2026-06-02,tidak_ada_petunjuk,0,0,tidak_ada_petunjuk,"Bank of Nova Scotia memberi pemberitahuan tidak dapat ditarik kembali untuk menebus penuh notes US$50 juta pada 18 Juni 2026. Ini pelunasan surat utang, tanpa transaksi pengendalian atau bisnis pada bahan diperiksa.",
LMS,LMS COMPLIANCE LTD.,75,2026-02-26,2026-09-15,pantau,2,2,pantau,"LMS mencatat pembayaran lanjutan akuisisi dan pada Agustus membeli 75% Anchor Technology Holdings serta membuat perjanjian pinjaman. Ini adalah akuisisi oleh penerbit, bukan bukti pihak lain mengambil alih LMS.",
LNRW,MACQUARIE BANK LIMITED,1,2026-06-29,2026-06-29,tidak_ada_petunjuk,0,0,tidak_ada_petunjuk,Seluruh judul diperiksa. Arsip hanya memuat pelaksanaan waran; tidak ditemukan transaksi kendali penerbit.,
LPOB,"UNITED OVERSEAS BANK LIMITED, SYDNEY BRANCH",1,2026-01-29,2026-01-29,tidak_ada_petunjuk,0,0,tidak_ada_petunjuk,"Satu catatan hanya konfirmasi pencatatan surat utang senior A$1,25 miliar jatuh tempo 2031. Tidak ditemukan pada bahan yang diperiksa perubahan kendali atau usaha penerbit.",
LRMB,CAS CAPITAL NO.2 LIMITED,4,2026-01-13,2026-06-09,tidak_ada_petunjuk,0,0,tidak_ada_petunjuk,"Dokumen yang diperiksa adalah pencatatan sekuritas perpetual dan laporan tahunan. Tidak ditemukan transaksi saham, aset, atau perubahan kendali CAS Capital No.2 dalam bahan yang diperiksa.",
LS9,LEADER ENVIRONMENTAL TECHNOLOGIES LIMITED,59,2026-01-08,2026-09-11,belum_cukup,2,2,belum_cukup,"Ada perpindahan/berhentinya pemegang saham substansial setelah wafatnya Dr Lin Yucheng dan Lin Hong menjadi pemegang saham substansial. Namun beberapa formulir sisi penjual/pembeli gagal diekstrak dalam arsip, sehingga bahan yang diperiksa belum cukup untuk menetapkan perubahan pengendali.",https://links.sgx.com/1.0.0/corporate-announcements/ZZCJYAODCCOJ3G19/871592_Announcement%20Information%20in%20relation%20to%20a%20substantial%20shareholder_Leader.pdf
LSIB,THE BANK OF NOVA SCOTIA,1,2026-06-29,2026-06-29,tidak_ada_petunjuk,0,0,tidak_ada_petunjuk,Satu pengumuman mengonfirmasi pencatatan surat utang callable US$20 juta. Tidak ditemukan petunjuk perubahan pengendali penerbit dalam bahan yang diperiksa.,
LUHB,MALAYAN BANKING BERHAD,3,2026-03-19,2026-09-18,tidak_ada_petunjuk,0,0,tidak_ada_petunjuk,Tiga pengumuman hanya mengenai pembayaran kupon. Tidak ditemukan pada bahan yang diperiksa transaksi pengendalian atau perubahan bisnis.,
LUWB,EVERGREEN MARINE (ASIA) PTE. LTD.,1,2026-04-23,2026-04-23,tidak_ada_petunjuk,0,0,tidak_ada_petunjuk,Satu pengumuman adalah pencatatan obligasi terjamin USD300 juta Evergreen Marine (Asia). Tidak ada transaksi kepemilikan atau kendali penerbit pada bahan diperiksa.,
LVR,17LIVE GROUP LIMITED,58,2026-01-05,2026-09-10,tidak_ada_petunjuk,0,0,tidak_ada_petunjuk,"Pengumuman terkait pembelian kembali harian, program opsi karyawan, saham treasury, dan kepentingan direktur. Tidak ditemukan transaksi bisnis atau perubahan pengendali 17LIVE pada bahan yang diperiksa.",
LVZB,TEMASEK FINANCIAL (I) LIMITED,1,2026-08-17,2026-08-17,tidak_ada_petunjuk,0,0,tidak_ada_petunjuk,Satu judul dalam arsip berkaitan dengan efek utang. Tidak ditemukan petunjuk perubahan kendali atau masuknya bisnis pada bahan yang diperiksa.,
LWCB,LAND TRANSPORT AUTHORITY,2,2026-04-06,2026-04-06,tidak_ada_petunjuk,0,0,tidak_ada_petunjuk,"Semua judul ditinjau. Kedua dokumen menyangkut pembayaran kupon obligasi; tidak ada petunjuk transaksi aset, bisnis, saham, atau pengendalian.",
LWRB,DBS TRUSTEE LIMITED (IN ITS CAPACITY AS TRUSTEE OF MAPLETREE INDUSTRIAL TRUST),1,2026-03-04,2026-03-04,tidak_ada_petunjuk,0,0,tidak_ada_petunjuk,"Dokumen hanya mengonfirmasi pencatatan surat berharga perpetual S$300 juta. Tidak ditemukan transaksi saham, bisnis, atau pengendalian penerbit dalam bahan yang diperiksa.",
LYMB,THE BANK OF NOVA SCOTIA,1,2026-03-12,2026-03-12,tidak_ada_petunjuk,0,0,tidak_ada_petunjuk,Satu pengumuman adalah pencatatan surat utang US$10 juta yang dapat ditarik atau dijual kembali. Tidak ditemukan perubahan pengendali ataupun transaksi saham penerbit pada bahan yang diperiksa.,
LYY,LYY · SINOCLOUD GROUP LIMITED,4,2026-02-16,2026-04-06,pantau,1,1,pantau,Sinocloud melaporkan perkembangan litigasi dan berhentinya dua pengurus. Tidak ada dokumen transaksi pemegang saham atau bisnis yang cukup untuk menyimpulkan perubahan kendali.,
LZLB,NTT FINANCE CORPORATION,1,2026-03-04,2026-03-04,tidak_ada_petunjuk,0,0,tidak_ada_petunjuk,Dokumen tunggal adalah konfirmasi pencatatan surat utang EUR550 juta. Tidak ditemukan transaksi pengendalian atau perubahan bisnis penerbit dalam bahan yang diperiksa.,
M01,Metro Holdings Ltd,51,2026-01-19,2026-08-21,pantau,1,1,pantau,"Metro menjual kepemilikan 26% dalam Boustead Industrial Fund, meningkatkan kepemilikan usaha patungan, membentuk usaha patungan baru, dan memperoleh tender lahan Dunearn Road bersama Winrich milik Wing Tai. Rangkaian ini adalah transaksi portofolio/proyek penerbit, bukan bukti perubahan pengendali Metro.",
M03,M03 · MIYOSHI LIMITED,40,2026-01-30,2026-09-16,transaksi_selesai,1,1,transaksi_selesai,"Miyoshi menyelesaikan pelepasan Core Power (Fujian) New Energy Automobile; proposal pelepasan properti Tradehub 21 masih bersyarat dan kemudian dikoreksi. Ini pelepasan aset oleh emiten, bukan pengambilalihan emiten.",https://links.sgx.com/1.0.0/corporate-announcements/E2P6PKCY6JAM4W2F/898139_20260731%20ML%20Completion%20of%20Disposal%20of%20Core%20Power.pdf
M04,MANDARIN ORIENTAL INTL LTD,8,2026-01-07,2026-01-19,transaksi_selesai,5,1,privatisasi_selesai_bukan_calon_wadah_baru,Jardine Strategic menyelesaikan pembelian tunai seluruh saham Mandarin Oriental melalui skema yang efektif 19 Januari 2026. Ini privatisasi oleh kelompok Jardine dan mengakhiri fungsi saham tercatat sebagai wadah publik; bukan calon pengambilalihan balik atau injeksi bisnis berikutnya.,https://links.sgx.com/1.0.0/corporate-announcements/CYOYHL6BH7AJ4FUX/872189_Project%20Gabriel_Announcement%20of%20Court%20Sanction_vFINAL%20SGX.pdf
M05,MTQ CORPORATION LIMITED,45,2026-03-03,2026-08-28,transaksi_selesai,1,1,transaksi_selesai,MTQ mengumumkan dan kemudian menyelesaikan pelepasan Premier Estate Private Limited. Risalah rapat membahas penggunaan hasil yang tersisa; tidak ada bukti pembeli memperoleh kendali atas MTQ atau bisnis luar masuk ke MTQ.,
M11,MANUFACTURING INTEGRATION TECHNOLOGY LTD.,31,2026-01-20,2026-08-06,tidak_ada_petunjuk,0,0,tidak_ada_petunjuk,"Penerbitan saham opsi karyawan, perubahan kepentingan pengurus, hasil, laporan tahunan, dan dividen telah ditinjau. Tidak ditemukan perubahan pengendali penerbit dalam bahan yang diperiksa.",
M12,MARUWA CO. LTD,6,2026-02-03,2026-07-29,tidak_ada_petunjuk,0,0,tidak_ada_petunjuk,"Dokumen berkaitan dengan hasil keuangan dan pengungkapan rutin penerbit. Tidak ditemukan transaksi saham, pembiayaan, bisnis, atau kendali yang relevan pada bahan yang diperiksa.",
M14,INNOTEK LIMITED,56,2026-02-26,2026-09-18,pantau,2,2,pantau,"InnoTek menyelesaikan penempatan privat 24.600.372 saham dan penjualan saham vendor diumumkan terpisah. Formulir Lou Yiliang menunjukkan jumlah sahamnya tidak berubah, sementara persentase turun dari 13,28% menjadi 12,02% akibat penerbitan saham baru; tidak ada bukti perubahan kendali.",https://links.sgx.com/1.0.0/corporate-announcements/I0A4Z8EEHK13UKLI/880074_InnoTek%20Annct%20-%20Change%20of%20Registered%20Office%20Address.pdf
M15,NANYANG NEW DEVELOPMENT LIMITED (sebelumnya Matex International Limited),53,2026-01-13,2026-09-10,pantau,2,2,perubahan_usaha_dan_akuisisi_kecil_tanpa_perubahan_kendali,"Pemegang saham menyetujui perluasan usaha dan perubahan nama menjadi Nanyang New Development. Perseroan kemudian mengusulkan catatan konversi S$4,158 juta dan mengambil 55% Gold Bar, pedagang emas Singapura, melalui komitmen pendanaan kecil.",https://links.sgx.com/1.0.0/corporate-announcements/RTO9TX6RBPTSX7VU/872974_MIL%20-%20Proposed%20Issuance%20of%20Convertible%20Notes.pdf
M1GU,ALPHA INTEGRATED REIT MANAGEMENT PTE. LTD.,99,2026-01-12,2026-07-30,belum_cukup,0,4,perubahan_pengendali_reit_selesai_tetap_tercatat,"Volare Group, melalui Mindarie, menambah kepemilikannya di Alpha Integrated REIT dari 19,80% menjadi 41,27% dengan membeli 21,47% unit dari kelompok ESR. Penawaran tunai wajib S$0,48 per unit menjadi tanpa syarat pada 9 Februari dan ditutup 24 Februari 2026 dengan Volare dan pihak terkait memegang 53,47%.",
M44U,MAPLETREE LOGISTICS TRUST MANAGEMENT LTD.,126,2026-01-09,2026-09-08,tidak_ada_petunjuk,1,1,tidak_ada_petunjuk,"Dokumen yang dibuka menunjukkan penerbitan unit bagi pihak pengelola, perubahan persentase pemegang unit besar, akuisisi/pelepasan aset logistik, dan laporan pasar. Tidak ada dokumen yang dibuka menunjukkan pengendali MLT atau manajernya berpindah; transaksi aset dipisahkan dari transaksi pengendalian.",
MBH,AMOVA ASSET MANAGEMENT ASIA LIMITED,46,2026-01-02,2026-09-18,tidak_ada_petunjuk,0,0,tidak_ada_petunjuk,"Arsip terutama berisi nilai aset bersih dana dan tindakan rutin dana. Dokumen material yang dibuka menunjuk Jane Street Financial sebagai pembuat pasar ETF, bukan perubahan pengendali atau bisnis manajer/penerbit.",
MBNB,NEW METRO GLOBAL LIMITED,6,2026-02-26,2026-03-10,transaksi_selesai,1,1,transaksi_selesai,"Penerbit melunasi pembelian kembali sebagian obligasi senior 11,88% jatuh tempo 2027. Transaksi selesai tetapi hanya menyangkut utang, bukan pengambilalihan atau perubahan kendali penerbit.",https://links.sgx.com/1.0.0/corporate-announcements/0Q9WW9EASJTE57KY/878023_Camel%20III%20-%20Settlement%20Announcement%202027.pdf
MCKB,"STATE BANK OF INDIA, ACTING THROUGH ITS LONDON BRANCH",1,2026-08-18,2026-08-18,tidak_ada_petunjuk,0,0,tidak_ada_petunjuk,Catatan tunggal adalah pencatatan notes senior tanpa jaminan. Tidak ada petunjuk transaksi kendali atau bisnis penerbit.,
MDGB,KCC CORPORATION,4,2026-03-31,2026-07-29,tidak_ada_petunjuk,0,0,tidak_ada_petunjuk,Arsip berisi pengungkapan penyesuaian harga konversi dan dokumen rutin. Tidak ditemukan perubahan pengendali penerbit pada bahan yang diperiksa.,
ME8U,MAPLETREE INDUSTRIAL TRUST MANAGEMENT LTD.,119,2026-01-16,2026-09-18,tidak_ada_petunjuk,0,0,tidak_ada_petunjuk,Mapletree Industrial Trust menjual pusat data Philadelphia kepada pembeli pihak ketiga dan kemudian menyelesaikannya. Seluruh lampiran pengungkapan pemegang unit yang ditandai telah dibuka; perubahan kepentingan Mapletree Dextra dan Mapletree Investments tidak menunjukkan pembelian pengendali manajer atau perwalian pada bahan diperiksa.,https://links.sgx.com/1.0.0/corporate-announcements/7WZIGCBZH2IRO9R5/890051_20250525_MIT%20Divests%20Philadelphia%20Data%20Centre.pdf
MEAW,MEAW · UBS AG,2,2026-01-30,2026-01-30,tidak_ada_petunjuk,0,0,tidak_ada_petunjuk,Dokumen adalah pemberitahuan berakhirnya sertifikat UBS. Tidak ditemukan dalam bahan yang diperiksa transaksi pengendalian penerbit.,
MEGB,HOUSING AND DEVELOPMENT BOARD,1,2026-08-26,2026-08-26,tidak_ada_petunjuk,0,0,tidak_ada_petunjuk,Satu pengumuman mencatatkan obligasi HDB S$700 juta di pasar obligasi. Tidak ditemukan transaksi pengendalian atau bisnis pada bahan yang diperiksa.,
MENU,ELITE UK REIT MANAGEMENT PTE. LTD.,4,2026-05-20,2026-06-08,belum_cukup,0,0,belum_cukup,Risalah AGM dan masuk skema CPF; tidak ditemukan transaksi pengendalian atau akuisisi pada bahan diperiksa.,
MEOB,HOUSING AND DEVELOPMENT BOARD,4,2026-02-04,2026-08-04,tidak_ada_petunjuk,0,0,tidak_ada_petunjuk,Arsip hanya memuat pembayaran kupon obligasi. Tidak ditemukan transaksi pengendalian atau perubahan bisnis penerbit.,
MF6,MUN SIONG ENGINEERING LIMITED,29,2026-02-27,2026-08-13,tidak_ada_petunjuk,0,0,tidak_ada_petunjuk,"Laporan hasil dan tahunan, pengumuman penggantian direktur keuangan, serta dokumen tanpa kode tentang tambahan modal kantor Taiwan telah diperiksa. Tidak ditemukan pembelian atau penjualan saham pengendali, penerbitan saham strategis, atau perubahan arah usaha yang membuktikan perubahan pengendali.",
MFLB,EMBRAER NETHERLANDS FINANCE B.V.,1,2026-05-28,2026-05-28,tidak_ada_petunjuk,0,0,tidak_ada_petunjuk,"Satu dokumen mencatat pelunasan lebih awal surat utang Embraer US$750 juta pada 2 Juni 2026, dengan tingkat pembayaran 108,41%. Tidak ada perubahan pengendali atau transaksi bisnis yang diungkapkan.",
MHWB,DBS BANK LTD.,2,2026-03-24,2026-06-25,tidak_ada_petunjuk,0,0,tidak_ada_petunjuk,Arsip berisi konfirmasi pencatatan obligasi dan pembayaran kupon DBS Bank Ltd. Tidak ditemukan transaksi yang menunjukkan perubahan kendali penerbit.,
MIJ,ALLIANCE HEALTHCARE GROUP LIMITED,37,2026-01-05,2026-09-11,pantau,1,1,pantau,Laporan hasil tengah tahun dan tahunan yang ditandai arsip telah diperiksa. Tidak ada transaksi kendali penerbit yang terkonfirmasi dalam pengumuman tersebut; penandaan otomatis pengambilalihan pada laporan keuangan bukan bukti perubahan pengendali.,
MIVB,MIVB · MALAYAN BANKING BERHAD,3,2026-03-06,2026-09-09,tidak_ada_petunjuk,0,0,tidak_ada_petunjuk,Bahan yang diperiksa hanya memuat pembayaran kupon; tidak ditemukan transaksi pengendalian penerbit.,
MJLB,KOREA HOUSING FINANCE CORPORATION,1,2026-09-01,2026-09-01,tidak_ada_petunjuk,0,0,tidak_ada_petunjuk,Satu dokumen adalah konfirmasi pencatatan social covered bonds EUR800 juta yang jatuh tempo 2029. Tidak ada transaksi pengendalian atau bisnis yang diungkapkan.,
MJOW,MACQUARIE BANK LIMITED,1,2026-03-03,2026-03-03,tidak_ada_petunjuk,0,0,tidak_ada_petunjuk,Judul tunggal ditinjau: pelaksanaan waran. Tidak ada petunjuk transaksi perusahaan atau perubahan pengendali Macquarie Bank.,
MLJB,REPUBLIC OF INDONESIA,1,2026-01-21,2026-01-21,tidak_ada_petunjuk,0,0,tidak_ada_petunjuk,"Pengumuman hanya mencatat pencatatan obligasi Republik Indonesia US$1,1 miliar. Ini pembiayaan negara, bukan bukti perubahan pengendalian penerbit.",https://links.sgx.com/1.0.0/corporate-announcements/ROPYC5XEL5PHP9QF/9f7c5a55fc764b1b8ba798f74d411abd87657d0def29470a158c5fd1edb3934e
MLXB,LIBERTY FUNDING PTY LTD,8,2026-01-22,2026-08-21,tidak_ada_petunjuk,0,0,tidak_ada_petunjuk,"Delapan dokumen adalah pembayaran kupon wajib. Tidak ditemukan transaksi saham, akuisisi bisnis, atau perubahan kendali pada bahan arsip.",
MMHB,FORTUNE STAR (BVI) LIMITED,6,2026-03-31,2026-04-24,pantau,1,1,pantau,"Fortune Star (BVI), penjaminannya terkait Fosun International, menawarkan pembelian tunai atas seluruh 5,0% senior notes jatuh tempo 2026. Ini manajemen kewajiban, bukan transaksi perubahan pengendali; hasil tender tidak tersedia dalam arsip.",https://links.sgx.com/1.0.0/corporate-announcements/IZ4HABPJOXTHBWH1/881144_Project%20Atlas%20-%20Launch%20announcement.pdf
MMMB,Ascott REIT MTN Pte. Ltd.,2,2026-05-18,2026-05-18,tidak_ada_petunjuk,0,0,tidak_ada_petunjuk,"Satu pengumuman dan lampirannya hanya mencatat pelunasan penuh obligasi S$165 juta saat jatuh tempo serta pembatalan dan penghapusan pencatatannya. Tidak ditemukan transaksi saham, perubahan pengendali, pembiayaan melalui pihak perantara, atau perubahan usaha pada bahan yang diperiksa.",https://links.sgx.com/1.0.0/corporate-announcements/SYZ39E5LLRG6CDQC/889269_20260518_CLAS_S%24165mil_MTN_Redemption%20Announcement.pdf
MMS,PHILLIP CAPITAL MANAGEMENT (S) LTD,8,2026-01-22,2026-08-04,tidak_ada_petunjuk,0,0,tidak_ada_petunjuk,Arsip hanya memuat pengumuman distribusi kas ETF pasar uang SGD Phillip. Tidak ada transaksi bisnis atau pengendalian penerbit/manajer dana.,
MNYB,REPUBLIC OF INDONESIA,1,2026-03-04,2026-03-04,tidak_ada_petunjuk,0,0,tidak_ada_petunjuk,Pengumuman mencatat pencatatan obligasi Republik Indonesia EUR800 juta jatuh tempo 2038. Ini instrumen utang dan tidak memuat transaksi pengendalian atau perubahan bisnis penerbit dalam bahan yang diperiksa.,
MOYB,HOUSING AND DEVELOPMENT BOARD,2,2026-05-13,2026-05-13,tidak_ada_petunjuk,0,0,tidak_ada_petunjuk,"Bahan hanya memuat pembayaran kupon seri surat utang. Tidak ditemukan petunjuk transaksi pengendalian, saham, atau bisnis.",
MQWB,GITI TIRE PTE. LTD.,8,2026-04-15,2026-05-15,tidak_ada_petunjuk,0,0,tidak_ada_petunjuk,"Dokumen yang tersedia adalah laporan hasil dan laporan tahunan, termasuk satu pengumuman hasil yang ditarik. Tidak ditemukan transaksi saham, utang yang mengubah kendali, atau perubahan bisnis pengendali pada bahan diperiksa.",
MR7,NORDIC GROUP LIMITED,48,2026-01-20,2026-09-02,tidak_ada_petunjuk,0,0,tidak_ada_petunjuk,"Laporan tahunan, rapat umum, pembaruan usaha, dan laporan keberlanjutan diperiksa. Tidak ditemukan akuisisi penerbit, perubahan pengendali, atau injeksi bisnis melalui pihak perantara.",
MRBB,PETRON CORPORATION,100,2026-04-27,2026-09-15,belum_cukup,0,0,belum_cukup,"Dokumen yang dibuka menyatakan penyelesaian penebusan saham preferen Seri 3B. Arsip juga memuat laporan pemegang saham dan pengurus, tetapi bahan yang dibuka tidak memberikan bukti perubahan pemegang pengendali Petron.",
MSFW,MSFW · MACQUARIE BANK LIMITED,1,2026-03-13,2026-03-13,tidak_ada_petunjuk,0,0,tidak_ada_petunjuk,"Satu dokumen tersedia tanpa rangkaian transaksi saham, bisnis, atau pengendalian. Kesimpulan terbatas pada bahan arsip yang diperiksa.",
MUAB,HOUSING AND DEVELOPMENT BOARD,3,2026-03-10,2026-08-20,tidak_ada_petunjuk,0,0,tidak_ada_petunjuk,Dokumen-dokumen hanya merupakan konfirmasi pencatatan surat utang S$925 juta jatuh tempo 2033. Tidak ditemukan petunjuk transaksi bisnis atau perubahan pengendali.,
MUNB,HOUSING AND DEVELOPMENT BOARD,2,2026-06-22,2026-06-22,tidak_ada_petunjuk,0,0,tidak_ada_petunjuk,Pengumuman dan lampirannya mengenai pembayaran kupon seri obligasi. Tidak ditemukan pada bahan yang diperiksa transaksi pengendalian atau bisnis.,
MUXB,VEDANTA RESOURCES FINANCE II PLC,2,2026-06-10,2026-06-10,belum_cukup,1,1,belum_cukup,"Vedanta memberi pemberitahuan pelunasan dini bersyarat hingga US$1,2 miliar obligasi 2029. Pelunasan bergantung pada tersedianya dana pembiayaan kembali dan arsip tidak memuat pengumuman setelahnya untuk memastikan syarat tersebut terpenuhi; tidak ada bukti perubahan kendali.",https://links.sgx.com/1.0.0/corporate-announcements/75K10O7LXLSKA71O/891829_2029.pdf
MV4,MEWAH INTERNATIONAL INC.,47,2026-01-20,2026-08-19,tidak_ada_petunjuk,0,0,tidak_ada_petunjuk,"Laporan keuangan penuh dan tengah tahun, jawaban rapat pemegang saham, dan laporan keberlanjutan menunjukkan bisnis pangan dan operasi Indonesia yang berjalan. Pengumuman transaksi hanya mencatat berhentinya anak usaha Krispi Niger Limited; tidak ditemukan pada bahan yang diperiksa pengambilalihan, penempatan saham, atau perubahan pengendali Mewah.",
MVMB,SHINHAN BANK,1,2026-05-07,2026-05-07,tidak_ada_petunjuk,0,0,tidak_ada_petunjuk,Dokumen tunggal adalah konfirmasi pencatatan surat utang HKD jatuh tempo November 2027. Tidak ada petunjuk pengendalian atau perubahan bisnis dalam bahan yang diperiksa.,
MVOB,THE KOREA DEVELOPMENT BANK,1,2026-09-10,2026-09-10,tidak_ada_petunjuk,0,0,tidak_ada_petunjuk,"Satu pengumuman hanya konfirmasi pencatatan notes US$1 miliar. Tidak ditemukan transaksi saham, bisnis, atau pengendalian penerbit pada bahan yang diperiksa.",
MWEB,HOUSING AND DEVELOPMENT BOARD,2,2026-04-27,2026-04-27,tidak_ada_petunjuk,0,0,tidak_ada_petunjuk,Dua dokumen adalah pemberitahuan pembayaran kupon seri obligasi HDB. Tidak ditemukan petunjuk transaksi kendali atau bisnis penerbit.,
MWPB,ITOCHU CORPORATION,1,2026-04-22,2026-04-22,tidak_ada_petunjuk,0,0,tidak_ada_petunjuk,"Satu pengumuman adalah konfirmasi pencatatan notes ITOCHU US$750 juta 4,228% jatuh tempo 2029. Tidak ditemukan peristiwa pengendalian atau akuisisi usaha dalam bahan yang diperiksa.",
MXDW,MACQUARIE BANK LIMITED,1,2026-03-30,2026-03-30,tidak_ada_petunjuk,0,0,tidak_ada_petunjuk,Satu dokumen adalah pelaksanaan waran wajib; tidak ditemukan transaksi relevan lain dalam bahan yang diperiksa.,
MXNU,ELITE UK REIT MANAGEMENT PTE. LTD.,150,2026-01-07,2026-09-01,tidak_ada_petunjuk,2,2,tidak_ada_petunjuk,"Elite UK REIT menyelesaikan akuisisi lima properti di Inggris dan pendanaan private placement, dengan pengumuman lanjutan atas unit pertimbangan serta fasilitas. Ini ekspansi portofolio REIT; tidak ada bukti perubahan kendali atas penerbit/manajer dalam bahan yang diperiksa.",https://links.sgx.com/1.0.0/corporate-announcements/65Z5HO4L185PF66E/901527_Elite%20UK%20REIT-Completion%20and%20Use%20of%20Proceeds%20from%20Private%20Placement.pdf
MYCB,BAYFRONT IABS VII PTE. LTD.,2,2026-04-13,2026-04-13,tidak_ada_petunjuk,0,0,tidak_ada_petunjuk,"Pengumuman adalah pembayaran kupon instrumen sekuritisasi Bayfront IABS VII, bukan transaksi atas saham atau kendali penerbit.",https://links.sgx.com/1.0.0/corporate-announcements/54QXJTXGCSTGUUVG/d6aeca7623de8980678b6d4833bd37c9c9f9fb19e43577d0c1da901163b87591
MYLB,ADDVALUE TECHNOLOGIES LTD,9,2026-01-21,2026-03-11,tidak_ada_petunjuk,0,0,tidak_ada_petunjuk,"Bahan hanya memuat kupon, pelunasan parsial, dan pelunasan dipercepat instrumen. Tidak ditemukan transaksi saham/pengendalian atau perubahan usaha penerbit pada bahan yang diperiksa.",
MZH,NANOFILM TECHNOLOGIES INTERNATIONAL LIMITED,95,2026-01-06,2026-09-15,pantau,1,1,pantau,Perubahan kepentingan pemegang saham besar dan usaha patungan telah diperiksa. Bahan arsip tidak membuktikan pembeli-penjual yang mengalihkan kendali Nanofilm.,
N01,NERA TELECOMMUNICATIONS LTD,213,2026-01-08,2026-09-18,belum_cukup,0,0,belum_cukup,"Banyak pemberitahuan perubahan kepentingan pengurus tersedia, tetapi lampiran yang dibuka hanya menampilkan pesan bahwa isi PDF tidak dapat ditampilkan. Karena isi, jumlah saham, dan pihak lawan tidak terambil, tidak sah menyimpulkan pola pembelian atau perubahan kendali dari judul.",
N02,NSL LTD.,6,2026-02-11,2026-08-19,tidak_ada_petunjuk,0,0,tidak_ada_petunjuk,"Judul dan laporan keuangan NSL yang tersedia tidak menunjukkan transaksi saham, utang, bisnis, atau pengendalian yang terpicu. Tidak ditemukan petunjuk perubahan kendali dalam bahan yang diperiksa.",
N08,NEW TOYO INTERNATIONAL HOLDINGS LTD,45,2026-01-07,2026-08-28,pantau,1,1,pantau,Pengungkapan Rule 706A dan hasil semester telah dibuka; terdapat transaksi aset anak usaha. Tidak ditemukan bukti perubahan pengendali New Toyo dalam bahan arsip yang diperiksa.,
N0Z,COMBINE WILL INTL HLDGS LTD,33,2026-02-28,2026-08-13,tidak_ada_petunjuk,1,1,tidak_ada_petunjuk,"Combine Will melaporkan hasil, laporan tahunan, perubahan personel, dan operasi/keuangan Indonesia. Tidak ditemukan dokumen pembelian atau penjualan saham penerbit, pembiayaan pengambilalihan, atau perpindahan pengendali pada arsip yang diperiksa.",
N2IU,MPACT MANAGEMENT LTD. (manager of Mapletree Pan Asia Commercial Trust),106,2026-01-19,2026-08-28,transaksi_selesai,1,1,transaksi_selesai,Divestasi komponen kantor Festival Walk selesai dan formulir perubahan kepentingan unit telah dibuka. Rangkaian ini tidak membuktikan perubahan pengendali MPACT atau trust.,
N32,NIPPECRAFT LIMITED,21,2026-01-23,2026-08-12,tidak_ada_petunjuk,0,0,tidak_ada_petunjuk,"Laporan hasil dan tahunan menunjukkan pemegang kendali yang sama: APP Printing memegang 49% dan tetap dianggap pemegang saham pengendali. Tidak ditemukan perubahan kendali, pendanaan atau transaksi bisnis yang relevan pada bahan yang diperiksa.",https://links.sgx.com/1.0.0/corporate-announcements/UVYGE6IH5TYV0WHE/876625_NIPPECRAFT%20LIMITED%20SGXNET%20FY2025.pdf
N33,"NOMURA HOLDINGS, INC",5,2026-05-29,2026-06-09,tidak_ada_petunjuk,0,0,tidak_ada_petunjuk,"Selain lima dokumen berkode, 56 judul tanpa kode yang ditautkan secara nama telah ditinjau. Dua transaksi yang terpicu adalah penarikan pendaftaran rak dan alokasi saham treasuri sebagai kompensasi saham kepada pengurus/karyawan; keduanya bukan perpindahan kendali Nomura. Tidak ditemukan petunjuk perubahan kendali dalam bahan yang diperiksa.",https://links.sgx.com/1.0.0/corporate-announcements/D0QUTA92WVTR4VAY/888904_0514_NHI_RSUPSU.pdf
N6M,BLACKROCK (SINGAPORE) LIMITED,8,2026-02-20,2026-08-24,tidak_ada_petunjuk,0,0,tidak_ada_petunjuk,Dokumen yang terpicu mengubah ketentuan ETF obligasi Asia dan dokumen lain adalah distribusi. Tidak ditemukan transaksi kendali atau perubahan usaha penerbit pada bahan yang diperiksa.,
NATW,MACQUARIE BANK LIMITED,4,2026-02-16,2026-03-16,tidak_ada_petunjuk,0,0,tidak_ada_petunjuk,"Pemberitahuan menyangkut berakhirnya waran put yang diselesaikan tunai atas saham DBS, bukan transaksi saham DBS atau Macquarie. Tidak ditemukan perubahan pengendali pada bahan yang diperiksa.",
NAWB,KWG GROUP HOLDINGS LIMITED,4,2026-03-06,2026-04-27,tidak_ada_petunjuk,0,0,tidak_ada_petunjuk,"Arsip hanya memuat pemberitahuan rapat luar biasa dan rapat tahunan KWG. Tidak ditemukan pengumuman transaksi saham, utang, bisnis, atau pengendalian dalam bahan yang diperiksa.",
NC2,SRI TRANG AGRO-INDUSTRY PCL,46,2026-02-19,2026-09-03,pantau,1,1,pantau,"Laporan hasil, rapat, dan dividen telah dibuka sebagai pemeriksaan konteks. Tidak ada bukti dalam dokumen yang dibuka bahwa pendanaan atau kegiatan usaha tersebut mengubah pengendali penerbit.",
NDAB,"HANA SECURITIES CO., LTD.",1,2026-06-02,2026-06-02,tidak_ada_petunjuk,0,0,tidak_ada_petunjuk,"Satu dokumen adalah konfirmasi pencatatan notes senior US$300 juta jatuh tempo 2031. Tidak ada bukti perpindahan saham, bisnis, atau kendali penerbit dalam bahan yang diperiksa.",https://links.sgx.com/1.0.0/corporate-announcements/Y3YY2V5MQAIIAWN2/0213fce86dba7263f33cb1878f443e2870e343f7533ead4466e340b201280590
NDGB,BAYFRONT INFRASTRUCTURE CAPITAL VI PTE. LTD.,2,2026-04-13,2026-04-13,tidak_ada_petunjuk,0,0,tidak_ada_petunjuk,"Satu peristiwa adalah pembayaran kupon surat utang. Tidak ditemukan dalam bahan yang diperiksa transaksi saham, bisnis, atau kendali.",
NEWB,THE KOREA DEVELOPMENT BANK,1,2026-04-09,2026-04-09,tidak_ada_petunjuk,0,0,tidak_ada_petunjuk,Satu dokumen adalah konfirmasi pencatatan surat utang senior EUR1 miliar. Tidak ditemukan transaksi pengendalian atau perubahan bisnis pada bahan yang diperiksa.,
NEX,NEX · RECLAIMS GLOBAL LIMITED,101,2026-01-08,2026-09-17,pantau,2,2,pantau,"Akuisisi properti komersial dan penggunaan dana penempatan telah diperiksa. Akuisisi aset selesai, tetapi tidak membuktikan perubahan pengendali NEX Reclaims Global.",
NEYB,VEDANTA RESOURCES FINANCE II PLC,2,2026-09-09,2026-09-09,tidak_ada_petunjuk,0,0,tidak_ada_petunjuk,Arsip berisi pemberitahuan penebusan bersyarat surat utang. Tidak ada transaksi pengendalian atau perubahan arah usaha penerbit yang dibuktikan oleh bahan ini.,
NGBB,THE BANK OF NOVA SCOTIA,1,2026-08-04,2026-08-04,tidak_ada_petunjuk,0,0,tidak_ada_petunjuk,Satu pengumuman adalah konfirmasi pencatatan surat utang US$30 juta Bank of Nova Scotia. Tidak ditemukan transaksi pengendalian dalam bahan yang diperiksa.,
NHD,JUBILEE INDUSTRIES HOLDINGS LTD.,25,2026-05-29,2026-08-26,belum_cukup,1,1,belum_cukup,"Ada dua pengumuman perubahan kepentingan pemegang saham besar Toh Soon Huat, tetapi PDF formulir utama hanya berisi pesan “Please wait...” sehingga jumlah saham, persentase, dan pihak lawan tidak dapat diuji. Tidak tepat menyimpulkan perubahan kendali.",
NIEB,HOUSING AND DEVELOPMENT BOARD,2,2026-05-04,2026-05-04,tidak_ada_petunjuk,0,0,tidak_ada_petunjuk,Arsip hanya memuat pembayaran kupon. Tidak ditemukan transaksi pengendalian atau perubahan bisnis penerbit pada bahan yang diperiksa.,
NIO,NIO INC.,52,2026-01-01,2026-09-01,transaksi_selesai,1,1,transaksi_selesai,"Anak usaha NIO menandatangani perjanjian definitif investasi RMB2,257 miliar; ini transaksi investasi/bisnis oleh kelompok NIO, bukan bukti perubahan pengendali NIO. Rencana insentif saham untuk CEO juga tidak sama dengan pengambilalihan.",https://links.sgx.com/1.0.0/corporate-announcements/MZ8ZXNHNK76EBRYQ/876282_NIO%20Inc.%20Subsidiary%20Enters%20into%20Definitive%20Agreements%20for%20RMB2.257%20Billion%20Investment.pdf
NJIB,CHINA WATER AFFAIRS GROUP LIMITED,4,2026-04-27,2026-04-29,tidak_ada_petunjuk,0,0,tidak_ada_petunjuk,"China Water Affairs mengusulkan lalu menerbitkan tambahan notes senior US$150 juta, terutama untuk penawaran pembelian kembali utang dan proyek hijau. Pembiayaan utang ini tidak menunjukkan perpindahan pengendalian atau bisnis penerbit.",https://links.sgx.com/1.0.0/corporate-announcements/NA2EJSEJA3PDTCOD/886561_20260429_sgx_0855_2.pdf
NLVB,DBS BANK LTD.,1,2026-06-18,2026-06-18,tidak_ada_petunjuk,0,0,tidak_ada_petunjuk,Satu pengumuman mengonfirmasi pencatatan notes GBP112 juta jatuh tempo 2027. Tidak ada transaksi pengendali atau bisnis yang diungkapkan.,
NMTB,DBS BANK LTD.,1,2026-06-18,2026-06-18,tidak_ada_petunjuk,0,0,tidak_ada_petunjuk,"Satu dokumen adalah konfirmasi pencatatan surat utang floating-rate DBS. Tidak ada bukti transaksi saham, bisnis, atau pengendalian dalam bahan yang diperiksa.",
NMZB,CLIFFORD CAPITAL HOLDINGS PTE. LTD.,2,2026-05-22,2026-05-22,tidak_ada_petunjuk,0,0,tidak_ada_petunjuk,Satu peristiwa hanya mengganti ticker Bloomberg atas sekuritas beredar Clifford Capital; tidak ada pengalihan kepemilikan atau kegiatan usaha.,https://links.sgx.com/1.0.0/corporate-announcements/QHBPE3M0NER48LVR/7daa6db16310e2e134a205aa4aebe2acb0b68dfa3053dd9d0dc26e924199203a
NNIB,Penerbit instrumen utang,3,2026-02-06,2026-08-05,tidak_ada_petunjuk,0,0,tidak_ada_petunjuk,"Ketiga judul adalah pembayaran kupon. Tidak ditemukan pengumuman saham, akuisisi, pembiayaan yang mengubah kendali, atau perubahan bisnis.",
NODB,KOREA NATIONAL OIL CORPORATION,6,2026-02-06,2026-05-20,tidak_ada_petunjuk,0,0,tidak_ada_petunjuk,Seluruh judul adalah pembayaran kupon surat utang. Tidak ditemukan transaksi bisnis atau perubahan pengendali pada bahan yang diperiksa.,
NOUB,KOH BROTHERS GROUP LIMITED,1,2026-04-13,2026-04-13,tidak_ada_petunjuk,0,0,tidak_ada_petunjuk,"Bahan yang diperiksa hanya pencatatan surat utang Koh Brothers S$50 juta 5,20% jatuh tempo 2030. Tidak ada petunjuk perubahan pengendali atau transaksi bisnis lain.",https://links.sgx.com/1.0.0/corporate-announcements/RIZBWZHP5M8Q9EMD/54f9054cce8438e5abfc4cb752a44230082c25724d4976178b3c0a0c35aa242e
NOVB,BAYFRONT INFRASTRUCTURE CAPITAL VI PTE. LTD.,2,2026-04-13,2026-04-13,tidak_ada_petunjuk,0,0,tidak_ada_petunjuk,"Satu pengumuman pembayaran kupon dan salinan HTML-nya tidak menunjukkan transaksi saham, aset, atau perubahan kendali penerbit.",
NPL,NIKS PROFESSIONAL LTD.,4,2026-01-08,2026-01-19,transaksi_selesai,1,1,transaksi_selesai,"NIKS menyelesaikan pengurangan modal selektif dan pembayaran kas kepada pemegang saham yang memenuhi syarat; SGX kemudian menghapus pencatatan pada 22 Januari 2026. Arsip hanya merujuk pengumuman proses 2025, sehingga tidak cukup untuk menyimpulkan pihak pengendali akhir.",https://links.sgx.com/1.0.0/corporate-announcements/YPG1SDUIIG2A03ZZ/872459_NPL%20-%20Delisting%20Date%20Announcement.pdf
NPUW,NPUW · MACQUARIE BANK LIMITED,1,2026-03-30,2026-03-30,tidak_ada_petunjuk,0,0,tidak_ada_petunjuk,Dokumen yang tersedia adalah pengumuman instrumen utang Macquarie Bank. Tidak ditemukan transaksi kendali atau bisnis penerbit SGX pada bahan arsip yang diperiksa.,
NPW,MALAYSIA SMELTING CORP BHD 100,68,2026-01-07,2026-09-11,tidak_ada_petunjuk,0,0,tidak_ada_petunjuk,"Seluruh judul dan 35 rangkaian pengumuman diperiksa, termasuk laporan keuangan, laporan tahunan, transaksi direksi, dan perubahan pimpinan. Referensi Indonesia berada dalam pelaporan operasi; tidak ditemukan transaksi perubahan kendali atau arah usaha penerbit dalam bahan yang diperiksa.",
NPZB,"NH INVESTMENT & SECURITIES CO., LTD.",1,2026-06-29,2026-06-29,tidak_ada_petunjuk,0,0,tidak_ada_petunjuk,Pengumuman mengonfirmasi pencatatan surat utang US$300 juta NH Investment & Securities. Tidak ada transaksi saham atau kendali penerbit dalam bahan yang diperiksa.,
NQUB,KOREA NATIONAL OIL CORPORATION,6,2026-02-06,2026-05-20,tidak_ada_petunjuk,0,0,tidak_ada_petunjuk,Tiga rangkaian pengumuman hanya pembayaran kupon surat utang. Tidak ditemukan petunjuk transaksi kendali atau perubahan usaha penerbit.,
NR7,RAFFLES EDUCATION LIMITED,170,2026-01-02,2026-09-16,transaksi_selesai,1,1,transaksi_selesai,"Semua rangkaian terpicu telah dibuka. Raffles Education menjual properti 51 Merchant Road kepada pihak ketiga dan melakukan konversi obligasi berkala kepada bondholders; penjualan 44.660.300 saham tresuri dilakukan kepada pembeli pihak ketiga tanpa hubungan dengan perusahaan, direksi, atau pemegang saham besar. Transaksi tersebut bukan bukti pengendali baru atas Raffles Education.",https://links.sgx.com/1.0.0/corporate-announcements/UH5CMXVPL6QZR944/871629_RE%20-%20Announcement%20on%20Conversion%20and%20Cancellation%20of%20Convertible%20Bonds%20-%208%20January%202026.pdf
NS8U,HUTCHISON PORT HOLDINGS MANAGEMENT PTE. LIMITED,42,2026-01-16,2026-09-18,transaksi_selesai,1,1,transaksi_selesai,Fakta: anak usaha tidak langsung HPH Trust membentuk usaha patungan logistik pelabuhan di Tiongkok; HPH Trust memegang 40% dan mencatatnya sebagai perusahaan asosiasi. Dokumen tanpa kode yang ditautkan juga mengumumkan rencana penutupan sukarela satu anak usaha dormant; tidak ada bukti perubahan pengendali penerbit atau trustee-manager.,https://links.sgx.com/1.0.0/corporate-announcements/Z6TFJMEK9Y5BFXQB/874230_Rule%20706A%20Announcement.pdf
NSJW,NSJW · MACQUARIE BANK LIMITED,1,2026-08-11,2026-08-11,tidak_ada_petunjuk,0,0,tidak_ada_petunjuk,Bahan yang diperiksa hanya memuat pencatatan waran; tidak ditemukan transaksi pengendalian penerbit.,
NSLW,MACQUARIE BANK LIMITED,4,2026-07-31,2026-09-02,tidak_ada_petunjuk,0,0,tidak_ada_petunjuk,"Seluruh judul menyangkut masa berlaku dan pelaksanaan waran, bukan saham atau usaha Macquarie Bank. Tidak ditemukan transaksi pengendalian dalam bahan yang diperiksa.",
NSWB,NSWB · MANULIFE FINANCIAL CORPORATION,8,2026-02-12,2026-05-26,pantau,1,1,pantau,Laporan grup memuat rujukan akuisisi dan arah usaha. Bahan yang diperiksa tidak memberi bukti bahwa penerbit SGX sendiri berganti pengendali.,
NSXB,"SBI HOLDINGS, INC",10,2026-02-04,2026-07-31,tidak_ada_petunjuk,0,0,tidak_ada_petunjuk,Arsip memuat hasil keuangan dan penyesuaian harga konversi obligasi tanpa kupon karena dividen. Tidak ditemukan transaksi pengendalian atau perubahan usaha penerbit dalam bahan yang diperiksa.,
NTDU,NTT DC REIT MANAGER PTE. LTD.,99,2026-01-13,2026-09-15,tidak_ada_petunjuk,0,0,tidak_ada_petunjuk,"Bahan menunjukkan pembaruan perjanjian layanan SG1 antara anak usaha REIT dan NTT Singapore, laporan operasional, dan perubahan direksi. Tidak ditemukan transaksi perpindahan pengendali NTT DC REIT atau manajernya dalam bahan yang diperiksa.",https://links.sgx.com/1.0.0/corporate-announcements/DPWXOQ5DPC26JY8F/881293_NTT%20DC%20REIT%20-%20SG1%20Lease%20Renewal%20Annct.pdf
NTHB,BAYFRONT IABS VII PTE. LTD.,2,2026-04-13,2026-04-13,tidak_ada_petunjuk,0,0,tidak_ada_petunjuk,"Satu laporan tanggal pembayaran untuk sekuritisasi Bayfront IABS VII diperiksa. Ini laporan instrumen notes dan tidak memuat transaksi saham, bisnis, atau kendali penerbit.",https://links.sgx.com/1.0.0/corporate-announcements/JC8PYO0W1N3597UR/883366_Bayfront%20IABS%20VII%20Pte.%20Ltd.%20-%20Payment%20Date%20Report%20-%2031-03-2026%20vFF.pdf
NTQB,LIBERTY FUNDING PTY LTD,8,2026-01-22,2026-08-21,tidak_ada_petunjuk,0,0,tidak_ada_petunjuk,"Judul arsip tidak menunjukkan transaksi saham, bisnis, atau perubahan pengendalian penerbit. Tidak ditemukan petunjuk dalam bahan yang diperiksa.",
NUNB,UNKNOWN ISSUER,2,2026-04-07,2026-07-07,tidak_ada_petunjuk,0,0,tidak_ada_petunjuk,Dua judul yang tersedia seluruhnya adalah pembayaran kupon wajib. Tidak ada judul atau isi transaksi pengendalian maupun bisnis dalam bahan yang diperiksa.,
NXR,IWOW TECHNOLOGY LIMITED,140,2026-01-30,2026-09-10,transaksi_selesai,2,2,transaksi_selesai,iWOW menyelesaikan akuisisi The Gentle Group dan kemudian menyelesaikan seluruh pembayaran sisa akuisisi Roots Communications. Kedua rangkaian adalah pembelian bisnis oleh iWOW; dokumen menyatakan saham pertimbangan Roots tidak memindahkan pengendalian dan tidak ada bukti pengambilalihan iWOW.,https://links.sgx.com/1.0.0/corporate-announcements/XX7LUW2GP7XI7LXT/887320_Annc%20-%20iWOW%20SPA%20with%20The%20Gentle%20Group.pdf
NXXB,NAVER CORPORATION,1,2026-04-21,2026-04-21,tidak_ada_petunjuk,0,0,tidak_ada_petunjuk,"Satu dokumen mengonfirmasi pencatatan green notes NAVER US$500 juta kupon 4,375% jatuh tempo 2031. Tidak ada informasi pengambilalihan, pemegang saham, atau perubahan bisnis.",
O08,OSSIA INTERNATIONAL LIMITED,22,2026-02-13,2026-08-28,transaksi_selesai,1,1,transaksi_selesai,Ossia menyelesaikan pembelian properti dan 100% Global Ten Realty melalui anak usaha. EGM berikutnya mengenai penghapusan klausa tujuan dan konstitusi baru; tidak ada bukti perubahan pengendali Ossia.,https://links.sgx.com/1.0.0/corporate-announcements/90LDSNV3386YU80A/877410_Ossia-%20Announcement%20on%20completion%20of%20the%20proposed%20acquisitions%20040326.pdf
O10,FAR EAST ORCHARD LIMITED,64,2026-02-27,2026-08-06,pantau,1,1,pantau,"Far East Orchard melaporkan transaksi anak usaha menurut aturan pengungkapan SGX dan perkembangan bisnis, bukan pembelian saham Far East Orchard. Tidak ditemukan bukti perubahan pengendali atau penggantian bisnis utama pada bahan yang diperiksa.",
O39,OVERSEA-CHINESE BANKING CORPORATION LIMITED,482,2026-01-02,2026-09-18,tidak_ada_petunjuk,0,0,tidak_ada_petunjuk,"Pengumuman hasil, laporan tahunan, pelepasan atau perolehan anak usaha menurut aturan pelaporan, perubahan kepentingan pengurus, dan penerbitan surat utang telah diperiksa. Empat dokumen bertanda petunjuk isi memuat kinerja, arah usaha dan operasi regional, termasuk Indonesia; tidak satu pun mengumumkan pihak lain memperoleh kendali atas OCBC pada bahan yang diperiksa.",
O5RU,AIMS APAC REIT MANAGEMENT LIMITED,152,2026-01-07,2026-09-18,transaksi_selesai,2,2,transaksi_selesai,AA REIT menyelesaikan akuisisi properti industri Australia dan memperoleh pembiayaan ulang. Seluruh pengumuman akuisisi/divestasi dan perubahan pemegang saham substansial yang dipicu telah dibuka; tidak ada bukti perubahan kendali.,
O6Z,LONZA GROUP LTD,69,2026-01-28,2026-08-31,pantau,1,1,pantau,Lonza mengumumkan pelepasan Health & Capsule untuk menjadi CDMO murni. Seluruh transaksi pengurus yang dipicu audit telah dibuka dan merupakan pembelian/penjualan saham berjumlah kecil oleh anggota manajemen; tidak ada dokumen yang menyatakan pengambilalihan Lonza.,
O9A,XTRACKERS,2,2026-01-16,2026-01-16,tidak_ada_petunjuk,0,0,tidak_ada_petunjuk,Pengumuman memperkenalkan perdagangan ETF dalam dolar Singapura selain dolar AS. Tidak ditemukan transaksi pengendalian atau perubahan bisnis penerbit pada bahan yang diperiksa.,
O9E,PARKSON RETAIL ASIA LIMITED,24,2026-02-23,2026-08-14,tidak_ada_petunjuk,0,0,tidak_ada_petunjuk,"Dokumen terdiri dari laporan keuangan, rapat tahunan, mandat pembelian kembali saham, dan dividen. Tidak ditemukan pada bahan yang diperiksa transaksi yang memindahkan kendali penerbit.",
O9P,BLACKROCK (SINGAPORE) LIMITED,8,2026-02-20,2026-08-24,pantau,0,0,pantau,Bahan yang diperiksa berupa pengumuman instrumen dan bukan transaksi perubahan kendali atas penerbit. Tidak ditemukan bukti perubahan kendali dalam bahan yang diperiksa.,
OAEW,Penerbit waran,1,2026-06-30,2026-06-30,tidak_ada_petunjuk,0,0,tidak_ada_petunjuk,"Satu dokumen adalah pelaksanaan waran. Tidak ada informasi pihak pembeli, penjamin, perubahan pengurus, atau perubahan kendali penerbit.",
OAJ,FORTRESS MINERALS LIMITED,43,2026-01-08,2026-08-12,pantau,2,2,pantau,"Fortress menyepakati langganan dan penjaminan saham Norwest Minerals untuk memperluas bisnis inti. Pada 12 Agustus, syarat dipenuhi dan Fortress harus mengajukan 162.614.060 saham sisa; dokumen yang diperiksa belum membuktikan alokasi atau penyelesaian akhirnya.",https://links.sgx.com/1.0.0/corporate-announcements/2JSPIEMAT57F4ZEU/896009_FML%20Announcement%20-%20Subscription%20for%20shares%20in%20NML.pdf
OBWB,SUMMIT DIGITEL INFRASTRUCTURE LIMITED,2,2026-09-03,2026-09-03,belum_cukup,0,0,belum_cukup,"Dokumen adalah pemberitahuan rapat umum dan laporan tahunan. Lampiran laporan panjang dibuka, tetapi pemeriksaan bagian transaksi/kepemilikan belum tuntas; tidak ada nilai negatif dari judul rapat.",https://links.sgx.com/1.0.0/corporate-announcements/3DJXY5PU5H17LBCX/ea682aee5260c94b42c8dd8f6c34cb1542de1396ef320e7ce20d2dd6339d00db
ODBU,UNITED HAMPSHIRE US REIT MANAGEMENT PTE. LTD.,102,2026-01-06,2026-09-17,transaksi_selesai,1,1,transaksi_selesai,United Hampshire US REIT membeli pusat belanja Wallingford Fair dan kemudian menyelesaikan penjualan BJ Quincy. Keduanya transaksi aset REIT; tidak ada bukti perubahan pengendali REIT dalam bahan yang diperiksa.,https://links.sgx.com/1.0.0/corporate-announcements/Y25CFUBY7OOQS60I/904406_UHREIT%20-%20Completion%20of%20Divestment%20of%20BJ%20Quincy%2017September2026.pdf
OGUB,MALAYAN BANKING BERHAD,1,2026-09-15,2026-09-15,tidak_ada_petunjuk,0,0,tidak_ada_petunjuk,"Pengumuman hanya mengonfirmasi pencatatan notes suku bunga mengambang US$300 juta. Tidak ditemukan transaksi saham, bisnis, atau pengendalian penerbit dalam bahan yang diperiksa.",
OHVB,MALAYAN BANKING BERHAD,3,2026-02-10,2026-08-12,tidak_ada_petunjuk,0,0,tidak_ada_petunjuk,"Tiga judul adalah pembayaran kupon obligasi. Dokumen yang dibuka menetapkan kupon 5,2548%; tidak ada bukti transaksi saham, bisnis, atau pengendalian penerbit.",
OIIB,NTT FINANCE CORPORATION,1,2026-03-04,2026-03-04,tidak_ada_petunjuk,0,0,tidak_ada_petunjuk,Dokumen tunggal adalah konfirmasi pencatatan surat utang GBP350 juta jatuh tempo 2032. Tidak ditemukan petunjuk transaksi bisnis atau perubahan pengendali.,
OITB,THE BANK OF NOVA SCOTIA,2,2026-04-27,2026-07-27,tidak_ada_petunjuk,0,0,tidak_ada_petunjuk,Dua pengumuman merupakan pembayaran kupon instrumen Bank of Nova Scotia. Tidak ditemukan transaksi pengendalian atau bisnis dalam bahan yang diperiksa.,
OIUB,KOREA HOUSING FINANCE CORPORATION,2,2026-06-29,2026-06-29,tidak_ada_petunjuk,0,0,tidak_ada_petunjuk,Satu peristiwa adalah jatuh tempo akhir surat utang. Tidak ditemukan dalam bahan yang diperiksa transaksi kendali atau bisnis.,
OJEB,THE BANK OF NOVA SCOTIA,1,2026-06-26,2026-06-26,tidak_ada_petunjuk,0,0,tidak_ada_petunjuk,Dokumen primer hanya mengonfirmasi pencatatan notes US$25 juta; tidak ada fakta tentang perubahan pengendalian atau transaksi bisnis penerbit.,https://links.sgx.com/1.0.0/corporate-announcements/QH7CY5N4WU0HFUN5/5979e36f46072c99761ad95375ab005643e8b0cfe163484fb1576690d03e29a4
OJRB,THE EXPORT-IMPORT BANK OF KOREA,1,2026-01-13,2026-01-13,pantau,0,0,pantau,Satu dokumen yang tersedia adalah penerbitan/administrasi utang. Tidak ditemukan bukti transaksi kendali dalam bahan yang diperiksa.,
OKIB,SHIN KONG LIFE SINGAPORE PTE. LTD.,2,2026-01-07,2026-01-07,transaksi_selesai,0,0,transaksi_selesai,"Pengumuman mengonfirmasi penggantian penjamin obligasi setelah merger; Shin Kong Life Insurance menjadi entitas penerus penjamin sebelumnya pada 1 Januari 2026. Ini perubahan penjamin instrumen utang, bukan bukti perubahan pengendalian penerbit SGX.",https://links.sgx.com/1.0.0/corporate-announcements/6M2YZLL3I2DHMFZA/871482_SGX%20Announcement%20for%20Completion%20of%20the%20Substitution.pdf
OKJB,NTT FINANCE CORPORATION,2,2026-04-14,2026-07-15,tidak_ada_petunjuk,0,0,tidak_ada_petunjuk,Dua dokumen yang ditinjau adalah pengumuman pembayaran kupon dan salinan HTML-nya. Tidak ditemukan transaksi yang menunjukkan perubahan kendali penerbit.,
OKKB,"ASE TECHNOLOGY HOLDING CO., LTD.",1,2026-08-07,2026-08-07,tidak_ada_petunjuk,0,0,tidak_ada_petunjuk,Dokumen mengonfirmasi pencatatan obligasi konversi tanpa kupon US$1 miliar pada pasar obligasi SGX. Tidak ada transaksi saham atau pengendalian penerbit dalam bahan yang diperiksa.,
OLJB,DBS BANK LTD.,1,2026-03-31,2026-03-31,tidak_ada_petunjuk,0,0,tidak_ada_petunjuk,"Satu pengumuman mengonfirmasi pencatatan notes USD56 juta 4,02% jatuh tempo 2027. Tidak ditemukan transaksi kendali atau bisnis dalam bahan yang diperiksa.",
OLRB,GUANG YING INVESTMENT LIMITED,1,2026-04-15,2026-04-15,tidak_ada_petunjuk,0,0,tidak_ada_petunjuk,Satu pengumuman adalah konfirmasi pencatatan obligasi bergaransi US$150 juta jatuh tempo 2029. Tidak ada bukti transaksi kepemilikan atau perubahan pengendali penerbit.,
OLYB,KEB HANA BANK,1,2026-08-07,2026-08-07,tidak_ada_petunjuk,0,0,tidak_ada_petunjuk,Arsip hanya memuat konfirmasi pencatatan sustainability notes KEB Hana Bank; tidak ditemukan petunjuk transaksi pengendalian atau bisnis.,
OMK,VIVIDTHREE HOLDINGS LTD.,44,2026-01-06,2026-09-13,pantau,2,3,emiten_terkendali_hildrics_dalam_rangkaian_mm2,"Vividthree sudah dikendalikan Hildrics dengan sekitar 29% menurut dokumen mm2. Pada 2026 Vividthree menerbitkan dua obligasi konversi masing-masing S$1 juta kepada China Music International dan One and One Global, lalu menandatangani term sheet mengikat untuk pengoperasian tempat acara *SCAPE. Belum ada konversi saham atau perubahan kendali baru.",
OMTB,OMTB · THE BANK OF NOVA SCOTIA,3,2026-02-20,2026-07-13,tidak_ada_petunjuk,0,0,tidak_ada_petunjuk,Tiga pengumuman hanya pembayaran kupon Bank of Nova Scotia; tidak ada petunjuk transaksi kendali atau bisnis.,
OOCB,LIBERTY FUNDING PTY LTD,9,2026-01-12,2026-09-08,tidak_ada_petunjuk,0,0,tidak_ada_petunjuk,"Dokumen-dokumen kelompok ini adalah pembayaran kupon surat utang Liberty Funding. Tidak ditemukan transaksi saham, bisnis, atau perubahan pengendali pada bahan yang diperiksa.",
OQKB,MEDCO BELL PTE. LTD.,2,2026-02-24,2026-02-24,tidak_ada_petunjuk,0,0,tidak_ada_petunjuk,"Medco Bell memberitahukan pelunasan penuh obligasi senior 2027 pada 27 Maret 2026. Ini transaksi utang, bukan perubahan pengendalian penerbit atau induk penjamin.",https://links.sgx.com/1.0.0/corporate-announcements/2CIJ06R5YGPV11HN/875784_SGX_MBL%20GP5%202027%20Notes%20-%20Redemption%20Notice.pdf
ORLB,RKPF OVERSEAS 2019 (E) LIMITED,52,2026-01-19,2026-09-09,pantau,4,1,restrukturisasi_utang_penjamin,"Penjamin Road King Infrastructure menandatangani restructuring support agreement untuk restrukturisasi utang luar negeri, termasuk opsi kreditur atas kas, surat utang baru dan saham Road King serta rencana pemindahan 70% saham Road King Expressway International ke kendaraan milik kreditur. ORLB adalah penerbit sekuritas perpetual yang dijamin Road King; dokumen ini kuat untuk restrukturisasi penjamin tetapi belum membuktikan transaksi telah selesai atau perubahan pengendali ORLB sendiri.",https://links.sgx.com/1.0.0/corporate-announcements/XTAQ1MX2P6VAWVT7/890514_e_RKI%20-%20Announcement%20-%20RSA%20_Final.pdf
ORMB,"DBS BANK LTD., AUSTRALIA BRANCH",1,2026-01-13,2026-01-13,tidak_ada_petunjuk,0,0,tidak_ada_petunjuk,Satu pengumuman mengonfirmasi pencatatan notes A$360 juta DBS Bank Australia Branch. Tidak ada transaksi kendali atau bisnis penerbit SGX yang diungkapkan.,
ORUB,"ORUB · INDUSTRIAL AND COMMERCIAL BANK OF CHINA LIMITED, SINGAPORE BRANCH",1,2026-03-18,2026-03-18,tidak_ada_petunjuk,0,0,tidak_ada_petunjuk,"Satu dokumen adalah konfirmasi pencatatan surat utang ICBC Singapore Branch. Tidak ditemukan dalam bahan yang diperiksa transaksi saham, bisnis, atau perubahan pengendali.",
OSDB,CAS CAPITAL NO. 1 LIMITED,13,2026-01-05,2026-06-15,transaksi_selesai,1,1,transaksi_selesai,"Tender offer atas perpetual securities US$750 juta diumumkan, hasilnya dilaporkan, dan penyelesaiannya dikonfirmasi. Ini pengelolaan utang instrumen, bukan pembelian atau pengalihan pengendali CAS Capital No. 1.",
OSEB,HOUSING AND DEVELOPMENT BOARD,2,2026-07-01,2026-07-01,tidak_ada_petunjuk,0,0,tidak_ada_petunjuk,"Dua varian dokumen hanya mencatat pembayaran kupon. Tidak ditemukan dalam bahan yang diperiksa transaksi saham, bisnis, atau pengendalian penerbit.",
OTEB,DBS BANK LTD.,1,2026-08-26,2026-08-26,tidak_ada_petunjuk,0,0,tidak_ada_petunjuk,Seluruh judul diperiksa. Arsip hanya memuat konfirmasi pencatatan obligasi tertutup; tidak ditemukan transaksi kendali penerbit.,
OTJB,WANDA PROPERTIES GLOBAL CO. LIMITED,13,2026-01-08,2026-02-09,tidak_ada_petunjuk,0,0,tidak_ada_petunjuk,"Rangkaian dokumen tender, pelunasan, dan redemption obligasi 11% telah dibuka. Dokumen membahas kewajiban obligasi penerbit, bukan pembelian/penjualan saham atau pengalihan kendali penerbit.",
OTS,OTS HOLDINGS LIMITED,24,2026-02-04,2026-09-11,prioritas,4,1,privatisasi_pengendali_lama,"BCS Development yang sudah memiliki 75,67% OTS dan dimiliki keluarga Ong menawarkan pembelian sisa saham pada S$0,17 per saham melalui skema untuk memprivatisasi OTS. Sampai batas arsip skema masih menunggu persetujuan dan pengesahan pengadilan.",https://links.sgx.com/1.0.0/corporate-announcements/HDUKZHFFZU9CDKKU/903700_OTS%20-%20Joint%20Announcement%20-%20Final.pdf
OTX,MEDINEX LIMITED,27,2026-05-19,2026-08-18,transaksi_selesai,1,1,transaksi_selesai,Medinex menjual 55% Express Medical dan Tan Tin Nam berhenti menjadi pemegang saham substansial. Dokumen uncoded perubahan alamat kantor juga ditinjau; tidak ada bukti perubahan pengendali Medinex.,https://links.sgx.com/1.0.0/corporate-announcements/3TM7A7SN3P75CI2S/889374_Medinex%20-%20706A%20Announcement.pdf
OU8,CENTURION CORPORATION LIMITED,228,2026-01-07,2026-09-14,pantau,1,1,pantau,"Lampiran transaksi menunjukkan pengembangan dan akuisisi/penjualan aset akomodasi oleh Centurion atau anak usahanya, serta perubahan kepentingan pemegang saham utama pada Maret 2026. Tidak ada dokumen yang membuktikan pihak baru memperoleh pengendalian Centurion; transaksi aset dan pengaturan pemegang saham internal dipisahkan dari pengambilalihan penerbit.",https://links.sgx.com/1.0.0/corporate-announcements/RJPYHVNNV5DREOWB/875177_CCL-Acq%20of%2065%20percent%20stake%20in%207KCL-20260213.pdf
OUTB,HO BEE LAND LIMITED,1,2026-06-30,2026-06-30,tidak_ada_petunjuk,0,0,tidak_ada_petunjuk,"Satu dokumen adalah konfirmasi pencatatan green notes Ho Bee Land S$150 juta, kupon 3,30%, jatuh tempo 2031. Tidak ditemukan perubahan pengendali atau transaksi bisnis dalam bahan diperiksa.",
OV8,SHENG SIONG GROUP LTD.,47,2026-01-22,2026-07-29,pantau,0,0,pantau,"Dokumen terbuka mencatat pengalihan jabatan pengendali keuangan menjadi kepala keuangan. Ini perubahan jabatan internal, bukan bukti perubahan pengendali Sheng Siong.",
OVDB,ICICI BANK LIMITED (ACTING THROUGH ITS IFSC BANKING UNIT),1,2026-08-28,2026-08-28,tidak_ada_petunjuk,0,0,tidak_ada_petunjuk,"Dokumen konfirmasi pencatatan senior notes US$1 miliar jatuh tempo 2031 dibuka. Ini adalah penerbitan utang, tanpa petunjuk akuisisi, pelepasan bisnis, atau perubahan pengendalian ICICI Bank.",
OVQ,LION-PHILLIP S-REIT ETF,39,2026-01-04,2026-09-12,tidak_ada_petunjuk,0,0,tidak_ada_petunjuk,Judul hampir seluruhnya adalah nilai aset bersih mingguan per unit dan satu pengumuman distribusi. Tidak ditemukan transaksi bisnis atau perubahan pengendali pada bahan yang diperiksa.,
OVS,PHILLIP CAPITAL MANAGEMENT (S) LTD,37,2026-01-04,2026-09-12,belum_cukup,0,0,belum_cukup,Dokumen nilai aset berwujud bersih per unit bertanggal 12 September 2026 telah dibuka. Seluruh judul dalam arsip adalah pengumuman nilai aset per unit; bahan ini tidak cukup untuk menilai transaksi atau kendali.,
OWIW,MACQUARIE BANK LIMITED,1,2026-02-06,2026-02-06,tidak_ada_petunjuk,0,0,tidak_ada_petunjuk,"Dokumen tunggal adalah konfirmasi pencatatan waran HSI, tanpa uraian transaksi korporasi Macquarie Bank. Tidak ditemukan petunjuk perubahan pengendali atau bisnis penerbit.",
OWRB,OWRB · GOHL CAPITAL HOLDINGS LIMITED,1,2026-04-29,2026-04-29,tidak_ada_petunjuk,0,0,tidak_ada_petunjuk,Satu pengumuman adalah konfirmasi pencatatan surat modal subordinasi perpetual. Tidak ditemukan dalam bahan yang diperiksa perubahan pengendali atau transaksi bisnis penerbit.,
OWZW,MACQUARIE BANK LIMITED,1,2026-08-24,2026-08-24,belum_cukup,0,0,belum_cukup,Satu pengumuman pencatatan produk waran tidak cukup untuk menyimpulkan transaksi atas Macquarie Bank atau perusahaan dasar produk.,
OXMU,PRIME US REIT MANAGEMENT PTE. LTD.,74,2026-01-11,2026-08-12,pantau,1,1,pantau,"Pengelola Prime US REIT mengumumkan penggunaan hasil placement, pembaruan operasi, dan perpanjangan fasilitas pinjaman. Perubahan jabatan pengurus serta transaksi aset rutin tidak membuktikan perpindahan kendali atas unit REIT.",
OYY,PROPNEX LIMITED,51,2026-01-02,2026-08-13,belum_cukup,0,0,belum_cukup,"Pembaruan usaha yang dibuka membahas kondisi pasar dan operasi PropNex, bukan transaksi kendali. Lampiran pemicu lain belum selesai ditelaah; hasil tetap belum cukup, bukan negatif dari judul.",
OZMB,"DBS BANK LTD., AUSTRALIA BRANCH",4,2026-01-23,2026-07-21,tidak_ada_petunjuk,0,0,tidak_ada_petunjuk,Empat dokumen hanya pembayaran kupon dan jatuh tempo instrumen utang DBS Bank cabang Australia. Tidak ditemukan transaksi yang dicari pada bahan yang diperiksa.,
P11,PACIFIC ANDES RESOURCES DEVELOPMENT LIMITED,2,2026-09-02,2026-09-02,pantau,0,0,pantau,Administratur masih melikuidasi aset sisa dan entitas dalam rencana restrukturisasi Bab 11. Arsip menyatakan satu anak usaha masih perlu dilikuidasi sebelum likuidasi P11; ini bukan bukti pihak baru mengambil alih P11.,https://links.sgx.com/1.0.0/corporate-announcements/4VEWY8WCNMGARHSA/903365_2026%2009%2002%20PARD%20SGX%20announcement.pdf
P15,PACIFIC CENTURY REGIONAL DEVELOPMENTS LIMITED,36,2026-02-09,2026-08-22,pantau,1,1,pantau,"PCRD mengumumkan penjualan seluruh 49,87% kepemilikan tidak langsungnya di KDPL kepada pembeli India, namun masih tunduk pada kondisi precedent dan penutupan. Ini pelepasan aset asosiasi oleh PCRD, bukan bukti perubahan kendali PCRD; tidak ditemukan pemberitahuan penyelesaian lanjutan dalam arsip yang diperiksa.",https://links.sgx.com/1.0.0/corporate-announcements/YVXWO8KYAVYM8SIT/902017_PCRD-Announcement_Disposal%20of%20KDPL%20shares_22.8.2026.pdf
P34,DELFI LIMITED,51,2026-02-10,2026-08-13,pantau,1,1,pantau,"Beberapa pihak menjadi dan berhenti sebagai pemegang saham substansial, disertai pergantian ketua dan komposisi dewan. Bahan yang diperiksa tidak mengungkap tawaran pengambilalihan atau perubahan pengendali, sehingga sinyal hanya perlu dipantau.",
P36,PAN HONG HOLDINGS GROUP LIMITED,19,2026-04-08,2026-08-24,tidak_ada_petunjuk,1,1,tidak_ada_petunjuk,"Pan Hong melaporkan arbitrase, hasil, penilaian properti, laporan tahunan, dan pembubaran anak usaha yang tidak menunjukkan perubahan pengendali penerbit. Kaitan Indonesia yang terdeteksi dalam laporan tahunan tidak cukup menjadi bukti transaksi kontrol.",
P40U,YTL STARHILL GLOBAL REIT MANAGEMENT LIMITED,72,2026-01-15,2026-08-17,tidak_ada_petunjuk,0,0,tidak_ada_petunjuk,"Fasilitas utang A$70 juta dan S$70 juta telah dibuka bersama lampirannya. Tidak ada pembelian atau penjualan pengelola, atau perpindahan kendali unit perwalian, dalam bahan yang diperiksa.",
P52,PAN-UNITED CORPORATION LTD.,71,2026-02-13,2026-09-01,pantau,1,1,pantau,Laporan tahunan dibuka karena penanda isi; bahan itu tidak sendiri membuktikan perpindahan kendali. Tidak ada rangkaian transaksi pengambilalihan penerbit yang terungkap dalam pengumuman yang ditugaskan.,
P74,SHENGRONG HOLDING LTD.,54,2026-01-05,2026-09-01,pantau,1,1,pantau,"Shengrong mengumumkan rencana penghapusan pencatatan sukarela dari SGX yang berstatus sekunder, dengan target sekitar 7 Januari 2027. Saham tetap akan diperdagangkan di Hong Kong; ini bukan pengambilalihan atau perubahan kendali.",https://links.sgx.com/1.0.0/corporate-announcements/ELRDKIYMP1X7ZF2E/902929_Voluntary%20Delisting%20of%20Shares%20from%20the%20Main%20Board%20of%20the%20SGX.pdf
P8A,CORDLIFE GROUP LIMITED,34,2026-01-13,2026-08-13,tidak_ada_petunjuk,0,0,tidak_ada_petunjuk,"Lampiran hasil keuangan, laporan tahunan, opini auditor, dan pembaruan izin Cordlife telah diperiksa. Dokumen mencatat persoalan lisensi dan operasi di beberapa negara termasuk Indonesia, tetapi tidak mengungkap pembelian atau penjualan pengendali, pendanaan perantara, maupun perubahan bisnis utama pada bahan yang diperiksa.",https://links.sgx.com/1.0.0/corporate-announcements/WRHVYO5O20W0FCAB/876678_CGL%20-%20FY2025%20Results%20Announcement.pdf
P8Z,BUMITAMA AGRI LTD.,29,2026-02-26,2026-08-14,pantau,0,0,pantau,Dokumen terbuka adalah pengantar hasil tahunan Bumitama Agri; tidak memuat perubahan pengendali atau transaksi perusahaan dalam teks pengantar.,
P9D,CIVMEC LIMITED,32,2026-01-02,2026-09-11,tidak_ada_petunjuk,0,0,tidak_ada_petunjuk,"Pemberian kontrak, hasil keuangan, dividen, pengunduran diri eksekutif/direktur, dan hak kinerja telah diperiksa. Tidak ditemukan dalam bahan yang diperiksa rangkaian pembiayaan atau transaksi saham yang mengubah kendali penerbit.",
PA3,TA CORPORATION LTD.,74,2026-01-14,2026-08-11,pantau,2,2,pantau,"TA Corporation menerbitkan 73.463.360 saham baru melalui konversi catatan TAR dan TAC dalam restrukturisasi utang. Phillip Securities menjadi pemegang 11,83% sebagai pialang pihak ketiga yang dipilih likuidator Tiong Aik Construction; pemegang besar lama terdilusi tanpa perubahan jumlah saham mereka. Anak usaha Que Mekong juga baru didirikan di Kamboja dan belum beroperasi. Dokumen tidak membuktikan pihak baru memperoleh kendali TA Corporation.",https://links.sgx.com/1.0.0/corporate-announcements/VIC55A2TML0R36NI/876952_2026.02.28%20TACorp-%20Incorporation%20of%20subsidiary.pdf
PABW,PABW · MACQUARIE BANK LIMITED,1,2026-02-02,2026-02-02,tidak_ada_petunjuk,0,0,tidak_ada_petunjuk,"Dokumen adalah konfirmasi pencatatan produk waran Macquarie Bank, bukan perubahan pada pengendalian penerbit.",
PCFB,NTT FINANCE CORPORATION,3,2026-03-04,2026-09-02,tidak_ada_petunjuk,0,0,tidak_ada_petunjuk,Arsip mencatat pencatatan notes EUR600 juta jatuh tempo 2028 dan pembayaran kupon. Tidak ditemukan transaksi kendali atau bisnis penerbit dalam bahan yang diperiksa.,
PCT,PC PARTNER GROUP LIMITED,90,2026-01-05,2026-09-17,pantau,2,2,pantau,"PC Partner mengumumkan penarikan sukarela pencatatan di HKEX, sementara pengungkapan pemegang saham besar LC Capital dan RAYS terus diperbarui. Penarikan pencatatan HKEX bukan sendiri bukti perubahan kendali; tidak ada dokumen yang membuktikan pengambilalihan penerbit SGX pada arsip ini.",
PEMW,MACQUARIE BANK LIMITED,1,2026-02-03,2026-02-03,tidak_ada_petunjuk,0,0,tidak_ada_petunjuk,"Pelaksanaan waran atas produk Macquarie, bukan penerbitan saham atau kendali Macquarie Bank.",
PGDW,MACQUARIE BANK LIMITED,1,2026-07-03,2026-07-03,tidak_ada_petunjuk,0,0,tidak_ada_petunjuk,Dokumen hanya mencatat pencatatan waran atas Sheng Siong oleh Macquarie Bank. Tidak ditemukan transaksi pengendalian atau bisnis penerbit dalam bahan diperiksa.,
PH0,HATTEN LAND LIMITED (kemudian Metrocon Holdings Limited),113,2026-01-14,2026-07-22,transaksi_selesai,5,5,pembanding_pengambilalihan_balik_selesai_lihat_WYO,"Hatten Land menyelesaikan pengambilalihan balik Metrocon pada 31 Juli 2026 dengan menerbitkan saham kepada LBD Engineering. Perusahaan kemudian berganti nama menjadi Metrocon Holdings dan kode berlanjut sebagai WYO. Ini transaksi yang sudah selesai, sehingga berguna sebagai pembanding pola dan tidak termasuk ramalan transaksi berikutnya.",https://links.sgx.com/1.0.0/corporate-announcements/AQBVON33BUCLI0PL/873443_Circular%20to%20Proposed%20Change%20of%20Auditors.pdf
PIGW,MACQUARIE BANK LIMITED,1,2026-02-26,2026-02-26,tidak_ada_petunjuk,0,0,tidak_ada_petunjuk,Dokumen tunggal adalah pelaksanaan waran wajib. Tidak ditemukan transaksi pengendalian atau perubahan bisnis penerbit.,
PIKB,LIBERTY FUNDING PTY LTD,7,2026-02-25,2026-08-21,tidak_ada_petunjuk,0,0,tidak_ada_petunjuk,"Tujuh pengumuman adalah pembayaran kupon efek A$900 juta. Tidak ditemukan transaksi saham, bisnis, atau pengendali penerbit.",
PJEB,LAND TRANSPORT AUTHORITY,4,2026-01-07,2026-07-07,tidak_ada_petunjuk,0,0,tidak_ada_petunjuk,Dua pengumuman berisi pembayaran kupon obligasi Land Transport Authority. Tidak ada petunjuk perubahan kendali atau bisnis.,
PJVB,"RESONA BANK, LIMITED",2,2026-01-09,2026-01-09,tidak_ada_petunjuk,0,0,tidak_ada_petunjuk,Dokumen membahas status pembelian saham treasuri oleh Resona Bank sendiri. Ini bukan pembelian saham pengendali atas penerbit atau transaksi pengalihan kendali.,
PKBB,HOUSING AND DEVELOPMENT BOARD,4,2026-01-02,2026-07-02,tidak_ada_petunjuk,0,0,tidak_ada_petunjuk,Empat dokumen adalah pemberitahuan kupon obligasi HDB. Tidak ditemukan petunjuk perubahan kendali dalam bahan yang diperiksa.,
PKOB,"OVERSEA-CHINESE BANKING CORPORATION LIMITED, ACTING THROUGH ITS SYDNEY BRANCH",1,2026-06-12,2026-06-12,tidak_ada_petunjuk,0,0,tidak_ada_petunjuk,Satu dokumen adalah konfirmasi pencatatan obligasi hijau berkupon mengambang A$1 miliar. Tidak ada bahan mengenai pengendalian atau transaksi bisnis penerbit.,
PKQB,HOUSING AND DEVELOPMENT BOARD,4,2026-02-20,2026-08-24,tidak_ada_petunjuk,0,0,tidak_ada_petunjuk,Dua rangkaian dokumen adalah pembayaran kupon obligasi. Tidak ditemukan perpindahan kendali atau transaksi bisnis pada bahan yang diperiksa.,
PLHB,THE REPUBLIC OF KOREA,1,2026-02-12,2026-02-12,tidak_ada_petunjuk,0,0,tidak_ada_petunjuk,"Satu dokumen mengonfirmasi pencatatan obligasi Republik Korea US$2 miliar, kupon 3,875%, jatuh tempo 2031. Tidak ada transaksi pengendalian atau bisnis pada bahan yang diperiksa.",
PLXB,PLXB · THE REPUBLIC OF KOREA,1,2026-02-12,2026-02-12,tidak_ada_petunjuk,0,0,tidak_ada_petunjuk,Bahan yang diperiksa hanya memuat pencatatan surat utang; tidak ditemukan transaksi pengendalian penerbit.,
PMSB,GOODMAN AUSTRALIA FINANCE PTY LIMITED,2,2026-02-18,2026-02-18,tidak_ada_petunjuk,0,0,tidak_ada_petunjuk,"Arsip hanya berisi pengumuman hasil setengah tahun. Tidak ditemukan transaksi pengendalian, saham, atau bisnis dalam bahan yang diperiksa.",
PPC,PROSPERCAP CORPORATION LIMITED,64,2026-01-28,2026-08-13,tidak_ada_petunjuk,0,0,tidak_ada_petunjuk,"Laporan tahunan, materi rapat, formulir kepemilikan, presentasi hasil, serta perubahan direksi telah dibuka. Tidak ada tawaran atau transaksi saham yang menunjukkan perubahan pengendali; presentasi menyebut DTGO sebagai pemegang 88,31%.",https://links.sgx.com/1.0.0/corporate-announcements/NNWE1OTDPDYCBI3N/899090_PPC-CHANGES%20TO%20THE%20COMPOSITION%20OF%20THE%20BOARD%20AND%20BOARD%20COMMITTEES_F.pdf
PQVW,MACQUARIE BANK LIMITED,1,2026-08-28,2026-08-28,tidak_ada_petunjuk,0,0,tidak_ada_petunjuk,Satu pengumuman adalah pelaksanaan waran wajib. Tidak ditemukan petunjuk transaksi kendali penerbit.,
PRH,LIVINGSTONE HEALTH HOLDINGS LIMITED,34,2026-02-19,2026-08-21,transaksi_selesai,2,2,transaksi_selesai,"Anak usaha PRH membeli 100% Wellington Pte. Ltd., pemilik klinik London (MH), dari Dr Ng Wei Seng dan Tang Sau Kuay; transaksi selesai 4 Maret 2026. Ini adalah akuisisi bisnis oleh PRH, bukan bukti pihak lain mengambil alih PRH; penerbitan saham berikutnya terkait imbalan tangguhan dan waran juga tidak membuktikan perubahan kendali PRH.",https://links.sgx.com/1.0.0/corporate-announcements/EWN6V4IRU56BP6IY/877352_LSH%20-%20Completion%20Announcement.pdf
PRQB,Penerbit laporan keuangan triwulanan,6,2026-02-06,2026-08-05,tidak_ada_petunjuk,0,0,tidak_ada_petunjuk,"Arsip berisi laporan keuangan kuartalan dan tahunan; tidak ada pengumuman transaksi saham, bisnis, atau pembiayaan yang menunjukkan perubahan pengendali.",
PTOB,KOREA HOUSING FINANCE CORPORATION,2,2026-06-29,2026-06-29,tidak_ada_petunjuk,0,0,tidak_ada_petunjuk,"Dua dokumen membahas jatuh tempo akhir instrumen utang Korea Housing Finance Corporation. Tidak ditemukan transaksi saham, usaha, atau pengendalian dalam bahan yang diperiksa.",
PTPB,SOFTBANK CORP.,1,2026-04-17,2026-04-17,tidak_ada_petunjuk,0,0,tidak_ada_petunjuk,"Dokumen hanya mengonfirmasi pencatatan obligasi EUR700 juta SoftBank di pasar obligasi SGX. Tidak ditemukan perubahan saham, bisnis, atau pengendalian penerbit dalam bahan yang diperiksa.",
PVSB,PVSB · MPACT TREASURY COMPANY PTE.LTD.,1,2026-06-25,2026-06-25,tidak_ada_petunjuk,0,0,tidak_ada_petunjuk,Dokumen adalah konfirmasi pencatatan green notes S$200 juta MPACT Treasury; tidak menunjukkan transaksi pengendalian atau bisnis.,
PYHB,PT PERTAMINA (PERSERO),15,2026-04-16,2026-06-08,tidak_ada_petunjuk,0,0,tidak_ada_petunjuk,Seluruh judul yang diperiksa adalah penebusan sebagian beberapa seri surat utang Pertamina. Penebusan utang tidak membuktikan perubahan pemegang saham atau kendali PT Pertamina (Persero).,https://links.sgx.com/1.0.0/corporate-announcements/S1KHQSBR47Z1RQ73/1dbdba09f651af3817cc477057f1a1acbda3af1b8e426a90a799376613664d0c
PZDB,"NOMURA HOLDINGS, INC",1,2026-06-30,2026-06-30,tidak_ada_petunjuk,0,0,tidak_ada_petunjuk,"Konfirmasi pencatatan US$300 juta senior floating-rate notes Nomura, bukan perubahan kepemilikan atau kendali.",
Q01,QAF LIMITED,56,2026-01-09,2026-08-18,pantau,0,0,pantau,"Laporan tahunan dan perubahan kepentingan direktur telah dibuka. Tidak ada bukti perubahan kendali QAF, tetapi arsip dibatasi pada periode pemeriksaan.",
Q0F,IHH Healthcare Berhad,437,2026-01-02,2026-09-17,transaksi_selesai,1,1,bukan_calon_pengambilalihan_penerbit,IHH adalah pihak pembeli melalui anak usaha Northern TK Venture dalam transaksi Fortis Healthcare dan Fortis Malar Hospitals; penawaran terbuka tersebut selesai pada 10 November 2025. Arsip 2026 juga mengonfirmasi akuisisi TMI Healthcare dan Biruni Labs oleh grup IHH. Laporan tahunan dan keberlanjutan yang diperiksa tidak memberi bukti bahwa IHH menjadi target pengambilalihan atau berubah pengendali.,https://links.sgx.com/1.0.0/corporate-announcements/47I8CS58KN9XQREQ/876734_IHH_Announcement_Q4%202025%20Quarterly%20Report.pdf
Q0X,LEY CHOON GROUP HOLDINGS LIMITED,41,2026-01-05,2026-08-25,tidak_ada_petunjuk,1,1,tidak_ada_petunjuk,Ley Choon berpindah dari Catalist ke Mainboard dan kemudian membentuk usaha patungan pipe-jacking melalui anak usaha. Usaha patungan dikendalikan 51% oleh anak usaha Ley Choon; tidak ada bukti perubahan pengendali Ley Choon.,https://links.sgx.com/1.0.0/corporate-announcements/CEDQKVLILVI9I46V/878706_LC%20-%20Transfer%20of%20Listing.pdf
Q36B,KEB HANA BANK,1,2026-04-20,2026-04-20,tidak_ada_petunjuk,0,0,tidak_ada_petunjuk,"Pengumuman tunggal adalah konfirmasi pencatatan obligasi tertutup hijau EUR600 juta. Tidak ditemukan pada bahan yang diperiksa pengambilalihan, pemindahan saham, atau perubahan bisnis penerbit.",
Q50,CGSI PUBLIC MARKETS SOLUTIONS VCC,15,2026-08-20,2026-09-18,tidak_ada_petunjuk,0,0,tidak_ada_petunjuk,"Dokumen mencatat pengecualian aturan, pengangkatan direktur, penerimaan ETF ke daftar resmi, dan nilai aset bersih per unit. Pengangkatan direktur pada pengelola dana tidak membuktikan perubahan pengendali atau transaksi bisnis penerbit dalam bahan diperiksa.",
Q5T,FEO HOSPITALITY ASSET MANAGEMENT PTE. LTD.,81,2026-01-21,2026-09-10,pantau,2,2,pantau,Terdapat perubahan kepentingan beberapa pemegang keamanan substansial dan pembaruan bisnis dana perhotelan. Arsip yang diperiksa tidak membuktikan bahwa salah satu transaksi memindahkan pengendalian dana atau pengelolanya.,https://links.sgx.com/1.0.0/corporate-announcements/NF7PCHBAPYWVTT81/897758__eFORM3V2-Far%20East%20Orchard%20Limited_Final.pdf
Q73W,MACQUARIE BANK LIMITED,1,2026-06-30,2026-06-30,tidak_ada_petunjuk,0,0,tidak_ada_petunjuk,Dokumen yang tersedia adalah pemberitahuan pelaksanaan waran. Tidak ditemukan transaksi kendali atau bisnis penerbit pada bahan yang diperiksa.,
QABW,Macquarie Bank Limited,1,2026-06-30,2026-06-30,tidak_ada_petunjuk,0,0,tidak_ada_petunjuk,"Dokumen tunggal adalah penyelesaian tunai wajib atas waran Macquarie yang telah masuk nilai pada tanggal kedaluwarsa. Tidak ditemukan transaksi saham penerbit, utang, pembelian usaha, atau perubahan pengendali pada bahan yang diperiksa.",https://links.sgx.com/1.0.0/corporate-announcements/0GXV8P0NR8FAIEIC/d2191ab0e20ae679bebedae2b93f7290a831862875ea41fefe7c6cd7afcbb6d3
QATB,"INVERSIONES ATLANTIDA, S.A.",1,2026-02-09,2026-02-09,tidak_ada_petunjuk,0,0,tidak_ada_petunjuk,"Pengumuman hanya mengonfirmasi pencatatan surat utang senior US$40 juta. Tidak ditemukan perubahan saham, pengendali, atau bisnis penerbit dalam bahan yang diperiksa.",
QBNW,UBS AG,1,2026-03-25,2026-03-25,tidak_ada_petunjuk,0,0,tidak_ada_petunjuk,Dokumen menjelaskan pembukaan kembali perdagangan sertifikat leverage UBS setelah mekanisme airbag. Tidak ditemukan transaksi pada UBS AG atau bukti perubahan pengendalian.,https://links.sgx.com/1.0.0/corporate-announcements/FBPAA5P93G2E5GPN/7f5503107498c20e9118c884244856df4ba0243df5bc5741a09e992171aa1a52
QC7,Q & M DENTAL GROUP (SINGAPORE) LIMITED,122,2026-01-09,2026-09-18,pantau,2,2,pantau,"Q & M melakukan akuisisi klinik dan investasi, serta mempertimbangkan penjualan anak usaha. Formulir pemegang saham besar dan lampiran utama setiap transaksi pemicu sudah diperiksa; tidak ada bukti pihak baru mengambil alih Q & M.",https://links.sgx.com/1.0.0/corporate-announcements/T19ECZR08OBDCMNB/891918_QM-Ann%20Arbor%20Acquisition%20Ann-10062026-CLN.pdf
QDIB,SUMITOMO CORPORATION,1,2026-03-04,2026-03-04,tidak_ada_petunjuk,0,0,tidak_ada_petunjuk,Satu dokumen adalah konfirmasi pencatatan surat utang US$500 juta jatuh tempo 2036. Tidak ada bahan perubahan kendali atau pengalihan bisnis penerbit.,
QDOB,HSBC INSTITUTIONAL TRUST SERVICES (SINGAPORE) LIMITED (IN ITS CAPACITY AS TRUSTEE OF AIMS APAC REIT),1,2026-01-21,2026-01-21,tidak_ada_petunjuk,0,0,tidak_ada_petunjuk,Satu dokumen adalah konfirmasi pencatatan sekuritas perpetual subordinasi AIMS APAC REIT S$150 juta. Tidak ditemukan transaksi bisnis atau perubahan pengendali.,
QELB,"MIRAE ASSET SECURITIES CO.,LTD.",1,2026-03-11,2026-03-11,tidak_ada_petunjuk,0,0,tidak_ada_petunjuk,Pengumuman berupa konfirmasi pencatatan obligasi senior dan tidak menunjukkan perubahan pengendali.,
QEPB,KOREA OCEAN BUSINESS CORPORATION,1,2026-04-27,2026-04-27,tidak_ada_petunjuk,0,0,tidak_ada_petunjuk,"Satu dokumen hanya mencatatkan obligasi senior tanpa jaminan US$300 juta. Tidak ada bukti transaksi saham, pembeli/penjual perusahaan, atau perubahan kendali.",
QES,CHINA SUNSINE CHEMICAL HOLDINGS LTD.,39,2026-02-14,2026-08-12,tidak_ada_petunjuk,0,0,tidak_ada_petunjuk,"Pengumuman pembaruan usaha, hasil, dan perubahan direktur telah ditelaah. Tidak ditemukan pembelian/penjualan saham penerbit, pendanaan akuisisi, atau perubahan arah usaha yang membuktikan perubahan kendali.",
QFLB,CK HUTCHISON INTERNATIONAL (21) LIMITED,2,2026-04-16,2026-04-16,transaksi_selesai,0,0,transaksi_selesai,"Penerbit melunasi seluruh notes bergaransi US$500 juta yang jatuh tempo 15 April 2026. Pelunasan utang selesai, bukan transaksi pengambilalihan atau perubahan kendali.",https://links.sgx.com/1.0.0/corporate-announcements/17ZGIRF320T6LDF3/884314_CKHI21_Redemption%20Announcement_2026.pdf
QFQB,"MITSUI SUMITOMO INSURANCE CO., LTD.",1,2026-03-05,2026-03-05,tidak_ada_petunjuk,0,0,tidak_ada_petunjuk,"Satu pengumuman adalah konfirmasi pencatatan obligasi EUR800 juta 3,460% jatuh tempo 2034. Tidak ada indikasi perubahan pengendalian atau transaksi bisnis penerbit.",
QJGB,SAN MIGUEL GLOBAL POWER HOLDINGS CORP.,1,2026-01-20,2026-01-20,tidak_ada_petunjuk,0,0,tidak_ada_petunjuk,Dokumen tunggal adalah konfirmasi pencatatan perpetual capital securities US$300 juta. Tidak ditemukan perubahan kendali penerbit atau transaksi bisnis dalam bahan.,
QJVB,DBS BANK LTD.,2,2026-03-26,2026-06-25,belum_cukup,0,0,belum_cukup,"Dokumen yang dibuka adalah konfirmasi pencatatan notes tingkat bunga mengambang GBP114 juta jatuh tempo 2027. Pengumuman tidak memuat transaksi saham atau bisnis penerbit, sehingga bahan ini sendiri belum cukup untuk penilaian kendali.",
QJWB,"MIZUHO FINANCIAL GROUP, INC.",2,2026-04-22,2026-04-22,tidak_ada_petunjuk,0,0,tidak_ada_petunjuk,Dua judul adalah pemberitahuan redemption awal wajib atas instrumen. Tidak ada petunjuk transaksi kendali penerbit dalam bahan yang diperiksa.,
QKGW,MACQUARIE BANK LIMITED,1,2026-07-29,2026-07-29,tidak_ada_petunjuk,0,0,tidak_ada_petunjuk,Dokumen hanya mengonfirmasi pencatatan waran indeks Hang Seng. Tidak ditemukan transaksi pada pengendalian atau usaha penerbit dalam bahan yang diperiksa.,
QLAB,NATIONAL STORAGE FINANCE PTY LTD,14,2026-02-10,2026-05-18,transaksi_selesai,4,1,penerbit_surat_utang_didelisting,"Skema akuisisi National Storage oleh Iridium SP BidCo dan trustee Iridium SP Bid Trust, yang dimiliki dana afiliasi Brookfield Asset Management dan GIC, efektif 21 April 2026. Pengumuman berikutnya menjelaskan proses hak tukar, penebusan seluruh catatan pada 9 Juni 2026, implementasi skema 8 Mei 2026, serta delisting; ini perubahan kendali yang selesai atas grup penerbit.",https://links.sgx.com/1.0.0/corporate-announcements/LQ2IFK9YPCX8TIP8/884884_NSR%20Notice%20-%20Change%20of%20Control%20Notice%20-%20Final.pdf
QMCB,"NOMURA HOLDINGS, INC",1,2026-06-30,2026-06-30,tidak_ada_petunjuk,0,0,tidak_ada_petunjuk,Satu dokumen mengonfirmasi pencatatan US$1 miliar senior fixed-rate notes Nomura jatuh tempo 2029. Tidak ada fakta transaksi bisnis atau pengendalian.,
QNBB,SUMITOMO CORPORATION,1,2026-03-04,2026-03-04,tidak_ada_petunjuk,0,0,tidak_ada_petunjuk,"Dokumen tunggal adalah konfirmasi pencatatan notes US$500 juta jatuh tempo 2031. Tidak ada transaksi saham, kendali, atau bisnis penerbit yang diungkapkan.",
QNS,SOUTHERN ALLIANCE MINING LTD.,15,2026-01-16,2026-06-30,pantau,2,2,pantau,"QNS menandatangani dua nota kesepahaman untuk peluang mineral tanah jarang dan eksplorasi di Malaysia; keduanya merupakan kerangka kerja kolaborasi, bukan akuisisi atau perubahan pengendali QNS. Dokumen juga mencatat akuisisi 40% MCRE Resources pada September 2025 sebagai perkembangan usaha sebelumnya, tanpa bukti kendali atas penerbit berubah.",https://links.sgx.com/1.0.0/corporate-announcements/Y05TDOSZCU0XZZYI/884695_SAM%20-%20Press%20Release%20-%20MOU%20with%20BCM.pdf
QNUB,PHISON ELECTRONICS CORPORATION,1,2026-05-26,2026-05-26,tidak_ada_petunjuk,0,0,tidak_ada_petunjuk,"Dokumen tunggal mengonfirmasi pencatatan obligasi konversi US$400 juta di pasar obligasi SGX, bukan transaksi perubahan kendali penerbit.",https://links.sgx.com/1.0.0/corporate-announcements/NGG3NICEUCPP94CD/771350c0aa3e8c7b08e3dc02ce443b172e6f79728efd37d118f44355ca6e6030
QPXB,OVERSEA-CHINESE BANKING CORPORATION LIMITED,1,2026-03-04,2026-03-04,tidak_ada_petunjuk,0,0,tidak_ada_petunjuk,Satu dokumen mengonfirmasi pencatatan surat utang subordinasi US$500 juta. Tidak ditemukan transaksi saham atau perubahan pengendalian pada bahan yang diperiksa.,
QRKB,THE KOREA DEVELOPMENT BANK,1,2026-09-14,2026-09-14,tidak_ada_petunjuk,0,0,tidak_ada_petunjuk,Satu dokumen adalah konfirmasi pencatatan notes berbunga tetap US$100 juta. Tidak ditemukan petunjuk perubahan kendali atau usaha penerbit.,
QRTB,"SHANGHAI PUDONG DEVELOPMENT BANK CO., LTD., HONG KONG BRANCH",1,2026-07-23,2026-07-23,tidak_ada_petunjuk,0,0,tidak_ada_petunjuk,"Satu pengumuman mengonfirmasi pencatatan surat utang CNY3 miliar, bunga 1,68%, jatuh tempo 2029. Tidak ada fakta perpindahan kendali atau akuisisi bisnis.",
QRZB,UNITED OVERSEAS BANK LIMITED,2,2026-09-15,2026-09-15,tidak_ada_petunjuk,0,0,tidak_ada_petunjuk,"Hanya pemberitahuan pelunasan dipercepat instrumen penerbit. Tidak ditemukan transaksi saham, bisnis, atau pengendalian pada bahan yang diperiksa.",
QS9,GLOBAL INVACOM GROUP LIMITED,69,2026-01-25,2026-09-08,pantau,2,2,pantau,"Rights issue sebagian dijamin selesai dan menghasilkan sekitar S$4,4 juta bersih untuk pengembangan serta modal kerja. Penjamin atau pihak yang dicarinya menutup 23.081.707 saham tidak terserap, tetapi dokumen menegaskan tidak ada alokasi yang menghasilkan perpindahan pengendalian; maka tidak ada bukti pengambilalihan penerbit.",https://links.sgx.com/1.0.0/corporate-announcements/CFNU1ERGPNKN8KS6/901387_Project%20Galaxy%20-%20Announcement_RI.pdf
QTQB,SAN MIGUEL GLOBAL POWER HOLDINGS CORP.,1,2026-06-17,2026-06-17,tidak_ada_petunjuk,0,0,tidak_ada_petunjuk,Dokumen hanya mengonfirmasi pencatatan sekuritas modal perpetual senior USD430 juta di SGX. Tidak ada bukti perubahan pengendali atau pengalihan bisnis penerbit.,
QTUB,CLIFFORD CAPITAL CREDIT SOLUTIONS PTE. LTD.,1,2026-01-13,2026-01-13,tidak_ada_petunjuk,0,0,tidak_ada_petunjuk,"Satu dokumen adalah konfirmasi pencatatan notes US$500 juta 4,037% hingga 2031. Tidak ditemukan transaksi pengendalian atau perubahan usaha.",
QUEB,BOC AVIATION LIMITED,1,2026-05-08,2026-05-08,tidak_ada_petunjuk,0,0,tidak_ada_petunjuk,Satu dokumen merupakan konfirmasi pencatatan notes CNY2 miliar. Tidak ada bukti perubahan kepemilikan atau pengendalian BOC Aviation dalam bahan yang diperiksa.,
QVOB,KEB HANA BANK,1,2026-01-30,2026-01-30,tidak_ada_petunjuk,0,0,tidak_ada_petunjuk,Arsip hanya memuat pencatatan surat utang berbunga mengambang US$50 juta. Tidak ditemukan dalam bahan yang diperiksa perubahan pengendalian atau bisnis penerbit.,
QWLB,BANK OF BARODA ACTING THROUGH ITS INTERNATIONAL FINANCIAL SERVICE CENTRE BANKING UNIT AT GIFT CITY,1,2026-08-20,2026-08-20,tidak_ada_petunjuk,0,0,tidak_ada_petunjuk,Satu pengumuman hanya mencatat surat utang US$300 juta Bank of Baroda di SGX. Tidak ditemukan transaksi kendali atau bisnis.,
QYMB,DBS BANK LTD.,3,2026-01-30,2026-07-29,tidak_ada_petunjuk,0,0,tidak_ada_petunjuk,Pembayaran kupon surat utang DBS; tidak ditemukan perubahan ekuitas atau kendali DBS.,
QYPB,THE BANK OF NOVA SCOTIA,1,2026-01-27,2026-01-27,belum_cukup,0,0,belum_cukup,Dokumen yang dibuka adalah konfirmasi pencatatan notes callable-puttable US$10 juta jatuh tempo Januari 2036. Tidak terdapat fakta transaksi saham atau bisnis penerbit pada bahan untuk kode ini; bahan tersebut belum cukup untuk penilaian kendali.,
QYUB,"Nomura Holdings, Inc.",1,2026-06-30,2026-06-30,tidak_ada_petunjuk,0,0,tidak_ada_petunjuk,Dokumen tunggal adalah konfirmasi pencatatan surat utang US$700 juta jatuh tempo 2031. Penerbitan utang ini tidak menyatakan perpindahan saham atau kendali penerbit.,
QZG,Accrelist Ltd.,45,2026-01-09,2026-09-15,pantau,2,2,pantau,Accrelist menandatangani term sheet tidak mengikat untuk membeli 51% bisnis estetika Tiongkok yang akan dibentuk serta kemudian mengusulkan penjualan kepentingan MClean Technologies Berhad. Term sheet membutuhkan perjanjian definitif; arsip tidak membuktikan penyelesaian akuisisi atau perubahan pengendali Accrelist.,
QZRB,SP GROUP TREASURY PTE. LTD.,1,2026-09-16,2026-09-16,tidak_ada_petunjuk,0,0,tidak_ada_petunjuk,Konfirmasi pencatatan obligasi SP Group Treasury S$180 juta hingga 2056; tidak ada transaksi kendali atau bisnis penerbit.,https://links.sgx.com/1.0.0/corporate-announcements/AOKT02ZR3EE5WN4O/6cbb7d10019713f9682e1efe1cab759ce2c57c4d1807a362ccbabc8b1dbdd0d1
R14,ENECO ENERGY LIMITED,34,2026-02-01,2026-08-27,pantau,2,2,pantau,"Eneco menandatangani transaksi usulan untuk membeli Fastweld dan kemudian properti 15 Gul Way melalui anak usaha; transaksi terakhir masih bersyarat pada persetujuan. Kenaikan kepemilikan yang tercatat tidak sendiri membuktikan perubahan pengendali Eneco, tetapi perubahan bisnis dan kepemilikan patut dipantau.",https://links.sgx.com/1.0.0/corporate-announcements/VTJLUNYLS3B3T649/873835_EEL%20-%20Announcement%20-%20MOU.pdf
R27B,DBS BANK LTD.,1,2026-06-26,2026-06-26,tidak_ada_petunjuk,0,0,tidak_ada_petunjuk,"Dokumen tunggal mencatat pelunasan pada jatuh tempo efek DBS Bank. Tidak ada petunjuk transaksi saham, bisnis, atau perubahan pengendali penerbit.",
R49B,SHINHAN BANK,1,2026-09-14,2026-09-14,tidak_ada_petunjuk,0,0,tidak_ada_petunjuk,Satu judul adalah pencatatan covered bonds hijau EUR600 juta; tidak ada pemicu transaksi kendali atau usaha.,
R93B,SINGAPORE TECHNOLOGIES TELEMEDIA PTE LTD,4,2026-06-03,2026-07-17,tidak_ada_petunjuk,0,0,tidak_ada_petunjuk,Empat dokumen adalah pemberitahuan pelunasan dipercepat dan pembatalan seri surat utang. Tidak ditemukan perubahan pengendali atau akuisisi bisnis penerbit pada bahan yang diperiksa.,
R98B,R98B · SRILANKAN AIRLINES LIMITED,9,2026-02-20,2026-03-20,tidak_ada_petunjuk,0,0,tidak_ada_petunjuk,"Pengumuman yang tersedia terkait instrumen SriLankan Airlines; tidak ditemukan perpindahan kendali, pendanaan ekuitas, atau transaksi bisnis penerbit SGX pada bahan yang diperiksa.",
RAYW,RAYW · FIRST SPONSOR GROUP LIMITED,9,2026-08-28,2026-08-28,pantau,1,1,pantau,Dokumen mencatat perubahan kepentingan tiga direktur/CEO dalam waran First Sponsor Group. Tidak ada pengumuman perubahan pemegang saham besar atau perubahan kendali penerbit.,
RBGB,RBGB · PSA TREASURY PTE. LTD.,1,2026-04-24,2026-04-24,pantau,0,0,pantau,"Dokumen dalam arsip berkaitan dengan instrumen utang, pembayaran kupon, atau warrant; tidak ada rangkaian perubahan pengendali penerbit yang terlihat dalam bahan yang diperiksa.",
RCEB,UNITED OVERSEAS BANK LIMITED,1,2026-01-21,2026-01-21,tidak_ada_petunjuk,0,0,tidak_ada_petunjuk,Satu dokumen hanya mengonfirmasi pencatatan surat utang modal perpetual UOB senilai agregat SGD850 juta. Tidak ada transaksi pengendalian atau perubahan bisnis yang diungkapkan.,
RCGB,MALAYAN BANKING BERHAD,3,2026-01-20,2026-07-21,tidak_ada_petunjuk,0,0,tidak_ada_petunjuk,Tiga pengumuman adalah pembayaran kupon obligasi Malayan Banking Berhad. Tidak ditemukan transaksi pengendali atau perubahan bisnis pada bahan yang diperiksa.,
RCU,ASIAN HEALTHCARE CAPITAL MANAGEMENT PTE. LTD. / penerbit RCU,16,2026-02-26,2026-08-12,tidak_ada_petunjuk,0,0,tidak_ada_petunjuk,"Laporan tahunan, rapat umum, dan hasil keuangan dibuka untuk menilai tag otomatis. Tidak ditemukan transaksi perubahan pengendali penerbit atau injeksi bisnis baru pada bahan yang diperiksa.",
RDR,INCREDIBLE HOLDINGS LTD.,46,2026-01-07,2026-09-19,pantau,4,3,nota_tidak_mengikat_tanpa_tindak_lanjut,"Incredible Holdings menandatangani nota tidak mengikat dengan JianQiao AI pada 6 Januari 2026 untuk menjajaki transaksi yang mungkin berupa pengambilalihan balik. Dokumen menyatakan belum ada keputusan, uji tuntas, perjanjian final, atau kewajiban pendanaan. Pinjaman terpisah S$500.000 dibatalkan pada Juni karena tidak ada uang diterima; hingga 19 September arsip tidak menunjukkan kelanjutan transaksi JianQiao.",https://links.sgx.com/1.0.0/corporate-announcements/8SPZG4IINYNJ5F63/871538_Incredible%20-%20Entry%20into%20a%20non-binding%20MOU.pdf
RE4,GEO ENERGY RESOURCES LIMITED,139,2026-01-08,2026-09-17,pantau,3,3,injeksi_aset_indonesia_oleh_pimpinan_lama_sudah_selesai,"Geo Energy menyelesaikan pembelian 51% PT Trans Maritim Pratama dan PT Bahari Segara Maritim pada 8 Januari. Sebanyak 275,196 juta saham imbalan diterbitkan kepada para penjual; pimpinan utama Charles Antonny Melati menerima 253,308 juta saham sehingga porsinya naik dari 18,18% menjadi 30,08%, setelah pemegang saham sebelumnya menyetujui pengecualian penawaran wajib. Dua penempatan 35 juta saham pada Maret dan April kemudian mengencerkan porsinya menjadi 28,87% tanpa mengubah jumlah sahamnya. Rencana membeli mayoritas tambang batu bara kokas Indonesia pada April masih pada tahap kesepakatan awal mengikat, uji tuntas, dan perjanjian final.",https://links.sgx.com/1.0.0/corporate-announcements/K1505YPZOYLYLLL4/871583_SGX%20Announcement%20on%20Completion%20and%20Share%20Issuance.pdf
REKB,THE EXPORT-IMPORT BANK OF KOREA,1,2026-08-21,2026-08-21,tidak_ada_petunjuk,0,0,tidak_ada_petunjuk,"Satu pengumuman mengonfirmasi pencatatan notes INR4,3 miliar. Tidak ditemukan transaksi pengendali atau bisnis.",
RFNB,BANK OF THE PHILIPPINE ISLANDS,5,2026-02-12,2026-03-19,tidak_ada_petunjuk,0,0,tidak_ada_petunjuk,"Lima dokumen adalah pemberitahuan dan hasil rapat umum Bank of the Philippine Islands. Tidak ditemukan transaksi saham pengendali, pendanaan ekuitas, atau perubahan usaha penerbit pada bahan diperiksa.",
RIBB,"DBS BANK LTD., AUSTRALIA BRANCH",3,2026-01-27,2026-07-24,tidak_ada_petunjuk,0,0,tidak_ada_petunjuk,"Tiga pengumuman adalah pembayaran kupon instrumen DBS Australia Branch. Tidak ditemukan transaksi pengendali, bisnis, atau pendanaan penerbit yang mengubah arah utama.",
RLGW,SG ISSUER,1,2026-05-27,2026-05-27,tidak_ada_petunjuk,0,0,tidak_ada_petunjuk,Pengumuman hanya mencatat pemicu mekanisme air bag untuk sertifikat leverage Micron. Tidak ada bukti transaksi perusahaan atau perubahan pengendali SG Issuer.,
RLRB,POSCO HOLDINGS INC.,2,2026-03-24,2026-03-24,tidak_ada_petunjuk,0,0,tidak_ada_petunjuk,"Arsip hanya memuat pemberitahuan umum dan sertifikat pejabat. Tidak ditemukan bukti transaksi bisnis, saham, utang yang mengubah kendali, atau perubahan arah usaha pada bahan yang diperiksa.",
RMWW,MACQUARIE BANK LIMITED,1,2026-01-05,2026-01-05,tidak_ada_petunjuk,0,0,tidak_ada_petunjuk,Pengumuman tunggal adalah pelaksanaan waran secara wajib. Tidak ditemukan pada bahan yang diperiksa transaksi pengendalian atau pembiayaan melalui perantara yang relevan.,
RPEW,SG ISSUER,1,2026-05-26,2026-05-26,tidak_ada_petunjuk,0,0,tidak_ada_petunjuk,Dokumen terkait dimulainya kembali perdagangan sertifikat leverage setelah mekanisme air-bag dipicu. Tidak ditemukan transaksi korporasi pada penerbit atau aset dasar dalam bahan yang diperiksa.,
RQ1,OVERSEAS EDUCATION LIMITED,22,2026-02-23,2026-08-14,tidak_ada_petunjuk,0,0,tidak_ada_petunjuk,"Judul yang diperiksa mencakup laporan keuangan, rapat tahunan, dividen, dan risalah. Laporan interim 30 Juni 2026 menunjukkan kegiatan sekolah serta pembiayaan/pelunasan bank biasa; tidak ditemukan transaksi saham, bisnis, atau perubahan pengendali pada bahan diperiksa.",
RQPB,CK HUTCHISON INTERNATIONAL (21) LIMITED,2,2026-04-16,2026-04-16,tidak_ada_petunjuk,0,0,tidak_ada_petunjuk,Dokumen adalah pengumuman pelunasan akhir instrumen utang. Tidak ditemukan transaksi perubahan kendali atau bisnis pada bahan yang diperiksa.,
RQSB,"BANCO ITAU CHILE, ACTING THROUGH ITAU CHILE NEW YORK BRANCH",1,2026-06-29,2026-06-29,pantau,0,0,pantau,Dokumen tunggal adalah konfirmasi pencatatan surat utang floating-rate US$10 juta. Tidak ada bukti perubahan kepemilikan atau kendali penerbit.,
RRJB,SINO-OCEAN GROUP HOLDING LIMITED,1,2026-03-24,2026-03-24,tidak_ada_petunjuk,0,0,tidak_ada_petunjuk,"Satu dokumen mengonfirmasi pencatatan obligasi konversi wajib tanpa kupon US$16,62 juta. Tidak ada perpindahan pengendalian atau akuisisi bisnis yang diungkapkan.",
RSIB,"BANCO ITAU CHILE, ACTING THROUGH ITAU CHILE NEW YORK BRANCH",1,2026-06-02,2026-06-02,tidak_ada_petunjuk,0,0,tidak_ada_petunjuk,Satu pengumuman adalah konfirmasi pencatatan surat utang berbunga mengambang US$10 juta jatuh tempo 2031.,
RTQB,HEETON HOLDINGS LIMITED,3,2026-07-02,2026-07-02,transaksi_selesai,1,1,transaksi_selesai,"Heeton menutup exchange offer atas notes S$53,8 juta yang jatuh tempo 2026 dan menerbitkan notes S$90 juta jatuh tempo 2030. Ini restrukturisasi pendanaan selesai, bukan transaksi saham atau pengambilalihan penerbit.",https://links.sgx.com/1.0.0/corporate-announcements/JVFSTXX0W7RV0JQ4/895149_20260702%20Heeton_Closing%20Announcement%20-%20final.pdf
RVRB,PT SARANA MULTI INFRASTRUKTUR (PERSERO),1,2026-05-13,2026-05-13,tidak_ada_petunjuk,0,0,tidak_ada_petunjuk,Arsip hanya memuat konfirmasi pencatatan notes PT Sarana Multi Infrastruktur; tidak ditemukan petunjuk transaksi pengendalian atau bisnis.,
RVXB,"RESONA BANK, LIMITED",1,2026-01-22,2026-01-22,tidak_ada_petunjuk,0,0,tidak_ada_petunjuk,Satu dokumen adalah konfirmasi pencatatan obligasi US$300 juta Resona Bank. Tidak ditemukan transaksi pengambilalihan atau perubahan pengendalian dalam bahan yang diperiksa.,
RWYB,"KOREAN AIR LINES CO., LTD",1,2026-08-11,2026-08-11,tidak_ada_petunjuk,0,0,tidak_ada_petunjuk,Satu dokumen adalah konfirmasi pencatatan surat utang senior terjamin. Tidak ditemukan petunjuk transaksi bisnis atau perubahan pengendali.,
RXS,PACIFIC RADIANCE LTD.,20,2026-01-19,2026-05-25,tidak_ada_petunjuk,0,0,tidak_ada_petunjuk,"Selain pelaksanaan waran, arsip tanpa kode yang cocok persis dengan penerbit mencatat likuidasi sukarela dua usaha patungan dan pengungkapan transaksi sesuai Aturan 706A. Tidak ditemukan pembeli saham Pacific Radiance, penerbitan untuk pengendali baru, atau peralihan bisnis utama penerbit dalam bahan yang diperiksa.",
RXZB,BRIGHT GALAXY INTERNATIONAL LIMITED,5,2026-04-20,2026-05-21,tidak_ada_petunjuk,1,1,tidak_ada_petunjuk,Bright Galaxy mencatatkan obligasi terjamin US$350 juta dan laporan keuangan mencatat Beijing Capital Development Holding (Group) sebagai pihak pengendali terakhir grup. Bahan ini tidak menyebut transaksi yang mengubah pengendali.,https://links.sgx.com/1.0.0/corporate-announcements/DLHAZUZSST5026FK/33311342f4e8d8c979a92b30fbe12a421b44a97defb335b5b82e7ba7588ec214
RYNW,MACQUARIE BANK LIMITED,1,2026-01-29,2026-01-29,tidak_ada_petunjuk,0,0,tidak_ada_petunjuk,Satu pengumuman adalah pelaksanaan waran wajib. Tidak ada bahan perubahan pengendali atau bisnis penerbit.,
RZPB,RZPB · PT PERTAMINA (PERSERO),21,2026-04-17,2026-07-09,tidak_ada_petunjuk,0,0,tidak_ada_petunjuk,"Seluruh dokumen adalah pengurangan nilai nominal melalui penebusan sebagian instrumen PT Pertamina. Tidak ditemukan dalam bahan yang diperiksa transaksi saham, bisnis, atau perubahan pengendali.",
S07,SHANGRI-LA ASIA LIMITED,86,2026-01-02,2026-09-04,tidak_ada_petunjuk,1,1,tidak_ada_petunjuk,Lampiran pengumuman luar negeri dan perubahan anggaran dasar yang ditandai telah diperiksa bersama pengungkapan saham bulanan. Tidak ditemukan pada bahan yang diperiksa perpindahan pengendali Shangri-La Asia atau pembelian sahamnya melalui perantara.,
S08,SINGAPORE POST LIMITED,50,2026-02-24,2026-08-25,transaksi_selesai,2,2,transaksi_selesai,"Singapore Post melaporkan penyelesaian pelepasan properti dan laporan keuangan juga menyatakan pelepasan bisnis pengiriman barang telah selesai. Peristiwa ini adalah divestasi aset/bisnis oleh emiten, bukan bukti pengambilalihan atau perubahan pengendalian Singapore Post.",https://links.sgx.com/1.0.0/corporate-announcements/S5F2ZQYW2C53FKA8/888742_SGXNetResultsFY2026.pdf
S19,SINGAPORE SHIPPING CORPORATION LIMITED,120,2026-02-05,2026-09-16,belum_cukup,0,0,belum_cukup,"Lampiran yang dibuka mencatat penunjukan seorang direktur independen dan susunan dewan setelahnya; Executive Chairman dan CEO yang disebut tetap Ow Chio Kiat dan Ow Yew Heng. Lampiran kepentingan direktur berulang belum ditelaah tuntas, sehingga tidak diberikan hasil negatif menyeluruh.",https://links.sgx.com/1.0.0/corporate-announcements/I7TVVQK48K8XVMOV/898064_20260731%20SSC%20-%20Changes%20to%20Board%20Composition.pdf
S20,THE STRAITS TRADING COMPANY LIMITED,19,2026-04-05,2026-06-26,pantau,1,1,pantau,"Lampiran transaksi tambahan yang tepat-nama telah dibuka: penjualan properti Korea dan penyelesaiannya, perubahan entitas anak menurut Rule 706A, serta perubahan kepemilikan pemegang saham substansial. Rangkaian ini berupa pengelolaan aset dan kepemilikan lama; tidak ada bukti pada bahan yang dibuka bahwa pengendalian S20 berpindah.",
S23,SINGAPURA FINANCE LTD,27,2026-01-20,2026-08-07,belum_cukup,1,1,belum_cukup,"Terdapat perubahan kepentingan pengurus dan harta peninggalan pemegang saham substansial, tetapi judul tidak menunjukkan pembeli, penjual, persentase akhir, atau kendali. Dokumen terkait telah diperiksa dalam bundel pengumuman penuh.",
S27,STATE STREET SPDR S&P 500 ETF TRUST,11,2026-03-04,2026-09-17,tidak_ada_petunjuk,0,0,tidak_ada_petunjuk,"Pengumuman berupa distribusi triwulanan, dividen, dan laporan dana SPDR S&P 500 ETF Trust. Tidak ditemukan transaksi pengendalian atau arah usaha baru pada bahan yang diperiksa.",
S29,STAMFORD TYRES CORPORATION LIMITED,26,2026-06-25,2026-09-18,pantau,1,1,pantau,"Laporan tahunan, AGM, dan EGM telah diperiksa. EGM menyetujui award saham hingga 300.000 untuk Dr Wee Li Ann; ini insentif pihak terkait, bukan bukti perpindahan kendali Stamford Tyres.",
S2D,TOSEI CORPORATION,54,2026-01-06,2026-08-19,tidak_ada_petunjuk,1,1,tidak_ada_petunjuk,"Tender Tosei melalui TAA untuk SANKEI Real Estate gagal karena ambang minimum tidak tercapai. Lampiran pelepasan saham treasuri, laporan tata kelola, laporan tahunan, dan laporan hasil yang ditandai telah diperiksa; tidak menunjukkan perubahan pengendali Tosei.",https://links.sgx.com/1.0.0/corporate-announcements/9QALVJTHF54JPHP0/871358_Notice%20Regarding%20the%20Commencement%20of%20a%20Tender%20Offer%20for%20Investment%20Units%20of%20SANKEI%20REAL%20ESTATE%20Inc.%20by%20Funds%20Managed%20by%20TAA.pdf
S35,SING INVESTMENTS & FINANCE LIMITED,21,2026-02-23,2026-08-04,tidak_ada_petunjuk,0,0,tidak_ada_petunjuk,"Laporan tahunan yang ditandai telah dibuka. Bersama judul laporan, presentasi, dan rapat lain, tidak ditemukan transaksi pengendalian atau pembelian/penjualan bisnis dalam bahan arsip yang diperiksa.",
S3N,GRC LIMITED,26,2026-01-28,2026-08-14,tidak_ada_petunjuk,0,0,tidak_ada_petunjuk,"Dokumen pemicu berisi perolehan kontrak pekerjaan sipil dan perubahan alamat kantor/registrar. Tidak ditemukan pembiayaan, perpindahan saham, atau perubahan bisnis yang menunjukkan perubahan pengendali dalam bahan yang diperiksa.",https://links.sgx.com/1.0.0/corporate-announcements/HRZS9W44ZJ4692IO/890179_GRC%20-%20Annt%20-%20Award%20of%20Contract%20by%20HDB%20for%20Major%20Infra%20work%20at%20Sembawang%20Contract%202.pdf
S41,HONG LEONG FINANCE LIMITED,27,2026-02-13,2026-08-07,pantau,1,1,pantau,"Davos Investment Holdings melaporkan kenaikan kepentingan tidak langsung dari 46,03% menjadi 46,272% setelah perpindahan saham di dalam kelompok Hong Leong. Dokumen menyatakan tidak ada perubahan tingkat kepentingan Davos akibat transaksi; tidak ada bukti pengendali baru.",https://links.sgx.com/1.0.0/corporate-announcements/FHL9TN3M3A8YB3NQ/877681__eFORM3V2%20-%20Davos.pdf
S44,ENGRO CORPORATION LIMITED,40,2026-02-26,2026-09-16,pantau,1,1,pantau,"EnGro menghadapi perkara likuidasi pada anak usaha, membeli saham di EnGro (Asia) Pte. Ltd., dan melakukan restrukturisasi internal. Ini tindakan pada anak usaha dan bukan bukti kendali EnGro Corporation berpindah.",
S45U,SINGAPORE INDEX FUND,200,2026-01-02,2026-09-18,tidak_ada_petunjuk,0,0,tidak_ada_petunjuk,"Mayoritas dokumen adalah nilai aset bersih harian Singapore Index Fund. Dokumen substansial September 2026 hanya memperbarui akta perwalian, prospektus, cara pembayaran, dan biaya realisasi; tidak ada perubahan pengendali atau arah investasi yang menunjukkan transaksi perusahaan.",
S56,SAMUDERA SHIPPING LINE LTD,95,2026-01-14,2026-08-24,transaksi_selesai,1,1,transaksi_selesai,"Samudera melakukan pembelian perusahaan Crest10 dan transaksi kapal, termasuk penyelesaian penjualan dua kapal kimia. Rangkaian ini adalah perubahan portofolio operasi oleh emiten, bukan bukti saham Samudera atau pengendalinya berpindah.",https://links.sgx.com/1.0.0/corporate-announcements/EODV4AO2FIW9YJEG/891883_COMPLETION%20OF%20DISPOSAL%20OF%20CHEMICAL%20TANKER.pdf
S58,SATS LTD.,71,2026-01-06,2026-08-14,transaksi_selesai,1,1,transaksi_selesai,SATS menyelesaikan pembelian tambahan 40% Nanjing Weizhou Airline Food dari Luo Bo pada 30 Juni; kepemilikan SATS menjadi 90%. Notifikasi BlackRock tanpa kode yang terhubung juga diperiksa: perubahan kepentingan sekitar ambang 5% berasal dari perubahan saham jaminan dan tidak membuktikan perubahan pengendali SATS.,https://links.sgx.com/1.0.0/corporate-announcements/NLORJKZKDD2N8LR9/887757_SGXAnn_Proposed%20Acquisition%20of%20Shares%20in%20NWA.pdf
S59,SIA ENGINEERING COMPANY LIMITED,97,2026-02-04,2026-09-18,transaksi_selesai,1,1,transaksi_selesai,SIAEC melalui anak usaha menyelesaikan akuisisi 30% Arport AME di Fujian. Lampiran transaksi aset tambahan juga dibuka; keduanya merupakan ekspansi usaha/anak usaha dan tidak membuktikan perubahan pengendali atas SIAEC.,
S61,SBS TRANSIT LTD.,43,2026-01-15,2026-08-13,tidak_ada_petunjuk,0,0,tidak_ada_petunjuk,"Laporan tahunan, perubahan susunan dewan, program saham karyawan, dan pembaruan usaha diperiksa. Tidak ditemukan penjualan/pembelian saham pengendali, pembiayaan melalui perantara, atau perubahan arah usaha yang menunjukkan pengambilalihan penerbit.",https://links.sgx.com/1.0.0/corporate-announcements/1PR80OSRTVAZE5YM/885241_SBST%20-%2020260423%20-%20Changes%20to%20the%20Board%20and%20Board%20Committees.pdf
S63,SINGAPORE TECHNOLOGIES ENGINEERING LTD,155,2026-01-02,2026-09-18,tidak_ada_petunjuk,0,0,tidak_ada_petunjuk,"Rangkaian transaksi aset, kepentingan pemegang saham, dan laporan tahunan telah dibuka bersama lampiran utamanya. Tidak ditemukan bukti pengambilalihan atau perubahan pengendali Singapore Technologies Engineering dalam bahan yang diperiksa.",
S68,Singapore Exchange Limited,161,2026-01-05,2026-09-15,tidak_ada_petunjuk,0,0,tidak_ada_petunjuk,"Lampiran transaksi dan pengumuman kebijakan pasar telah diperiksa, termasuk penjualan 100% Scientific Beta kepada Stoxx dan pengungkapan BlackRock sebagai pemegang saham substansial. Penjualan itu adalah penataan portofolio; tidak ada bukti perpindahan pengendali Singapore Exchange Limited dalam bahan yang diperiksa.",
S69,SERIAL SYSTEM LTD,110,2026-01-14,2026-08-19,pantau,2,2,pantau,"Subscription UFCT pada anak usaha Serial Achieva selesai; dokumen pembukaan, pembaruan, MOU, serta pelepasan anak usaha telah dibuka. Bukti tidak menunjukkan perubahan pengendali Serial System Ltd.",
S71,SUNRIGHT LIMITED,3,2026-03-13,2026-03-13,tidak_ada_petunjuk,0,0,tidak_ada_petunjuk,"Laporan setengah tahunan mencatat pelepasan tanah/bangunan dan peralatan dalam kegiatan operasi, bukan penjualan penerbit atau anak usaha pengendali. Tidak ditemukan pada bahan yang diperiksa perubahan pengendalian atau transaksi injeksi bisnis.",https://links.sgx.com/1.0.0/corporate-announcements/0KVY6KRU26ZUATP7/878314_SR_1HFY2026_Results_Annt.pdf
S7OU,APTT MANAGEMENT PTE. LIMITED,58,2026-01-02,2026-09-18,tidak_ada_petunjuk,0,0,tidak_ada_petunjuk,"Hasil, laporan tahunan, perubahan manajemen, pengelolaan utang, serta penerbitan saham TBC kepada DaDa telah diperiksa. Penerbitan 12,73% pada anak usaha TBC bukan bukti perpindahan pengendalian APTT atau Trustee-Manager dalam bahan yang diperiksa.",
S85,STRACO CORPORATION LIMITED,38,2026-02-13,2026-09-01,tidak_ada_petunjuk,0,0,tidak_ada_petunjuk,"Pada bahan yang diperiksa, pembaruan usaha Straco hanya menjelaskan operasi wisata dan kondisi keuangan. Catatan tanpa kode tentang perubahan wakil hukum anak usaha di China diperlakukan sebagai bukti penerbit terpisah, bukan kronologi efek S85 dan bukan bukti perubahan kendali Straco.",
S9B,AMCORP GLOBAL LIMITED,28,2026-05-28,2026-08-28,transaksi_selesai,1,1,transaksi_selesai,"Pengumuman yang terpicu meliputi laporan perubahan anak usaha, saham program karyawan, dan likuidasi sukarela anak usaha. Tidak ditemukan perpindahan pengendali Amcorp atau masuknya bisnis baru ke penerbit dalam bahan yang diperiksa.",
SAKB,QBE INSURANCE GROUP LIMITED,1,2026-06-17,2026-06-17,tidak_ada_petunjuk,0,0,tidak_ada_petunjuk,Satu dokumen mengonfirmasi pencatatan notes subordinasi EUR500 juta. Tidak ada petunjuk transaksi pengendalian atau perubahan bisnis penerbit pada bahan diperiksa.,
SAOB,HEETON HOLDINGS LIMITED,6,2026-06-11,2026-06-24,tidak_ada_petunjuk,0,0,tidak_ada_petunjuk,"Rangkaian yang diperiksa adalah penawaran pertukaran dan penerbitan tambahan surat utang Heeton. Tidak ditemukan transaksi saham, aset, atau perubahan kendali dalam bahan yang diperiksa.",
SBLB,FRASERS PROPERTY TREASURY PTE. LTD.,1,2026-08-28,2026-08-28,tidak_ada_petunjuk,0,0,tidak_ada_petunjuk,Satu pengumuman adalah konfirmasi pencatatan notes S$150 juta jatuh tempo 2036. Tidak ada transaksi pengendali atau bisnis yang diungkapkan.,
SBO,LION GLOBAL INVESTORS LIMITED,4,2026-03-24,2026-06-26,tidak_ada_petunjuk,0,0,tidak_ada_petunjuk,Dokumen yang tersedia hanya pembagian pendapatan ETF LionGlobal Short Duration Bond Fund. Tidak ditemukan transaksi pengendalian penerbit atau dana dalam bahan yang diperiksa.,
SBRB,"NXERA PHARMA CO., LTD.",6,2026-02-13,2026-08-07,transaksi_selesai,1,1,transaksi_selesai,Fakta: hasil kuartal pertama menyebut Nxera mengambil kepentingan ekuitas pada perusahaan ventura yang baru dibentuk bersamaan dengan perjanjian lisensi program obat. Dokumen yang dibuka tidak membuktikan perubahan pengendali Nxera.,
SCEW,MACQUARIE BANK LIMITED,1,2026-01-30,2026-01-30,tidak_ada_petunjuk,0,0,tidak_ada_petunjuk,"Ini waran City Developments yang dibayar tunai saat kedaluwarsa, bukan transaksi kendali Macquarie Bank. Tidak ditemukan petunjuk relevan pada bahan yang diperiksa.",
SCIB,"HOKKAIDO ELECTRIC POWER COMPANY, INCORPORATED",2,2026-01-30,2026-01-30,tidak_ada_petunjuk,0,0,tidak_ada_petunjuk,Pengumuman berisi hasil sembilan bulan Hokkaido Electric untuk obligasi yang tercatat. Tidak ditemukan transaksi kendali atau bisnis dalam bahan diperiksa.,
SCXB,Penerbit instrumen SCXB,6,2026-04-14,2026-04-24,tidak_ada_petunjuk,0,0,tidak_ada_petunjuk,"Enam judul yang diperiksa tidak menunjukkan transaksi saham, aset, bisnis, atau perubahan kendali. Tidak ditemukan petunjuk dalam bahan arsip yang diperiksa.",
SCY,SCY · CSOP ASSET MANAGEMENT PTE. LTD.,41,2026-01-02,2026-09-18,tidak_ada_petunjuk,0,0,tidak_ada_petunjuk,Rangkaian pengumuman berisi nilai aset bersih unit serta penggantian pembuat pasar. Tidak ditemukan transaksi pengendalian atau perubahan bisnis penerbit pada bahan arsip yang diperiksa.,
SDAB,"DBS BANK LTD., AUSTRALIA BRANCH",3,2026-02-13,2026-08-14,tidak_ada_petunjuk,0,0,tidak_ada_petunjuk,Arsip berisi pencatatan obligasi DBS Australia dan pembayaran kupon. Tidak ada perubahan pengendalian dalam bahan yang diperiksa.,
SEB,STONEWEG EREIT MANAGEMENT PTE. LTD.,8,2026-01-02,2026-04-01,tidak_ada_petunjuk,0,0,tidak_ada_petunjuk,Delapan pengumuman adalah pemberitahuan pembelian kembali unit harian Stoneweg European REIT. Tidak ditemukan perpindahan pengendali atau transaksi bisnis dalam bahan yang diperiksa.,
SEG,CONCORD NEW ENERGY GROUP LIMITED,138,2026-01-05,2026-09-08,pantau,2,2,pantau,"Concord melakukan pelepasan perusahaan proyek serta pembelian peralatan penyimpanan dan fotovoltaik. Semua pengumuman transaksi utama telah dibuka; ini transaksi aset dan proyek, bukan bukti perubahan pengendali Concord.",
SEJ,NOONTALK MEDIA LIMITED,34,2026-02-12,2026-09-04,transaksi_selesai,2,2,transaksi_selesai,"NoonTalk menyelesaikan konversi pinjaman direktur S$1,8 juta menjadi 16.363.636 saham untuk Dasmond Koh, yang telah tercatat memegang 62,55% sebelum transaksi. Ini memperkuat modal dan kepemilikan pengendali yang sudah ada, bukan bukti pengambilalihan baru; nota kesepahaman dengan Neusoft hanya tidak mengikat.",https://links.sgx.com/1.0.0/corporate-announcements/TGPZ140WK0U1T9W1/888639_NoonTalk%20Media%20announcement%20-%20Proposed%20Capitalisation_final.pdf
SES,SHANAYA LIMITED,68,2026-01-06,2026-08-13,tidak_ada_petunjuk,0,0,tidak_ada_petunjuk,"Anak usaha Shanaya menandatangani term sheet untuk membeli 60% Hup Lee Leong Enviro dari lima penjual, tetapi term sheet dihentikan secara bersama setelah uji tuntas dan syarat pendahuluan tidak terpenuhi. Pengungkapan 8 Januari dan 6 Mei menunjukkan pasangan pemegang saham besar menerima saham program karyawan; tidak ada pembeli pengendali baru.",https://links.sgx.com/1.0.0/corporate-announcements/FY9A2K4AA9FIOGXL/872029_Shanaya%20-%20Entry%20into%20Binding%20Term%20Sheet%20for%20Proposed%20Acquisition_HLL.pdf
SET,STONEWEG EREIT MANAGEMENT PTE. LTD. (manager Stoneweg Europe Stapled Trust),124,2026-01-02,2026-09-18,tidak_ada_petunjuk,1,1,tidak_ada_petunjuk,"Lampiran akuisisi, divestasi dan penyelesaian divestasi aset, investasi dana data center sponsor, laporan tahunan, serta hasil semester telah diperiksa. Semuanya menggambarkan daur ulang portofolio dan transaksi tingkat aset/dana; laporan tahunan menyatakan SWI Group memegang 28% dan memiliki manager, tetapi tidak mengungkap perpindahan kendali SERT pada periode arsip.",https://links.sgx.com/1.0.0/corporate-announcements/DNSFKIZX3LRYFT43/878395_SERT_Acquisition_TheNetherlands_16Mar2026.pdf
SFQB,MACQUARIE GROUP LIMITED,3,2026-01-23,2026-07-22,tidak_ada_petunjuk,0,0,tidak_ada_petunjuk,Ketiga dokumen adalah jadwal pembayaran kupon surat utang Macquarie Group. Tidak ditemukan perubahan pengendali atau bisnis penerbit dalam bahan yang diperiksa.,
SGFB,HSBC INSTITUTIONAL TRUST SERVICES (SINGAPORE) LIMITED (IN ITS CAPACITY AS TRUSTEE OF AIMS APAC REIT),4,2026-07-31,2026-09-01,transaksi_selesai,1,1,transaksi_selesai,"Pada 1 September 2026 penerbit telah membayar harga penebusan dan berhasil menebus seluruh perpetual securities Seri 003 S$250 juta; surat utang akan dibatalkan dan dihapus dari bursa. Ini penebusan instrumen, bukan bukti perpindahan kendali unit dana.",https://links.sgx.com/1.0.0/corporate-announcements/HUVHVFR579D3F82G/903173_Announcement%20-%20Series%20003%20redemption.pdf
SGR,SHEFFIELD GREEN LTD.,19,2026-02-12,2026-08-27,tidak_ada_petunjuk,0,0,tidak_ada_petunjuk,"Sheffield Green mengakhiri opsi beli dan hak penolakan pertama atas Sheffield Green Services SAS yang sebelumnya dipindahkan ke pihak terkait. Opsi belum pernah dilaksanakan; dokumen menyebut isu kepatuhan dan hilangnya peluang energi terbarukan di Prancis, sehingga tidak ada transaksi akuisisi yang selesai.",https://links.sgx.com/1.0.0/corporate-announcements/9SOP411PQ5CKTEQE/897652_SGL%20Announcement%20Termination%20of%20Call%20Option%20and%20ROFR%20Deed.pdf
SHD,CSOP INVESTMENTS III VCC,39,2026-01-02,2026-09-18,tidak_ada_petunjuk,0,0,tidak_ada_petunjuk,Mayoritas dokumen adalah nilai aset bersih mingguan unit dana; satu pengumuman mencatat perubahan nama dana. Tidak ada bukti pengalihan kendali unit atau pengelola pada bahan yang diperiksa.,
SHE,SHE · SOON HOCK ENTERPRISE HOLDING LIMITED,52,2026-01-19,2026-08-17,transaksi_selesai,1,1,transaksi_selesai,"Soon Hock menyelesaikan penjualan dua unit properti di 8 Kaki Bukit Avenue 4. Ini pelepasan aset, bukan bukti pengambilalihan atau perubahan pengendali emiten.",
SHQB,UNITED OVERSEAS BANK LIMITED,2,2026-09-15,2026-09-15,tidak_ada_petunjuk,0,0,tidak_ada_petunjuk,Dokumen mencatat pelunasan lebih awal surat utang UOB. Tidak ditemukan transaksi pengendalian atau perubahan bisnis penerbit dalam bahan yang diperiksa.,
SJY,MEGROUP LTD.,34,2026-03-16,2026-08-25,tidak_ada_petunjuk,1,1,tidak_ada_petunjuk,"MEGroup mengumumkan usulan membeli dua unit properti komersial di Klang. Ini pembelian aset oleh penerbit, bukan bukti pengambilalihan penerbit atau perubahan pengendalinya; pengungkapan kepentingan pemegang saham dan laporan tahunan tidak memberikan bukti sebaliknya.",https://links.sgx.com/1.0.0/corporate-announcements/Y247Y384BFQCXI62/887661_MeGroup_Chapter%2010%20Announcement_Acquisition%20of%20Commercial%20Properties_Final.pdf
SMYB,HOUSING AND DEVELOPMENT BOARD,2,2026-03-23,2026-03-23,tidak_ada_petunjuk,0,0,tidak_ada_petunjuk,Dua dokumen adalah pemberitahuan kupon obligasi HDB. Tidak ditemukan petunjuk perubahan kendali dalam bahan yang diperiksa.,
SOMB,SOMB · REPUBLIC OF INDONESIA,1,2026-01-21,2026-01-21,tidak_ada_petunjuk,0,0,tidak_ada_petunjuk,"Satu dokumen adalah konfirmasi pencatatan obligasi Republik Indonesia. Tidak ditemukan dalam bahan yang diperiksa transaksi saham, bisnis, atau perubahan pengendali.",
SPNB,OVERSEA-CHINESE BANKING CORPORATION LIMITED,1,2026-08-26,2026-08-26,tidak_ada_petunjuk,0,0,tidak_ada_petunjuk,Satu dokumen adalah konfirmasi pencatatan covered bonds GBP1 miliar jatuh tempo 2029. Tidak ada transaksi pengendalian atau bisnis yang diungkapkan.,
SPTW,MACQUARIE BANK LIMITED,1,2026-06-12,2026-06-12,tidak_ada_petunjuk,0,0,tidak_ada_petunjuk,"Satu judul adalah pelaksanaan waran wajib. Tidak tersedia petunjuk transaksi pengendalian, pembiayaan, atau perubahan bisnis penerbit.",
SQPB,HKT CAPITAL NO. 5 LIMITED,4,2026-04-23,2026-04-23,tidak_ada_petunjuk,0,0,tidak_ada_petunjuk,Surat dan laporan keuangan konsolidasian menunjukkan HKT Capital No. 5 menerbitkan notes yang dijamin HKT Group Holdings dan Hong Kong Telecommunications. Tidak ditemukan transaksi perubahan pengendali atau masuknya bisnis baru dalam bahan yang diperiksa.,
SRFB,KOREA NATIONAL OIL CORPORATION,6,2026-02-06,2026-05-20,tidak_ada_petunjuk,0,0,tidak_ada_petunjuk,"Seluruh dokumen adalah pembayaran kupon. Tidak ditemukan transaksi kendali, bisnis, atau pendanaan baru pada bahan yang diperiksa.",
SRQB,"WT MICROELECTRONICS CO., LTD.",13,2026-04-21,2026-09-08,tidak_ada_petunjuk,0,0,tidak_ada_petunjuk,"Arsip memuat laporan tahunan serta pemberitahuan periode tertutup, dividen, dan penyesuaian harga konversi obligasi. Tidak ditemukan pembelian/penjualan saham pengendali atau perubahan arah utama WT Microelectronics dalam bahan yang diperiksa.",
SRT,CSOP ASSET MANAGEMENT PTE. LTD.,13,2026-01-09,2026-07-10,tidak_ada_petunjuk,0,0,tidak_ada_petunjuk,"Seluruh dokumen berupa pengumuman distribusi dividen ETF CSOP iEdge S-REIT Leaders. Tidak ditemukan transaksi pengendali, pembelian bisnis, atau perubahan arah usaha penerbit.",
STC,COMBA TELECOM SYSTEMS HOLDINGS LIMITED,158,2026-01-06,2026-09-11,pantau,1,1,pantau,Comba menyatakan niat pembelian kembali saham di pasar dan membuat perjanjian transaksi berkelanjutan dengan pihak terkait. Tidak ada dokumen yang menunjukkan pembeli baru atau perubahan pengendali penerbit pada bahan yang diperiksa.,
STG,SRI TRANG GLOVES (THAILAND) PUBLIC COMPANY LIMITED,140,2026-01-05,2026-09-17,pantau,1,1,pantau,"Sri Trang Gloves melaporkan program pembelian kembali saham dan penyelesaiannya, serta perubahan kepemilikan pemegang saham individual. Tidak ditemukan bukti tawaran atau transaksi pengendalian atas emiten dalam arsip.",
SUN,CSOP INVESTMENTS III VCC,40,2026-01-15,2026-09-18,tidak_ada_petunjuk,0,0,tidak_ada_petunjuk,"Dokumen memuat pencatatan produk dana, penunjukan pembuat pasar, pengesampingan aturan, dan nilai aktiva bersih mingguan. Tidak ditemukan perpindahan pengendalian dana atau manajer dalam bahan yang diperiksa.",
SWWB,SWWB · HPHT FINANCE (26) LIMITED,1,2026-08-27,2026-08-27,tidak_ada_petunjuk,0,0,tidak_ada_petunjuk,Dokumen yang tersedia mengonfirmasi pencatatan surat utang HPHT Finance. Tidak ditemukan petunjuk perubahan kendali penerbit SGX pada bahan arsip yang diperiksa.,
SWZB,MALAYAN BANKING BERHAD,3,2026-01-20,2026-07-21,tidak_ada_petunjuk,0,0,tidak_ada_petunjuk,"Ketiga pengumuman adalah pembayaran kupon wajib. Tidak ada pengumuman transaksi kendali, saham, atau perubahan bisnis pada bahan yang diperiksa.",
SXIB,UNITED OVERSEAS BANK LIMITED,4,2026-02-13,2026-03-16,tidak_ada_petunjuk,0,0,tidak_ada_petunjuk,Seluruh judul diperiksa. Arsip memuat pemberitahuan pelunasan dini obligasi subordinasi; tidak menunjukkan perubahan kendali bank penerbit.,
SXLB,CENTURION CORPORATION LIMITED,1,2026-09-01,2026-09-01,belum_cukup,0,0,belum_cukup,Arsip hanya memperlihatkan konfirmasi pencatatan surat utang keberlanjutan S$200 juta. Tidak ada dasar dari judul untuk menilai perubahan kendali.,
SXVB,WOORI BANK,1,2026-08-26,2026-08-26,tidak_ada_petunjuk,0,0,tidak_ada_petunjuk,Satu dokumen mengonfirmasi pencatatan obligasi mengambang AUD55 juta jatuh tempo 2029. Tidak ada bukti perubahan pengendali atau transaksi bisnis Woori Bank dalam bahan diperiksa.,
T09,TT INTERNATIONAL LIMITED,5,2026-01-27,2026-03-27,transaksi_selesai,0,0,transaksi_selesai,"Pengadilan memerintahkan likuidasi TT International dan menunjuk likuidator; SGX kemudian tidak keberatan atas penghapusan pencatatan tanpa exit offer karena perusahaan insolven. Ini penutupan perusahaan, bukan transaksi pengambilalihan.",https://links.sgx.com/1.0.0/corporate-announcements/L6KTT8HI7DQXIS4W/873297_SGX%20Announcement%20-%20Winding%20Up%20Order%20n%20Appointment%20of%20Liquidator%20-%20270126.pdf
T12,TAT SENG PACKAGING GROUP LTD,42,2026-01-21,2026-09-18,transaksi_selesai,1,1,transaksi_selesai,"Tat Seng menyelesaikan pembelian bisnis, aset, dan liabilitas United Packaging Industries Pte. Ltd. senilai S$7.928.396, dengan penyesuaian neraca; UPI kemudian tidak aktif. Ini akuisisi bisnis oleh penerbit, bukan bukti perubahan kendali Tat Seng.",https://links.sgx.com/1.0.0/corporate-announcements/3OX4WYVCWW0JQR2K/881245_Announcement_Completion%20of%20the%20Proposed%20Business%20Transfer%20of%20United%20Packaging%20Industries%20Pte.%20Ltd..pdf
T13,RH PETROGAS LIMITED,65,2026-01-24,2026-09-10,pantau,2,2,pantau,"Administrasi harta mendiang Tan Sri Datuk Sir Tiong Hiew King—yang kepentingannya terutama dipegang melalui entitas pemegang investasi pengendali—masih berjalan. Perusahaan belum diberi tahu perubahan kepemilikan; transmisi saham kepada ahli waris dapat mengubah pengendali, tetapi belum selesai dalam arsip.",https://links.sgx.com/1.0.0/corporate-announcements/IGFYW4WQFD24THSU/877424_RHPL%20Pending%20Estate%20Administration%20of%20CS%204Mar2026.pdf
T14,TIANJIN PHARMACEUTICAL DA REN TANG GROUP CORPORATION LIMITED,141,2026-01-12,2026-09-07,transaksi_selesai,1,1,transaksi_selesai,"JinYao Global, anak usaha milik penuh TPH, menjalankan rencana peningkatan saham-S dan kepemilikan TPH naik dari 42,997% menjadi 43,091%. Lima lampiran tambahan yang dibuka adalah transaksi pihak berkepentingan untuk distribusi, logistik, jasa keuangan, dan jaminan; dokumen menyatakan rencana saham tidak mengubah pengendali atau struktur kendali.",https://links.sgx.com/1.0.0/corporate-announcements/0TWIK7HZA3I000BS/898555_20260804%20TJ%20DRT%20-%20Update%20on%20the%20Implementation%20of%20the%20Shareholding%20Increase%20Plan%20by%20TPH.pdf
T15,TAN CHONG INTERNATIONAL LIMITED,42,2026-01-07,2026-09-10,tidak_ada_petunjuk,0,0,tidak_ada_petunjuk,"Laporan tahunan dan seluruh pengumuman hasil anak usaha yang terpicu telah dibuka. Isinya menjelaskan operasi otomotif, pembiayaan, dan hasil anak usaha, tanpa pembelian/penjualan saham Tan Chong International atau bukti perubahan pengendali dalam bahan yang diperiksa.",
T24,TUAN SING HOLDINGS LIMITED,65,2026-02-27,2026-08-06,pantau,2,2,pantau,"Koh Wee Meng menjual 65,83 juta saham kepada Greenpark Investments pada 30 Juni 2026 dan berhenti menjadi pemegang saham substansial. Pengumuman perubahan kepentingan pihak pembeli harus dibaca sebagai sisi lawan, tetapi bahan tidak membuktikan Greenpark menjadi pengendali Tuan Sing.",https://links.sgx.com/1.0.0/corporate-announcements/G3J59LEB73NVWJGL/895033__eFORM3V2%20-%20KWM_30%20June%202026.pdf
T41,TELECHOICE INTERNATIONAL LIMITED,105,2026-02-06,2026-08-13,tidak_ada_petunjuk,0,0,tidak_ada_petunjuk,"Likuidasi anak usaha dorman, laporan tahunan, pembaruan kinerja, serta perubahan pengurus diperiksa. Tidak ditemukan pengumuman transaksi saham atau bisnis yang menunjukkan perubahan pengendali TeleChoice pada bahan arsip yang diperiksa.",
T43,YUNNAN ENERGY INTERNATIONAL CO. LIMITED,85,2026-01-05,2026-09-02,belum_cukup,1,1,belum_cukup,"Perjanjian pembelian material silikon dengan pihak berelasi dibuka; pemegang pengendali yang disebut telah menguasai sekitar 73,05% saham penerbit. Perjanjian masih menunggu persetujuan pemegang saham independen dan tidak membuktikan pengendali baru.",
T4B,SINO GRANDNESS FOOD INDUSTRY GROUP LIMITED,25,2026-01-13,2026-08-20,pantau,2,2,pantau,"Pengumuman awal dan kedua suplemen mengenai usulan pelepasan Garden Fresh telah dibuka. Ini transaksi aset/bisnis yang memerlukan status penyelesaian, bukan bukti perubahan kendali penerbit.",
T55,THAI INTERNATIONAL HOLDINGS LIMITED,40,2026-02-26,2026-08-12,pantau,1,1,pantau,"Dokumen menunjukkan perubahan pemegang saham besar, termasuk Lippo Limited berhenti sebagai pemegang saham besar, serta perubahan pengurus. Tidak ada dokumen yang membuktikan siapa pembeli akhir atau perubahan pengendali emiten; karena itu hasilnya hanya pantau.",https://links.sgx.com/1.0.0/corporate-announcements/GTULH0CQR0NV2PR2/891244_FORM3_LippoLimited.pdf
T6I,VALUEMAX GROUP LIMITED,8,2026-04-01,2026-08-14,pantau,1,1,pantau,"Keluarga Yeah/Tan menjual 34,8 juta saham melalui block trade, tetapi tetap memiliki kepentingan gabungan 81,53%. Well Chip, perusahaan asosiasi Malaysia ValueMax, mengumumkan rencana rights issue; arsip hanya menyatakan rencana itu dan tidak mengungkap partisipasi ValueMax atau hasil akhirnya. Hasil keuangan serta mandat transaksi pihak berkepentingan yang diperiksa tidak membuktikan perubahan kendali ValueMax.",https://links.sgx.com/1.0.0/corporate-announcements/KAAWUH76DHA2JF69/876190_Block%20Trade%20Announcement.pdf
T82U,SUNTEC TRUST MANAGEMENT LIMITED,128,2026-01-02,2026-07-28,transaksi_selesai,4,1,pengelola_reit_berpindah_selesai,"Acrophyte Asset Management, entitas yang dikendalikan Gordon Tang, membeli 100% kepentingan tidak langsung ESR pada manajer Suntec REIT; penyelesaian diumumkan 17 Maret 2026. Dokumen hasil, pembaruan usaha, laporan tahunan, dan lampiran pengungkapan pemegang unit yang ditandai telah diperiksa. Peristiwa ini adalah perubahan pengendali manajer, bukan pembelian unit Suntec REIT.",https://links.sgx.com/1.0.0/corporate-announcements/GESPY73UW1EH3LXN/877855_Suntec%20-%20Manager%20Acquisition%20Announcement%20of%20Completion%20Date.pdf
TADD,PHILLIP SECURITIES PTE LTD,8,2026-02-04,2026-08-21,tidak_ada_petunjuk,0,0,tidak_ada_petunjuk,Semua judul ditinjau. Arsip hanya memuat pengumuman dividen SDR Advanced Info Service beserta kurs; tidak ada petunjuk transaksi korporasi atau pengendalian Phillip Securities.,
TAP,THE ASSEMBLY PLACE HOLDINGS LTD.,75,2026-01-22,2026-08-20,tidak_ada_petunjuk,2,2,tidak_ada_petunjuk,"TAP menyelesaikan pembelian properti 163 Tras Street, lalu masuk usaha patungan dan menyelesaikan pembelian 50 Jalan Harom Setangkai dengan pinjaman kepada usaha patungan. Rangkaian itu ekspansi aset/properti, bukan bukti perubahan kendali TAP dalam bahan yang diperiksa.",https://links.sgx.com/1.0.0/corporate-announcements/SNC6EOB9SV5P3ZC9/880050_TAP%20-%20163%20TS%20-%20Completion.pdf
TAVB,NAVER CORPORATION,1,2026-04-21,2026-04-21,tidak_ada_petunjuk,0,0,tidak_ada_petunjuk,Dokumen tunggal adalah konfirmasi pencatatan obligasi hijau EUR500 juta. Tidak ditemukan transaksi pengendalian atau bisnis penerbit.,
TAWW,MACQUARIE BANK LIMITED,1,2026-01-29,2026-01-29,tidak_ada_petunjuk,0,0,tidak_ada_petunjuk,Satu pengumuman mengenai pelaksanaan waran. Tidak ditemukan pada bahan yang diperiksa transaksi pengendalian atau bisnis.,
TBDD,TBDD · PHILLIP SECURITIES PTE LTD,8,2026-02-26,2026-09-10,tidak_ada_petunjuk,0,0,tidak_ada_petunjuk,Seluruh pengumuman adalah distribusi kas dan penggantiannya. Tidak ditemukan dalam bahan yang diperiksa transaksi pengendalian atau bisnis penerbit.,
TBHB,THE BANK OF NOVA SCOTIA,1,2026-05-15,2026-05-15,tidak_ada_petunjuk,0,0,tidak_ada_petunjuk,Satu dokumen adalah konfirmasi pencatatan notes US$20 juta. Tidak ditemukan perubahan kendali penerbit.,
TBPW,MACQUARIE BANK LIMITED,5,2026-03-17,2026-08-26,tidak_ada_petunjuk,0,0,tidak_ada_petunjuk,"Judul yang diperiksa berkaitan dengan pencatatan dan berakhirnya waran. Tidak ditemukan transaksi kendali, pembiayaan penerbit, atau perubahan bisnis pada bahan yang diperiksa.",
TBWB,SOFTBANK GROUP CORP.,3,2026-05-28,2026-06-05,tidak_ada_petunjuk,0,0,tidak_ada_petunjuk,"SoftBank menebus seluruh surat utang US$669,294 juta dan instrumen tersebut kemudian dihapus dari pencatatan. Tidak ada bukti pengalihan kendali SoftBank dalam bahan yang diperiksa.",https://links.sgx.com/1.0.0/corporate-announcements/MSGS22339WAHXZXJ/296465cf54f8b5ee4b0cf77615f795549f56e01fd919321df46489efccf016f2
TCPD,PHILLIP SECURITIES PTE LTD,4,2026-02-26,2026-05-06,tidak_ada_petunjuk,0,0,tidak_ada_petunjuk,Dokumen hanya mengatur pembayaran dividen untuk surat penyimpanan CP ALL Thailand. Tidak ditemukan transaksi bisnis atau perubahan pengendali penerbit surat penyimpanan.,
TCU,CREDIT BUREAU ASIA LIMITED,47,2026-01-15,2026-08-06,tidak_ada_petunjuk,0,0,tidak_ada_petunjuk,"Pengumuman terpicu membahas pengurangan modal, pembelian kembali saham, dan hasil usaha Credit Bureau Asia. Perseroan telah memenuhi persyaratan pengurangan modal dan menyampaikan dokumen pada 5 Juni, tetapi tidak ditemukan pembelian pengendali atau perubahan bisnis utama penerbit.",https://links.sgx.com/1.0.0/corporate-announcements/SCFITCTSM5Q5PN3A/891490_3.%20CBA%20Share%20Capital%20Reduction%20Completion%20Effective%20Date.pdf
TDED,PHILLIP SECURITIES PTE LTD,4,2026-02-16,2026-03-02,tidak_ada_petunjuk,0,0,tidak_ada_petunjuk,"Arsip berisi dua catatan pembayaran dividen tunai untuk Delta Thailand SDR. Tidak ditemukan transaksi kepemilikan, usaha, atau kendali penerbit pada bahan diperiksa.",
TEIB,THE BANK OF NOVA SCOTIA,1,2026-06-30,2026-06-30,tidak_ada_petunjuk,0,0,tidak_ada_petunjuk,Dokumen yang tersedia adalah konfirmasi pencatatan notes callable Bank of Nova Scotia. Tidak ditemukan transaksi kendali atau bisnis penerbit pada bahan yang diperiksa.,
TEMB,TEMASEK FINANCIAL (IV) PRIVATE LIMITED,1,2026-04-29,2026-04-29,tidak_ada_petunjuk,0,0,tidak_ada_petunjuk,Satu dokumen adalah pembayaran kupon wajib. Tidak ditemukan petunjuk perpindahan kendali atau transaksi bisnis penerbit.,
TFAW,MACQUARIE BANK LIMITED,1,2026-03-30,2026-03-30,tidak_ada_petunjuk,0,0,tidak_ada_petunjuk,Satu pemberitahuan pelaksanaan waran bersifat teknis. Tidak ditemukan transaksi pengendalian atau perubahan arah usaha penerbit pada bahan yang diperiksa.,
TGUD,Phillip Securities Pte Ltd,4,2026-02-19,2026-03-05,tidak_ada_petunjuk,0,0,tidak_ada_petunjuk,Dua pengumuman adalah distribusi/dividen wajib atas instrumen yang dicatat. Tidak ditemukan transaksi kendali atau perubahan bisnis penerbit dalam bahan yang diperiksa.,
TIEB,"HONDA MOTOR CO., LTD.",1,2026-07-07,2026-07-07,tidak_ada_petunjuk,0,0,tidak_ada_petunjuk,"Dokumen hanya mengonfirmasi pencatatan obligasi Honda EUR500 juta. Tidak ditemukan transaksi perubahan kepemilikan, pengendalian, atau usaha dalam bahan yang diperiksa.",
TKKD,PHILLIP SECURITIES PTE LTD,8,2026-02-27,2026-09-11,tidak_ada_petunjuk,0,0,tidak_ada_petunjuk,"Semua pengumuman adalah pemberitahuan dividen tunai untuk surat tanda simpanan Kasikornbank. Tidak ada bukti transaksi saham penerbit, bisnis, atau pengendalian.",
TKU,TOKU LTD.,74,2026-01-21,2026-09-09,transaksi_selesai,1,1,transaksi_selesai,Toku menyelesaikan IPO dan mulai diperdagangkan pada Januari 2026; pemberitahuan pemegang saham substansial mencerminkan struktur saat pencatatan. Tidak ada dokumen berikutnya yang menunjukkan pemindahan kendali atau injeksi bisnis ke penerbit.,https://links.sgx.com/1.0.0/corporate-announcements/A2ZR7ZWSJZ38T9JK/872718_Toku%20-%20Balloting%20Results%20Announcement%20-%2021Jan2026.pdf
TNMB,HKT CAPITAL LIMITED,5,2026-06-10,2026-06-29,tidak_ada_petunjuk,0,0,tidak_ada_petunjuk,Laporan keuangan yang ditandai telah dibuka; arsip lainnya adalah pencatatan surat utang. Tidak ditemukan perubahan pengendali atau transaksi bisnis penerbit.,
TNRB,HO BEE LAND LIMITED,3,2026-01-09,2026-07-09,tidak_ada_petunjuk,0,0,tidak_ada_petunjuk,"Arsip hanya memuat pembayaran kupon, termasuk satu pembetulan pengumuman. Tidak ditemukan transaksi kendali atau perubahan usaha penerbit.",
TOLB,WANDA PROPERTIES GLOBAL CO. LIMITED,1,2026-04-29,2026-04-29,tidak_ada_petunjuk,0,0,tidak_ada_petunjuk,"Dokumen hanya mengonfirmasi pencatatan obligasi bergaransi US$150 juta, bunga 12,5%, jatuh tempo 2029. Tidak ada bukti transaksi pengendali atau bisnis pada bahan yang diperiksa.",
TPED,PHILLIP SECURITIES PTE LTD,8,2026-02-10,2026-08-18,tidak_ada_petunjuk,0,0,tidak_ada_petunjuk,Seluruh bahan adalah pengumuman dividen atau distribusi untuk instrumen PTTEP SDR. Tidak ditemukan pada bahan yang diperiksa transaksi pengendalian atau bisnis.,
TPFD,PHILLIP SECURITIES PTE LTD,8,2026-02-27,2026-09-02,tidak_ada_petunjuk,0,0,tidak_ada_petunjuk,Pengumuman merupakan pemberitahuan dividen SDR dan tidak menunjukkan perubahan pengendali atau bisnis penerbit.,
TQ5,FRASERS PROPERTY LIMITED,85,2026-01-19,2026-09-18,pantau,1,1,pantau,"Lampiran semua transaksi aset yang dipicu audit telah dibuka: akuisisi dan divestasi properti serta optimasi portofolio FHT. Sebagian transaksi sudah selesai, sedangkan optimasi FHT masih bersyarat; tidak ditemukan bukti perubahan pengendali Frasers Property.",
TQBB,INCOME INSURANCE LIMITED,5,2026-06-02,2026-09-01,tidak_ada_petunjuk,0,0,tidak_ada_petunjuk,"Dokumen terpicu adalah pengangkatan ketua dan pengunduran diri CEO. Tidak ada transaksi saham, bisnis, atau perubahan kendali perusahaan dalam bahan yang diperiksa.",
TQXB,THE BANK OF NOVA SCOTIA,1,2026-07-29,2026-07-29,tidak_ada_petunjuk,0,0,tidak_ada_petunjuk,Dokumen hanya mengonfirmasi pencatatan notes US$10 juta hingga Juli 2031. Tidak ditemukan perubahan kendali atau transaksi bisnis Bank of Nova Scotia.,
TS0U,OUE REIT MANAGEMENT PTE. LTD.,112,2026-01-05,2026-09-06,transaksi_selesai,1,1,transaksi_selesai,"OUE REIT menyelesaikan pembelian 19,9% Salesforce Tower Sydney dan kemudian mengusulkan divestasi Crowne Plaza Changi Airport. Ini adalah transaksi aset/unit dana, bukan bukti perubahan kendali atas OUE REIT atau manajernya dalam bahan yang diperiksa.",
TSCD,PHILLIP SECURITIES PTE LTD,8,2026-01-29,2026-08-11,tidak_ada_petunjuk,0,0,tidak_ada_petunjuk,Arsip TSCD hanya berisi pengumuman dividen final/interim dan penggantian nilai tukar untuk Siam Cement Thailand SDR 10TO1. Tidak ada bukti transaksi saham pengendali atau pengambilalihan penerbit.,
TSH,TSH RESOURCES BERHAD,520,2026-01-02,2026-09-18,tidak_ada_petunjuk,1,1,tidak_ada_petunjuk,"TSH menyelesaikan akuisisi PT Dinamika Alam Segar melalui anak usaha dan Konsep Majureka; ini akuisisi bisnis oleh grup, bukan pengambilalihan TSH. Pengungkapan terakhir abrdn adalah pelepasan 352.100 saham dari posisi tidak langsung sekitar 5%, tidak membuktikan perubahan kendali.",https://links.sgx.com/1.0.0/corporate-announcements/EPIQYS4XOBTGUYKI/895323_157.2.%20Bursa%20Annmt%20on%20RPTs%20Completion-03.07.2026.pdf
TTBW,MACQUARIE BANK LIMITED,1,2026-03-13,2026-03-13,tidak_ada_petunjuk,0,0,tidak_ada_petunjuk,Satu judul adalah pelaksanaan waran wajib. Tidak ditemukan petunjuk transaksi bisnis atau perubahan pengendali pada bahan diperiksa.,
TUGB,THE BANK OF NOVA SCOTIA,1,2026-09-15,2026-09-15,tidak_ada_petunjuk,0,0,tidak_ada_petunjuk,Pengumuman adalah pembayaran kupon wajib; tidak ditemukan transaksi pengendalian atau bisnis.,
TUJB,STUDIO CITY FINANCE LIMITED,2,2026-06-18,2026-06-18,tidak_ada_petunjuk,0,0,tidak_ada_petunjuk,Dokumen hanya mengumumkan pelunasan sebagian instrumen penerbit. Tidak ada perubahan kendali atau transaksi usaha yang diungkapkan.,
TVV,OXPAY FINANCIAL LIMITED,76,2026-01-23,2026-08-13,pantau,2,2,pantau,OxPay menyelesaikan penempatan 30.841.000 saham kepada sepuluh investor dan seluruh hasil bersihnya kemudian dipakai. Fasilitas pinjaman konversi dengan Oxley Capital belum dicairkan dan syaratnya diperpanjang; bahan yang diperiksa tidak membuktikan pengendali baru.,https://links.sgx.com/1.0.0/corporate-announcements/K8AN1NG3HCRMBU79/885632_Issue_of_Shares.pdf
TWKB,ANLLIAN CAPITAL 2 LIMITED,12,2026-05-12,2026-08-26,pantau,1,1,pantau,Dokumen terdiri dari penyesuaian harga konversi obligasi dan laporan ANTA Sports. Tag Indonesia serta istilah aksi korporasi dalam laporan tidak membuktikan perubahan kendali penerbit obligasi.,
TWL,MEMIONTEC HOLDINGS LTD.,7,2026-02-28,2026-04-30,pantau,2,2,pantau,"Laporan hasil FY2025 dan seluruh judul tambahan penerbit yang sama diperiksa. CEO sekaligus pemegang saham pengendali Tay Kiat Seng memberi dua fasilitas pinjaman berbunga, masing-masing hingga S$1 juta, untuk modal kerja; ini pembiayaan pihak terkait, bukan bukti perpindahan kendali.",
TXLB,HPHT FINANCE (21) LIMITED,5,2026-02-05,2026-03-20,tidak_ada_petunjuk,0,0,tidak_ada_petunjuk,"Hasil tahunan HPH Trust dan pengumuman jatuh tempo telah ditinjau. Tidak ditemukan pemindahan saham, transaksi kendali, atau perubahan bisnis penerbit instrumen pada bahan yang diperiksa.",
TXRB,BIZLINK HOLDING INC.,8,2026-05-20,2026-07-21,tidak_ada_petunjuk,0,0,tidak_ada_petunjuk,"Laporan keuangan menyebut akuisisi anak usaha Slovakia pada 2024, yang telah dialokasikan harganya pada 2025; pemberitahuan lain menyangkut obligasi konversi. Tidak ada bukti perubahan pengendali BizLink atau transaksi baru yang mengubah arah utama dalam arsip 2026.",
TXWB,"BANCO ITAU CHILE, ACTING THROUGH ITAU CHILE NEW YORK BRANCH",1,2026-09-10,2026-09-10,tidak_ada_petunjuk,0,0,tidak_ada_petunjuk,"Satu pengumuman adalah pencatatan surat utang MXN1,2 miliar. Tidak ditemukan transaksi pengendalian atau usaha penerbit dalam bahan yang diperiksa.",
TYWB,HOUSING AND DEVELOPMENT BOARD,4,2026-01-08,2026-07-08,tidak_ada_petunjuk,0,0,tidak_ada_petunjuk,"Empat dokumen adalah pengumuman pembayaran kupon notes HDB seri 119. Tidak ditemukan transaksi saham, aset, bisnis, atau kendali dalam bahan yang diperiksa.",
U06,SINGAPORE LAND GROUP LIMITED,44,2026-01-14,2026-09-04,tidak_ada_petunjuk,1,1,tidak_ada_petunjuk,"Seluruh judul dan pengumuman transaksi properti terpicu diperiksa. Transaksi adalah pengadaan/pengembangan properti dan kenaikan kepentingan aset, bukan pengalihan kendali atau perubahan arah utama penerbit.",
U10,UOB-KAY HIAN HOLDINGS LIMITED,126,2026-02-09,2026-09-14,tidak_ada_petunjuk,0,0,tidak_ada_petunjuk,"Laporan tahunan menunjukkan grup jasa keuangan regional dengan operasi Indonesia. Semua lampiran notifikasi pemegang saham besar yang tersedia diperiksa: selama 6 Mei–14 September, kepentingan UOB, K.I.P. Inc, dan U.I.P. Holdings berubah bertahap, tanpa pengumuman tawaran atau pengalihan kendali.",https://links.sgx.com/1.0.0/corporate-announcements/92U9DHSB3SGZLK4T/901160__eFORM3_KIP%20Inc%20_13%20Aug%2026.pdf
U11,UNITED OVERSEAS BANK LIMITED,241,2026-01-02,2026-09-18,pantau,1,1,pantau,"UOB menjual kepemilikan bersama di Novena Square dan aset 230 Orchard Road kepada pihak grup properti pada 15 Mei 2026; dokumen menyatakan transaksi selesai hari itu. UOB juga hanya menjajaki minat pasar One Raffles Place tanpa perjanjian mengikat; seluruhnya transaksi aset, bukan perubahan kendali UOB.",https://links.sgx.com/1.0.0/corporate-announcements/PJBD1P4MMZL6RKZL/875492_UOB-A2026-05%20-%20Holding%20announcement.pdf
U13,UNITED OVERSEAS INSURANCE LIMITED,33,2026-01-14,2026-08-11,belum_cukup,0,0,belum_cukup,"Hasil, laporan tahunan, dan rapat United Overseas Insurance menunjukkan kegiatan perusahaan asuransi; tag Indonesia merupakan petunjuk teks, bukan bukti kendali. Arsip tidak memberikan rangkaian transaksi pihak lawan yang cukup untuk kesimpulan lebih lanjut.",
U14,U14 · UOL GROUP LIMITED,76,2026-01-14,2026-09-04,transaksi_selesai,1,1,transaksi_selesai,"UOL menyelesaikan penjualan Pan Pacific Tianjin dan menandatangani pembelian sisa kepentingan 230 Orchard Road dari UOB. Ini transaksi aset/portofolio, bukan bukti perubahan pengendali UOL.",
U77,SARINE TECHNOLOGIES LTD.,111,2026-01-04,2026-09-17,belum_cukup,1,1,belum_cukup,"Arsip mencatat pergantian CEO dan beberapa pengurus Sarine serta laporan tahunan dan pengembangan produk. Dokumen yang dibuka tidak menyatakan perubahan pemegang saham pengendali atau pengambilalihan; karena banyak formulir pengurus dan pengumuman terkait belum dapat diuji satu per satu, status pengendalian belum cukup untuk hasil negatif menyeluruh.",https://links.sgx.com/1.0.0/corporate-announcements/LJSNKE204R8KGTFU/888356_Press%20Release%20-%20CEO%20Succession%20.pdf
U96,SEMBCORP INDUSTRIES LTD,109,2026-01-14,2026-09-09,tidak_ada_petunjuk,1,1,tidak_ada_petunjuk,"Register Rule 706A dan lampiran hasil yang terpicu telah diperiksa: Sembcorp membentuk, mengakuisisi, menjual anak usaha dan kepentingan proyek, termasuk Pioneer Sail Holdings pemilik Alinta Energy. Ini transaksi portofolio oleh Sembcorp; tidak ada dokumen yang membuktikan pihak lain membeli saham atau mengambil alih Sembcorp. Potensi IPO anak usaha India tetap bersyarat dan akuisisi Puente Al Sol telah dibatalkan.",https://links.sgx.com/1.0.0/corporate-announcements/12KSBJB4PMBZDOV2/875888_SCI%20annc%20Rule%20706A%20-%202H2025.pdf
U9E,CHINA EVERBRIGHT WATER LIMITED,165,2026-01-02,2026-09-01,transaksi_selesai,1,1,transaksi_selesai,"Laporan interim mencatat empat anak usaha tidak langsung di Tiongkok telah dihapus dari register pada Maret-Mei 2026. Laporan yang sama menyatakan tidak ada akuisisi atau pelepasan material lain atas anak usaha, asosiasi, atau ventura bersama pada 1H 2026; pembiayaan MTN dan pembaruan tata kelola yang dibuka bukan bukti perubahan pengendali China Everbright Water.",https://links.sgx.com/1.0.0/corporate-announcements/WPU5ZLAX271R95OI/902689_CEWL_-_Interim_Report_2026.pdf
UAEB,BAYFRONT IABS VII PTE. LTD.,2,2026-04-13,2026-04-13,tidak_ada_petunjuk,0,0,tidak_ada_petunjuk,Dua judul berkaitan dengan pembayaran kupon wajib; tidak ditemukan transaksi kendali atau bisnis.,
UBMB,NEW HOPE CORPORATION LIMITED,24,2026-02-16,2026-04-20,pantau,1,1,pantau,Dokumen penawaran dan circular notes konversi A$300 juta telah dibuka. Ini pembiayaan surat utang; tidak ada bukti perubahan pengendali New Hope dalam bahan yang diperiksa.,
UBXB,NTT FINANCE CORPORATION,5,2026-03-10,2026-09-10,tidak_ada_petunjuk,0,0,tidak_ada_petunjuk,Pencatatan obligasi suku bunga mengambang US$500 juta dan pembayaran kupon NTT Finance tidak menunjukkan perubahan kendali atau bisnis.,
UBYW,MACQUARIE BANK LIMITED,1,2026-01-30,2026-01-30,tidak_ada_petunjuk,0,0,tidak_ada_petunjuk,Satu judul adalah pelaksanaan waran wajib. Tidak ada pengumuman transaksi perusahaan atau perubahan kendali dalam bahan yang diperiksa.,
UCBB,REPUBLIC OF INDONESIA,1,2026-05-29,2026-05-29,tidak_ada_petunjuk,0,0,tidak_ada_petunjuk,"Ini pencatatan obligasi Republik Indonesia US$750 juta, bukan perubahan kendali penerbit SGX.",
UCCW,UCCW · MACQUARIE BANK LIMITED,4,2026-06-23,2026-07-23,pantau,0,0,pantau,"Dokumen dalam arsip berkaitan dengan instrumen utang, pembayaran kupon, atau warrant; tidak ada rangkaian perubahan pengendali penerbit yang terlihat dalam bahan yang diperiksa.",
UCFW,MACQUARIE BANK LIMITED,1,2026-07-30,2026-07-30,tidak_ada_petunjuk,0,0,tidak_ada_petunjuk,Satu judul adalah mandatory warrant exercise. Tidak ada pengumuman transaksi atau perubahan pengendali penerbit dalam bahan yang diperiksa.,
UCQB,"DBS BANK LTD., AUSTRALIA BRANCH",1,2026-02-25,2026-02-25,tidak_ada_petunjuk,0,0,tidak_ada_petunjuk,"Dokumen tunggal mencatat final maturity wajib untuk instrumen. Tidak ada pengumuman perubahan saham, kendali, pendanaan perantara, atau bisnis.",
UCSB,LENDLEASE ASIA TREASURY PTE. LTD.,2,2026-09-07,2026-09-07,tidak_ada_petunjuk,0,0,tidak_ada_petunjuk,"Lendlease Asia Treasury menerima ruling pajak atas surat utang subordinasi SGD400 juta yang telah diterbitkan pada 30 September 2025. Rujukan change of control hanya menjelaskan perlakuan premi pelunasan untuk pajak, bukan pengumuman perubahan kendali.",
UDXB,"NOMURA HOLDINGS, INC",1,2026-06-30,2026-06-30,tidak_ada_petunjuk,0,0,tidak_ada_petunjuk,Hanya konfirmasi pencatatan surat utang US$1 miliar. Tidak ditemukan transaksi pengendalian atau perubahan bisnis pada bahan yang diperiksa.,
UELB,UELB · SUMMIT DIGITEL INFRASTRUCTURE LIMITED,2,2026-09-03,2026-09-03,pantau,0,0,pantau,Arsip hanya memuat bahan rapat umum tahunan; tidak ada rangkaian perubahan pengendali penerbit yang terlihat dalam bahan yang diperiksa.,
UEWB,TERUMO CORPORATION,5,2026-04-28,2026-08-07,tidak_ada_petunjuk,0,0,tidak_ada_petunjuk,"Arsip berisi konfirmasi pencatatan obligasi US$500 juta dan laporan hasil keuangan. Tidak ditemukan perubahan pengendali, transaksi saham, atau pengalihan bisnis penerbit.",
UFEB,ESR ASSET MANAGEMENT LIMITED,4,2026-08-04,2026-09-04,tidak_ada_petunjuk,0,0,tidak_ada_petunjuk,Pelunasan awal Series 004 perpetual securities bukan perubahan kendali penerbit.,
UHCB,DBS BANK LTD.,3,2026-02-25,2026-08-14,tidak_ada_petunjuk,0,0,tidak_ada_petunjuk,"Ketiga judul adalah pembayaran kupon instrumen utang. Tidak ditemukan transaksi saham, pengambilalihan, atau perubahan usaha penerbit pada bahan yang diperiksa.",
UIBU,UIB REIT MANAGEMENT PTE. LTD.,145,2026-03-11,2026-09-14,belum_cukup,2,2,belum_cukup,"Manajer UIB REIT menyelesaikan penawaran dan akuisisi portofolio awal; sponsor tetap pemilik penuh manajer. Banyak formulir pemegang unit besar di arsip tidak menampilkan isi, sehingga bahan ini belum cukup untuk menyimpulkan susunan kepemilikan atau pengendalian unit dana secara lengkap.",https://links.sgx.com/1.0.0/corporate-announcements/WVWJGQ1WSH6GADDP/878222_UI%20Boustead%20REIT%20-%20Listing%20Announcement%2012March2026.pdf
UIX,CHINA ENVIRONMENTAL RESOURCES GROUP LIMITED,50,2026-01-02,2026-09-15,pantau,2,2,perubahan_usaha_dan_rencana_akuisisi_tanpa_perubahan_kendali,"Laporan interim UIX menyebut pembelian 90% usaha daur ulang komponen kendaraan energi baru senilai RMB9 juta pada Desember 2025. Pada 2026 UIX meneken nota kesepahaman tidak mengikat untuk taman industri tanah jarang dan pendidikan kecerdasan buatan, serta memperpanjang lagi rencana pembelian 51% target yang berasal dari 2016 sampai 25 September 2026.",https://links.sgx.com/1.0.0/corporate-announcements/53KWCFD71N2Y7WAB/884172_e_MOU%20AI%20Edu.pdf
UIYB,MACQUARIE BANK LIMITED,1,2026-06-30,2026-06-30,tidak_ada_petunjuk,0,0,tidak_ada_petunjuk,Satu catatan memuat rincian early call untuk instrumen XS2033401097. Tidak ada bukti transaksi perusahaan atau perubahan pengendalian Macquarie Bank.,
UJIB,DBS TRUSTEE LIMITED (IN ITS CAPACITY AS TRUSTEE OF MAPLETREE NORTH ASIA COMMERCIAL TRUST),2,2026-05-08,2026-05-08,transaksi_selesai,1,1,transaksi_selesai,"Dokumen menyatakan pelunasan seluruh sekuritas perpetual S$250 juta pada 8 Juni 2026 serta pembatalan dan penghapusan pencatatan sesudahnya. Ini penyelesaian instrumen utang, bukan bukti perpindahan kendali unit dana.",
UKNB,NCB FINANCIAL GROUP LIMITED,4,2026-01-23,2026-01-23,pantau,0,0,pantau,"Arsip berisi dokumen rapat umum tahunan, laporan tahunan elektronik, dan formulir proksi. Tidak ada pengumuman transaksi saham, utang konversi, atau bisnis yang menunjukkan perubahan kendali.",
UKVB,PERENNIAL TREASURY PTE. LTD.,8,2026-02-09,2026-04-17,pantau,1,1,pantau,"Perennial Treasury menerbitkan dan kemudian memperbarui penetapan surat utang. Dokumen menyebut portofolio grup di Indonesia dan alokasi obligasi kepada pihak terkait pemegang saham pengendali, namun itu hak suara pemegang obligasi, bukan bukti kendali penerbit atau emiten baru berubah.",
ULG,ULTRAGREEN.AI LIMITED,59,2026-01-19,2026-08-14,belum_cukup,2,2,belum_cukup,"Pembaruan bisnis ULG menguraikan ekspansi pasar perangkat pencitraan dan investasi convertible note US$3 juta pada IHLD India, bukan perubahan kepemilikan ULG. Banyak pemberitahuan perubahan kepentingan direktur dan pembelian kembali saham berada pada judul tambahan; tanpa bukti rantai pemegang saham dari lampiran utama, tidak cukup bukti untuk menyimpulkan perubahan kendali atau hasil nol.",https://links.sgx.com/1.0.0/corporate-announcements/LV2OIT5NNELKO2U7/887545_Ultragreen_1Q2026%20Update.pdf
ULKB,HONG LEONG BANK BERHAD,4,2026-05-29,2026-08-27,belum_cukup,0,0,belum_cukup,Dokumen hasil tahunan Hong Leong Bank telah dibuka bersama lampiran siaran persnya. Bahan yang tersedia tidak memuat transaksi saham atau bisnis yang menunjukkan perubahan kendali.,
UONB,BAYFRONT IABS VII PTE. LTD.,2,2026-04-13,2026-04-13,tidak_ada_petunjuk,0,0,tidak_ada_petunjuk,Dokumen hanya merupakan laporan tanggal pembayaran kupon instrumen. Tidak ditemukan transaksi pengendali atau bisnis pada bahan yang diperiksa.,
UPD,ASEAN DIVIDEND ETF,39,2026-01-30,2026-09-18,tidak_ada_petunjuk,0,0,tidak_ada_petunjuk,"Semua 39 dokumen dibuka dan merupakan pengumuman nilai aset bersih mingguan atau distribusi modal ASEAN Dividend ETF. Tidak ditemukan transaksi saham, utang, bisnis, ataupun pengendalian penerbit pada bahan yang diperiksa.",
UPU,UOB ASSET MANAGEMENT LTD,35,2026-01-30,2026-09-18,tidak_ada_petunjuk,0,0,tidak_ada_petunjuk,"Seluruh 35 pengumuman adalah nilai aset bersih mingguan per unit. Tidak ditemukan transaksi pengendali, pendanaan, atau perubahan usaha pada bahan yang diperiksa.",
URLB,ASUSTEK COMPUTER INC.,1,2026-09-17,2026-09-17,tidak_ada_petunjuk,0,0,tidak_ada_petunjuk,"Dokumen yang dibuka adalah konfirmasi SGX bahwa obligasi konversi tanpa kupon US$1,5 miliar akan dicatat pada 18 September 2026. Dokumen tidak menyatakan transaksi pengendalian atau akuisisi usaha ASUSTEK; kesimpulan terbatas pada satu catatan arsip ini.",https://links.sgx.com/1.0.0/corporate-announcements/I1NLOKNOZK9AZ2SB/e9559a1e877f2f1f0a170740ebebb09d5646eb631d7bd324c6363a669af3097e
URR,SIM LEISURE GROUP LTD.,29,2026-02-11,2026-08-13,tidak_ada_petunjuk,0,0,tidak_ada_petunjuk,"Judul mencakup hasil keuangan, rapat pemegang saham, dividen, dan pembaruan operasi taman rekreasi. Tidak ditemukan pembelian/penjualan saham penerbit, pembiayaan ekuitas, atau perubahan pengendali pada bahan diperiksa.",
URVB,NTT FINANCE CORPORATION,2,2026-04-14,2026-07-15,tidak_ada_petunjuk,0,0,tidak_ada_petunjuk,"Dua pengumuman hanya pembayaran kupon. Tidak ditemukan transaksi saham, bisnis, pendanaan baru, atau perubahan pengendali dalam bahan yang diperiksa.",
URXB,OVERSEA-CHINESE BANKING CORPORATION LIMITED,1,2026-09-11,2026-09-11,tidak_ada_petunjuk,0,0,tidak_ada_petunjuk,Satu pengumuman adalah konfirmasi pencatatan covered bonds OCBC US$750 juta. Tidak ditemukan transaksi kepemilikan atau kendali penerbit dalam bahan yang diperiksa.,
UUK,PASTURE HOLDINGS LTD.,12,2026-02-06,2026-08-21,transaksi_selesai,1,1,transaksi_selesai,"Fakta: Pasture menyelesaikan akuisisi 50% AP Bioresources Sdn Bhd pada 30 September 2025. Pada Agustus 2026, saldo dana penawaran umum yang tadinya untuk ekspansi dan akuisisi dialihkan ke modal kerja; itu bukan transaksi pengambilalihan Pasture.",https://links.sgx.com/1.0.0/corporate-announcements/O4DC9QD8PVE714P5/875108_Pasture%20Holdings%20Ltd%20Results%20Announcement%201H26.pdf
UULB,UNITED OVERSEAS BANK LIMITED,1,2026-04-10,2026-04-10,tidak_ada_petunjuk,0,0,tidak_ada_petunjuk,"Satu dokumen mencatat obligasi RMB5 miliar UOB di pasar obligasi. Tidak ditemukan perubahan kepemilikan, kendali, atau usaha UOB pada bahan diperiksa.",
UUSB,Web Travel Group Limited,2,2026-03-10,2026-03-10,tidak_ada_petunjuk,0,0,tidak_ada_petunjuk,"Lampiran menerangkan penebusan obligasi konversi 0,75% pada tanggal jatuh tempo dan akhir hak konversi. Tidak ada pengungkapan perpindahan pengendalian penerbit dalam bahan yang diperiksa.",
UUYB,COMPUTERSHARE US INC.,6,2026-08-12,2026-09-03,tidak_ada_petunjuk,0,0,tidak_ada_petunjuk,"Arsip hanya berisi hasil tahunan dan laporan tahunan Computershare US Inc. Tidak ditemukan pengumuman transaksi saham, utang, bisnis, atau perubahan kendali yang terpicu dalam bahan yang diperiksa.",
UV1,REGAL INTERNATIONAL GROUP LTD.,2,2026-03-30,2026-03-30,pantau,2,2,pantau,Penerbit mengumumkan penyitaan saham milik pemegang saham substansial. Arsip ini tidak memuat pemberitahuan lanjutan yang mengidentifikasi pembeli akhir atau membuktikan siapa yang kemudian mengendalikan penerbit.,
UVBB,"PARK24 CO., LTD.",20,2026-01-29,2026-09-01,transaksi_selesai,1,1,transaksi_selesai,"Park24 menjual seluruh saham anak usaha parkir Singapura Times24 Singapore kepada Re Sustainability Solutions dan kemudian mencatat dampak kerugian luar biasa serta perubahan anak usaha. Ini pelepasan anak usaha oleh Park24, bukan pengambilalihan Park24 atau bukti perubahan pengendalinya.",https://links.sgx.com/1.0.0/corporate-announcements/5ITS4RMYPFACDGBB/878738_Notice%20Regarding%20Posting%20of%20Extraordinary%20Loss%20due%20to%20the%20Change%20in%20Consolidated%20Subsidiary.pdf
UVQW,MACQUARIE BANK LIMITED,1,2026-08-28,2026-08-28,tidak_ada_petunjuk,0,0,tidak_ada_petunjuk,Pengumuman merupakan pelaksanaan wajib waran indeks Hang Seng dan pembayaran kas kepada pemegang waran. Tidak ada pengalihan bisnis atau kendali Macquarie.,
UWLB,"IDC OVERSEAS, LTD.",2,2026-07-03,2026-07-03,tidak_ada_petunjuk,0,0,tidak_ada_petunjuk,"Dua dokumen yang tercatat tidak menunjukkan rangkaian pembelian atau penjualan saham, perubahan bisnis, atau pengendalian penerbit dalam bahan yang diperiksa.",
UXXB,TOYOTA MOTOR CORPORATION,1,2026-06-29,2026-06-29,tidak_ada_petunjuk,0,0,tidak_ada_petunjuk,"Satu pengumuman adalah konfirmasi pencatatan obligasi EUR500 juta. Tidak ditemukan transaksi saham, perubahan pengendali, atau perubahan bisnis penerbit dalam bahan yang diperiksa.",
UYNW,SG ISSUER,1,2026-05-29,2026-05-29,tidak_ada_petunjuk,0,0,tidak_ada_petunjuk,Dokumen tunggal adalah permintaan dimulainya kembali perdagangan setelah suspensi. Tidak ada transaksi kendali atau bisnis penerbit yang diungkapkan.,
UZ0B,"BANCO ITAU CHILE, ACTING THROUGH ITAU CHILE NEW YORK BRANCH",1,2026-08-26,2026-08-26,tidak_ada_petunjuk,0,0,tidak_ada_petunjuk,Dokumen yang dibuka hanya mengonfirmasi pencatatan surat utang berbunga mengambang US$15 juta. Tidak ditemukan transaksi pengendalian atau bisnis penerbit dalam bahan yang diperiksa.,
UZ1B,AUCKLAND COUNCIL,1,2026-03-03,2026-03-03,tidak_ada_petunjuk,0,0,tidak_ada_petunjuk,"Satu pengumuman adalah konfirmasi pencatatan obligasi EUR500 juta. Tidak ditemukan perubahan pemegang saham, kendali, atau usaha penerbit pada bahan yang diperiksa.",
UZF,DEZIGN FORMAT GROUP LIMITED,47,2026-02-04,2026-09-15,tidak_ada_petunjuk,0,0,tidak_ada_petunjuk,"Dokumen berkode yang diperiksa mencakup hasil tahunan dan laporan tahunan Dezign Format. Tidak ditemukan pada bahan berkode tersebut penjualan saham penerbit, pembeli baru, perubahan pengendalian, atau transaksi penggabungan bisnis.",
V03,VENTURE CORPORATION LIMITED,117,2026-01-19,2026-09-03,pantau,1,1,pantau,"Rangkaian formulir menunjukkan perubahan kepentingan Silchester, Ameriprise, dan BlackRock, termasuk menjadi lalu berhenti sebagai pemegang saham besar. Tidak ditemukan rangkaian pembelian saham atau perubahan pengendali Venture dalam bahan arsip yang diperiksa.",
V0WB,HOUSING AND DEVELOPMENT BOARD,4,2026-03-19,2026-09-18,tidak_ada_petunjuk,0,0,tidak_ada_petunjuk,Dua pengumuman hanya mengenai pembayaran kupon surat utang HDB seri 113.,
V1LW,MACQUARIE BANK LIMITED,1,2026-06-30,2026-06-30,pantau,0,0,pantau,Dokumen terbuka adalah pelaksanaan waran atas Singapore Airlines; bukan transaksi kendali Macquarie Bank.,
V1TB,OVERSEA-CHINESE BANKING CORPORATION LIMITED,1,2026-05-18,2026-05-18,tidak_ada_petunjuk,0,0,tidak_ada_petunjuk,Dokumen tunggal adalah konfirmasi pencatatan obligasi tertutup EUR500 juta. Tidak ada bukti transaksi pengendalian atau perubahan bisnis penerbit dalam bahan yang diperiksa.,
V2Y,OCEANSCAPE INTERNATIONAL LIMITED,86,2026-01-08,2026-09-15,pantau,3,4,pengendalian_melalui_pinjaman_konversi_dan_pivot_energi_indonesia,"OceanScape menyelesaikan pelepasan anak usaha lama pada 8 Januari. Pemegang saham pada 20 Maret menyetujui pinjaman konversi S$5 juta dari ketua eksekutif Lang Jinjun; konversi penuh pada S$0,0063 menghasilkan 793.650.793 saham atau sekitar 59,94%. Pada 19 Mei grup membentuk PT SeaScape Energy Indonesia untuk pembangkitan dan penjualan listrik energi terbarukan. Lang mencairkan penuh pinjaman konversi pada 19 Juni, lalu jatuh tempo fasilitas diperpanjang ke 30 Oktober 2029. Hak konversi tetap hanya dapat dijalankan selama 18 bulan sejak persetujuan 20 Maret 2026 dan berada pada pilihan Lang; arsip belum menunjukkan saham konversi diterbitkan.",
V3M,METECH INTERNATIONAL LIMITED,147,2026-01-30,2026-08-31,transaksi_selesai,4,4,pengendali_masuk_lagi_old_business_keluar,"Metech memperlihatkan perpindahan kendaraan pemegang saham lalu perubahan kendali melalui utang. Cao Shixuan menjual seluruh Union Fubon, pemegang 13,53% Metech, kepada Chua Cheng Soon seharga S$50.000 pada Maret. Cao kemudian mengonversi utang S$1,5 juta menjadi 62,5 juta saham; dokumen menyebut perpindahan kepentingan pengendali dan transaksi selesai 2 Juni. Cao lalu memberi pinjaman tanpa bunga sampai S$3 juta untuk diversifikasi, sedangkan bisnis berlian tumbuh-lab lama dilepas seluruhnya pada Agustus. Belum ada bisnis pengganti yang diumumkan selesai.",https://links.sgx.com/1.0.0/corporate-announcements/X3B3TXINNWQMTSOJ/877660_260306%20Metech%20-%20Anncmt%20-%20Update%20on%20Disposal%20of%20AET_Rejection%20by%20SGX_Exe.pdf
V3UB,"SHINHAN FINANCIAL GROUP CO., LTD.",1,2026-05-19,2026-05-19,tidak_ada_petunjuk,0,0,tidak_ada_petunjuk,Dokumen tunggal adalah konfirmasi pencatatan surat utang US$50 juta. Tidak ada bukti perubahan kendali penerbit pada bahan yang diperiksa.,
V3XW,MACQUARIE BANK LIMITED,1,2026-06-12,2026-06-12,tidak_ada_petunjuk,0,0,tidak_ada_petunjuk,Dokumen menjelaskan penyelesaian tunai waran indeks Nikkei 225. Tidak ada petunjuk transaksi kepemilikan atau pengendalian penerbit pada bahan yang diperiksa.,
V5HB,MELCO RESORTS FINANCE LIMITED,2,2026-08-25,2026-08-25,tidak_ada_petunjuk,0,0,tidak_ada_petunjuk,"Hanya pemberitahuan penebusan dipercepat instrumen utang. Tidak ditemukan perubahan saham, bisnis, atau pengendalian pada bahan yang diperiksa.",
V5KB,"KRUNG THAI BANK PUBLIC COMPANY LIMITED, ACTING THROUGH ITS CAYMAN ISLANDS BRANCH",2,2026-02-23,2026-02-23,tidak_ada_petunjuk,0,0,tidak_ada_petunjuk,Dua dokumen mengumumkan pelunasan dipercepat instrumen AT1. Tidak ditemukan pada bahan yang diperiksa transaksi pengendalian atau perubahan usaha penerbit.,
V5Q,SOILBUILD CONSTRUCTION GROUP LTD.,9,2026-01-05,2026-01-05,tidak_ada_petunjuk,0,0,tidak_ada_petunjuk,"Dokumen kode V5Q hanya mencakup rapat luar biasa dan pemecahan saham. Kode penerus ZQM, yang telah diperiksa sebagai perusahaan sama, memuat laporan rutin, perubahan direktur independen, dan sengketa adjudikasi; tidak ada bukti perubahan pengendali atau transaksi bisnis utama.",
V5ZB,HOUSING AND DEVELOPMENT BOARD,4,2026-02-25,2026-08-28,tidak_ada_petunjuk,0,0,tidak_ada_petunjuk,Empat dokumen adalah pemberitahuan pembayaran kupon. Tidak ditemukan transaksi pengambilalihan atau perubahan pengendalian dalam bahan yang diperiksa.,
V6CB,KT&G CORPORATION,1,2026-07-21,2026-07-21,tidak_ada_petunjuk,0,0,tidak_ada_petunjuk,Catatan tunggal adalah pencatatan notes senior tanpa jaminan. Tidak ditemukan transaksi pengendalian atau perubahan bisnis penerbit.,
V6FB,ASPIAL CORPORATION LIMITED,6,2026-03-27,2026-04-08,tidak_ada_petunjuk,0,0,tidak_ada_petunjuk,"Pengumuman mencatat perubahan kepentingan Koh Lee Hwee pada surat utang Aspial 6,50% jatuh tempo 2027, bukan perpindahan saham atau kendali penerbit. Pemberitahuan 8 April membetulkan tanggal transfer 250.000 obligasi pada pemberitahuan 27 Maret.",https://links.sgx.com/1.0.0/corporate-announcements/AI92GZKM53E8EI0P/880857__eFORM1%20-%20KLH.pdf
V7AB,Astrea 7 Pte. Ltd.,2,2026-05-12,2026-08-24,tidak_ada_petunjuk,0,0,tidak_ada_petunjuk,Arsip berisi pembayaran kupon dan peningkatan peringkat kredit. Kedua hal tersebut bukan bukti transaksi perubahan kendali atau bisnis penerbit.,
V7BB,ASTREA 7 PTE. LTD.,1,2026-05-12,2026-05-12,tidak_ada_petunjuk,0,0,tidak_ada_petunjuk,Dokumen tunggal adalah pemberitahuan pembayaran kupon. Tidak ditemukan transaksi pengendalian atau perubahan bisnis penerbit dalam bahan yang diperiksa.,
V7R,RESOURCES GLOBAL DEVELOPMENT LIMITED,78,2026-01-21,2026-08-14,transaksi_selesai,3,2,restrukturisasi_anak_usaha_indonesia,Resources Global Development menyelesaikan restrukturisasi internal dan memperoleh kepemilikan efektif 51% PT Paragon Karya Perkasa. Ini bukan perubahan pengendali penerbit SGX.,https://links.sgx.com/1.0.0/corporate-announcements/AQGYBND8CDV6C059/872686_RGD%20-%20Disposal%20of%20Shares%20in%20PT%20SINI.pdf
V7WB,LIBERTY FUNDING PTY LTD,8,2026-01-22,2026-08-21,tidak_ada_petunjuk,0,0,tidak_ada_petunjuk,"Delapan judul semuanya merupakan pembayaran kupon wajib atas instrumen Liberty Funding. Tidak ada transaksi saham, pembiayaan baru, bisnis, atau perubahan kendali pada bahan yang diperiksa.",
V8IB,SYDNEY AIRPORT FINANCE COMPANY PTY LIMITED,1,2026-04-28,2026-04-28,tidak_ada_petunjuk,0,0,tidak_ada_petunjuk,Satu pengumuman hanya mencatatkan obligasi EUR500 juta. Tidak ditemukan transaksi pengendalian atau bisnis pada bahan yang diperiksa.,
V8Y,QUANTUM HEALTHCARE LTD.,87,2026-01-05,2026-08-26,pantau,2,2,pantau,"Lampiran Form 3 untuk seluruh perubahan kepentingan substansial yang ditandai telah dibuka, bersama perubahan pengurus dalam judul. Tidak ada bukti dalam rangkaian yang dibuka bahwa satu pihak memperoleh pengendalian Quantum Healthcare.",
V9EB,NEW METRO GLOBAL LIMITED,1,2026-03-09,2026-03-09,tidak_ada_petunjuk,0,0,tidak_ada_petunjuk,"Satu dokumen adalah konfirmasi pencatatan guaranteed senior notes US$355 juta 11,8% yang jatuh tempo 2029. Tidak ada transaksi pengendalian atau bisnis yang diungkapkan.",
V9HB,LIBERTY FUNDING PTY LTD,7,2026-04-07,2026-09-08,tidak_ada_petunjuk,0,0,tidak_ada_petunjuk,"Dokumen mencatat pencatatan notes dan pembayaran kupon. Tidak ada perpindahan saham, kendali, atau bisnis penerbit.",
VA1B,"MIRAE ASSET SECURITIES CO.,LTD.",1,2026-03-11,2026-03-11,tidak_ada_petunjuk,0,0,tidak_ada_petunjuk,Dokumen tunggal adalah konfirmasi pencatatan senior notes US$300 juta jatuh tempo 2029. Tidak ditemukan petunjuk perubahan pengendali atau bisnis.,
VAHW,MACQUARIE BANK LIMITED,1,2026-02-03,2026-02-03,tidak_ada_petunjuk,0,0,tidak_ada_petunjuk,"Satu dokumen memuat pelaksanaan waran wajib. Tidak ditemukan transaksi pengambilalihan, perubahan pemegang saham pengendali, atau perubahan usaha penerbit.",
VAUB,NTT FINANCE CORPORATION,1,2026-09-18,2026-09-18,tidak_ada_petunjuk,0,0,tidak_ada_petunjuk,"Satu judul adalah pembayaran kupon wajib. Tidak ada judul atau dokumen transaksi pengendalian, pembelian bisnis, atau perubahan pemegang saham.",
VC2,OLAM GROUP LIMITED,17,2026-04-09,2026-08-13,transaksi_selesai,2,2,transaksi_selesai,"Olam Group menyelesaikan penjualan atau melanjutkan proses penjualan saham pada Olam Agri, ARISE P&L, dan Mindsprint; transaksi tersebut adalah pelepasan anak usaha/investasi oleh penerbit, bukan perubahan pengendali Olam Group. Pembiayaan dan perubahan pengurus yang diperiksa tidak memberi bukti bahwa penerbit SGX diambil alih.",
VEBB,BAYFRONT INFRASTRUCTURE CAPITAL V PTE. LTD.,2,2026-04-13,2026-04-13,tidak_ada_petunjuk,0,0,tidak_ada_petunjuk,Arsip hanya memuat pembayaran kupon surat utang. Tidak ditemukan transaksi pengendalian atau akuisisi bisnis.,
VEUB,CHINA HONGQIAO GROUP LIMITED,4,2026-08-10,2026-09-11,tidak_ada_petunjuk,0,0,tidak_ada_petunjuk,"Arsip hanya memuat pemberitahuan penebusan awal instrumen utang. Tidak ditemukan transaksi saham, bisnis, atau pengendalian penerbit pada bahan diperiksa.",
VF6B,REPUBLIC OF INDONESIA,1,2026-05-29,2026-05-29,tidak_ada_petunjuk,0,0,tidak_ada_petunjuk,Pengumuman hanya mencatat pencatatan obligasi Republik Indonesia EUR650 juta bertenor 2038. Tidak ada transaksi pengendali atau bisnis yang diungkapkan.,
VFGB,THE KOREA DEVELOPMENT BANK,1,2026-01-28,2026-01-28,tidak_ada_petunjuk,0,0,tidak_ada_petunjuk,"Satu pengumuman hanya konfirmasi pencatatan notes US$1,25 miliar. Tidak ditemukan transaksi pengendalian atau perubahan bisnis penerbit.",
VFNW,UBS AG,1,2026-03-25,2026-03-25,tidak_ada_petunjuk,0,0,tidak_ada_petunjuk,"Satu pengumuman menyatakan perdagangan dilanjutkan setelah penangguhan. Tidak ada rincian transaksi saham, utang, bisnis, atau perubahan kendali UBS AG.",
VGSB,FRASER AND NEAVE LIMITED.,2,2026-05-22,2026-05-22,tidak_ada_petunjuk,0,0,tidak_ada_petunjuk,Pengumuman menyatakan pelunasan pada jatuh tempo dan pembatalan surat utang F&N S$75 juta. Tidak ditemukan perubahan pengendali penerbit dalam bahan yang diperiksa.,
VH1B,"TAKASHIMAYA COMPANY, LIMITED",13,2026-01-06,2026-03-02,tidak_ada_petunjuk,0,0,tidak_ada_petunjuk,"Seluruh pengumuman transaksi yang terpicu telah diperiksa: tender, pembelian kembali, pembatalan, dan early redemption obligasi konversi 2028. Rangkaian ini mengelola kewajiban dan potensi dilusi, bukan transaksi pengalihan saham atau kendali Takashimaya.",
VHDB,IDREAMSKY TECHNOLOGY HOLDINGS LIMITED,5,2026-06-02,2026-06-04,belum_cukup,0,0,belum_cukup,Pemberitahuan resolusi tertulis dan kedua lampiran usul perubahan syarat obligasi konversi HK$386 juta telah dibuka. Bahan tersebut membahas instrumen utang; tidak memuat bukti perubahan kepemilikan atau kendali penerbit.,
VHPB,LIBERTY FUNDING PTY LTD,8,2026-01-22,2026-08-21,tidak_ada_petunjuk,0,0,tidak_ada_petunjuk,"Delapan pengumuman adalah pembayaran kupon instrumen Liberty Funding. Tidak ditemukan perpindahan saham, bisnis, pembiayaan ekuitas, atau perubahan pengendalian dalam bahan yang diperiksa.",
VI2,TRANS-CHINA AUTOMOTIVE HOLDINGS LIMITED,75,2026-02-25,2026-08-31,pantau,2,1,pengendali_lama_memperbesar_porsi_melalui_hak_saham,"Trans-China menyelesaikan penerbitan hak saham yang hanya terserap 63,04%. Octo Holdings mengambil 320.800.659 saham, termasuk hampir seluruh permohonan saham lebih, sehingga porsinya naik dari 52,58% menjadi 68,26%. Octo sudah merupakan pengendali dan dimiliki penuh pimpinan perusahaan Francis Tjia. Pemegang lama TCA Investments tidak mengambil hak dan terdilusi dari 5,55% menjadi 3,54%. Dana terutama dipakai membayar kewajiban, termasuk kepada Octo.",https://links.sgx.com/1.0.0/corporate-announcements/Y7IZHR2OXK0LW62Y/881779_TCAH%20-%20%20IPT%20-%20Use%20of%20Market%20Capitalisation%20as%20Basis%20for%20Computing%20Materiality%20Threshold.pdf
VI8W,MACQUARIE BANK LIMITED,1,2026-06-30,2026-06-30,tidak_ada_petunjuk,0,0,tidak_ada_petunjuk,Dokumen tunggal adalah pengumuman instrumen waran. Tidak ada transaksi pengendalian atau bisnis penerbit yang terlihat pada bahan yang diperiksa.,
VIN,VINS HOLDINGS LTD,88,2026-01-12,2026-08-14,pantau,2,2,pantau,Anak usaha penuh VIN menandatangani usaha patungan 50:50 dengan Volt Auto untuk bengkel resmi Dongfeng. VABP dinyatakan dikendalikan bersama dan bukan anak usaha VIN; tidak ada bukti bahwa transaksi ini mengubah pengendali VIN.,https://links.sgx.com/1.0.0/corporate-announcements/2QVV3N7JCAWFYE3C/900220_Vins%20-%20Entry%20into%20a%20Joint%20Venture%20and%20Shareholders%20Agreement.pdf
VK3B,THAKRAL CORPORATION LTD,1,2026-04-14,2026-04-14,tidak_ada_petunjuk,0,0,tidak_ada_petunjuk,Satu dokumen adalah konfirmasi pencatatan notes Thakral S$70 juta 5% jatuh tempo 2029. Tidak ada perubahan pengendali atau transaksi usaha yang diungkapkan dalam bahan yang diperiksa.,
VK8,UOB ASSET MANAGEMENT LTD,38,2026-01-02,2026-09-18,pantau,0,0,pantau,Dokumen terbuka menyatakan nilai aset bersih per unit ETF UOBAM FTSE China A50. Tidak memuat transaksi kendali atau bisnis.,
VKOB,LIBERTY FUNDING PTY LTD,8,2026-01-22,2026-08-21,tidak_ada_petunjuk,0,0,tidak_ada_petunjuk,Delapan dokumen seluruhnya berupa pemberitahuan pembayaran kupon. Tidak ditemukan transaksi pengambilalihan atau perubahan pengendalian dalam bahan yang diperiksa.,
VL9B,VEDANTA RESOURCES FINANCE II PLC,2,2026-07-30,2026-07-30,pantau,1,1,pantau,"Pemberitahuan 30 Juli menyatakan penebusan bersyarat obligasi 11,25% jatuh tempo 2031 pada 7 Agustus 2026. Penebusan bergantung pada syarat pembiayaan kembali; tidak ada pemberitahuan hasil dalam arsip yang diperiksa.",https://links.sgx.com/1.0.0/corporate-announcements/5CR151BJC24RAA8D/2febd995c03008e17d4d3d5ff9d14755b183b6d79490349a022b9579ce99018e
VLBB,HOUSING AND DEVELOPMENT BOARD,2,2026-06-30,2026-06-30,tidak_ada_petunjuk,0,0,tidak_ada_petunjuk,"Arsip hanya berisi pembayaran kupon surat utang Housing and Development Board. Tidak ditemukan transaksi saham, bisnis, atau kendali dalam bahan yang diperiksa.",
VLNB,TIDLOR HOLDINGS PUBLIC COMPANY LIMITED,1,2026-08-07,2026-08-07,tidak_ada_petunjuk,0,0,tidak_ada_petunjuk,"Satu pengumuman hanya mengonfirmasi pencatatan notes senior bergaransi JPY16,5 miliar jatuh tempo 2029. Tidak ada bukti transaksi saham, bisnis, atau kendali Tidlor dalam bahan yang diperiksa.",https://links.sgx.com/1.0.0/corporate-announcements/1D43H254IG9ZU9QV/16b610ea0c5a5d266d61514b0c26611dd1469acdeabbad0cb914dcad76317683
VMUB,DBS Trustee Limited (trustee of Lendlease Global Commercial REIT),5,2026-04-23,2026-08-11,tidak_ada_petunjuk,0,0,tidak_ada_petunjuk,"Rangkaian adalah konfirmasi pencatatan, penarikan kembali, dan putusan pajak atas surat berharga perpetual S$120 juta. Tidak ditemukan transaksi unit atau perubahan kendali dana dalam bahan yang diperiksa.",
VO3B,SCOTIABANK CHILE,1,2026-07-30,2026-07-30,tidak_ada_petunjuk,0,0,tidak_ada_petunjuk,Satu dokumen adalah konfirmasi pencatatan surat utang US$15 juta. Tidak ditemukan transaksi perubahan kendali atau bisnis pada bahan yang diperiksa.,
VORB,"THE CHIBA BANK, LTD.",1,2026-08-26,2026-08-26,tidak_ada_petunjuk,0,0,tidak_ada_petunjuk,Satu pengumuman mengonfirmasi pencatatan obligasi US$300 juta Chiba Bank. Tidak ditemukan transaksi saham atau pengendalian dalam bahan yang diperiksa.,
VQ0B,MITSUBISHI MATERIALS CORPORATION,1,2026-07-24,2026-07-24,tidak_ada_petunjuk,0,0,tidak_ada_petunjuk,Satu pengumuman adalah pencatatan obligasi konversi tanpa kupon ¥35 miliar jatuh tempo 2030. Tidak ada transaksi pengendali atau bisnis yang diungkapkan.,
VQMB,DBS BANK LTD.,1,2026-03-31,2026-03-31,tidak_ada_petunjuk,0,0,tidak_ada_petunjuk,"Satu dokumen adalah konfirmasi pencatatan surat utang fixed-rate DBS. Tidak ditemukan transaksi kendali, bisnis, atau pemegang saham penerbit dalam bahan yang diperiksa.",
VQQB,MANULIFE FINANCIAL CORPORATION,1,2026-06-04,2026-06-04,tidak_ada_petunjuk,0,0,tidak_ada_petunjuk,Satu pengumuman hanya mengonfirmasi pencatatan surat utang subordinasi S$500 juta yang jatuh tempo 2036. Tidak ditemukan transaksi bisnis atau perubahan pengendali.,
VQZB,HOUSING AND DEVELOPMENT BOARD,4,2026-02-20,2026-08-24,tidak_ada_petunjuk,0,0,tidak_ada_petunjuk,Dua pengumuman adalah pembayaran kupon obligasi HDB. Tidak ditemukan petunjuk transaksi kendali atau bisnis dalam bahan yang diperiksa.,
VRBB,VRBB · UNITED OVERSEAS BANK LIMITED,3,2026-09-08,2026-09-09,pantau,0,0,pantau,"Dokumen dalam arsip berkaitan dengan instrumen utang, pembayaran kupon, atau warrant; tidak ada rangkaian perubahan pengendali penerbit yang terlihat dalam bahan yang diperiksa.",
VRIB,"SHUIFA INTERNATIONAL HOLDINGS (BVI) CO., LTD",2,2026-04-27,2026-04-29,tidak_ada_petunjuk,0,0,tidak_ada_petunjuk,Dua pengumuman adalah konfirmasi dan penggantian konfirmasi pencatatan obligasi terjamin. Tidak ada bukti perubahan pemegang saham atau kendali penerbit pada bahan yang diperiksa.,
VSNB,DBS GROUP HOLDINGS LTD,2,2026-01-22,2026-01-22,tidak_ada_petunjuk,0,0,tidak_ada_petunjuk,"Dokumen adalah pemberitahuan pelunasan seluruh surat utang subordinasi RMB1,6 miliar pada 3 Maret 2026 setelah persetujuan otoritas moneter. Tidak ditemukan transaksi bisnis atau perubahan pengendali.",
VT0B,OLAM GROUP LIMITED,10,2026-07-08,2026-07-31,tidak_ada_petunjuk,0,0,tidak_ada_petunjuk,"Kedua pengumuman pembelian kembali/panggilan dan pembaruan lanjutannya telah dibuka. Seluruh rangkaian berkaitan dengan surat berharga perpetual, bukan pembelian saham penerbit atau perubahan pengendali Olam.",
VURB,IFAST CORPORATION LTD.,1,2026-03-03,2026-03-03,tidak_ada_petunjuk,0,0,tidak_ada_petunjuk,"Dokumen mengonfirmasi pencatatan surat utang iFAST S$120 juta 2,75% jatuh tempo 2031. Tidak ditemukan petunjuk pengalihan saham pengendali atau perubahan usaha penerbit.",https://links.sgx.com/1.0.0/corporate-announcements/IZHLXNS7BFAWBRLP/151c0cf9c87da4926db91be614d0b8a19ad28e3aecea3cf6c3cd34d6ff128504
VVL,ALPHA DX GROUP LIMITED,16,2026-01-26,2026-08-28,tidak_ada_petunjuk,0,0,tidak_ada_petunjuk,"Alpha DX berada dalam likuidasi wajib. Pembaruan Agustus 2026 menyatakan tiga anak usaha telah mengadakan rapat akhir untuk menyetujui pembubaran dan pelepasan likuidator; tidak ditemukan pembeli, pendanaan, atau perubahan kendali baru dalam bahan diperiksa.",https://links.sgx.com/1.0.0/corporate-announcements/6SG3FV1W62E0130L/902694_2026.08.28%20ADX%20-%20Monthly%20Update%20Aug-26.pdf
VVUB,EHI CAR SERVICES LIMITED,1,2026-04-14,2026-04-14,tidak_ada_petunjuk,0,0,tidak_ada_petunjuk,"Satu pengumuman adalah konfirmasi pencatatan surat utang EHI Car Services US$152,065 juta. Tidak ditemukan transaksi kendali penerbit pada bahan yang diperiksa.",
VW3B,KOREA EXPRESSWAY CORPORATION,1,2026-03-06,2026-03-06,tidak_ada_petunjuk,0,0,tidak_ada_petunjuk,Satu dokumen merupakan konfirmasi pencatatan surat utang senior tanpa jaminan US$100 juta jatuh tempo 2029. Tidak ada petunjuk perubahan kendali.,
VW7B,PT BANK NEGARA INDONESIA (PERSERO) TBK,1,2026-04-22,2026-04-22,tidak_ada_petunjuk,0,0,tidak_ada_petunjuk,Satu dokumen adalah konfirmasi pencatatan instrumen modal Tier 1 tambahan. Tidak ditemukan transaksi bisnis atau perubahan pengendali.,
VWPB,REPUBLIC OF INDONESIA,1,2026-05-29,2026-05-29,tidak_ada_petunjuk,0,0,tidak_ada_petunjuk,"Satu pengumuman adalah konfirmasi pencatatan obligasi negara Republik Indonesia US$1,25 miliar jatuh tempo 2036. Tidak ditemukan transaksi kendali atau bisnis.",
VXFB,UNITED OVERSEAS BANK LIMITED,1,2026-09-08,2026-09-08,tidak_ada_petunjuk,0,0,tidak_ada_petunjuk,"Satu dokumen hanya mencatat pencatatan covered bonds UOB EUR500 juta kupon 3,118% jatuh tempo 2028. Tidak ada perubahan pengendali atau bisnis.",
VY2W,MACQUARIE BANK LIMITED,1,2026-03-30,2026-03-30,tidak_ada_petunjuk,0,0,tidak_ada_petunjuk,Catatan tunggal adalah pelaksanaan warrant. Tidak ditemukan transaksi pengendalian atau perubahan bisnis penerbit.,
W05,WING TAI HOLDINGS LIMITED,298,2026-01-02,2026-09-18,pantau,1,1,pantau,"Dalam bahan yang diperiksa, pengendalian telah berada pada Cheng Wai Keung melalui kepentingan langsung dan dianggap; akumulasi saham pasangannya menaikkan total kepentingannya dari 62,34% pada 2 Januari menjadi 63,55% pada 18 September 2026. Transaksi usaha yang terbuka adalah pengembangan dan pelepasan aset biasa serta usaha patungan properti, bukan pembelian pengendali W05 oleh pihak luar. Tidak ditemukan hubungan Indonesia yang spesifik pada transaksi W05 dalam bahan ini.",https://links.sgx.com/1.0.0/corporate-announcements/DZZU9L7G7LSYLY4C/871072__eFORM1_ChengWK_021026_Final.pdf
W0HB,"KUBOTA CREDIT CORPORATION, U.S.A.",1,2026-05-26,2026-05-26,tidak_ada_petunjuk,0,0,tidak_ada_petunjuk,Pengumuman mengonfirmasi pencatatan obligasi bergaransi US$500 juta jatuh tempo 2029. Tidak ada transaksi pengendalian atau perubahan bisnis penerbit dalam bahan yang diperiksa.,
W1XW,INCREDIBLE HOLDINGS LTD.,1,2026-09-07,2026-09-07,tidak_ada_petunjuk,0,0,tidak_ada_petunjuk,"Delisting hanya terkait waran W240204 yang sudah kedaluwarsa pada 4 Februari 2024, bukan delisting saham atau perubahan kendali Incredible Holdings.",https://links.sgx.com/1.0.0/corporate-announcements/IDXQA1GCJKW0UD1R/ff8dc36a17341766305b6f7e58102a1ecd13322315804d168157a709393965ba
W4BB,GC TREASURY CENTER COMPANY LIMITED,2,2026-07-07,2026-07-07,tidak_ada_petunjuk,0,0,tidak_ada_petunjuk,"Arsip mencatat pembelian kembali dan pembatalan sebagian surat utang senior. Ini pengelolaan utang, bukan bukti transaksi pengendalian atau perubahan usaha penerbit.",
W5NB,ASTREA 7 PTE. LTD.,1,2026-05-12,2026-05-12,tidak_ada_petunjuk,0,0,tidak_ada_petunjuk,"Satu pengumuman adalah pembayaran kupon 5,35% atas obligasi Class A-2 Astrea 7. Tidak ada transaksi saham, bisnis, atau pengendalian.",
W5UB,RAFFLES EDUCATION LIMITED,2,2026-03-06,2026-09-08,tidak_ada_petunjuk,0,0,tidak_ada_petunjuk,"Pengumuman terkait pembayaran kupon obligasi konversi Raffles Education setelah sebagian obligasi dikonversi. Tidak ditemukan penjualan saham pengendali, pembelian bisnis, atau perubahan kendali penerbit pada bahan diperiksa.",
W7TB,CMT MTN PTE. LTD.,1,2026-03-10,2026-03-10,tidak_ada_petunjuk,0,0,tidak_ada_petunjuk,Dokumen tunggal adalah konfirmasi pencatatan surat utang S$300 juta berbunga tetap jatuh tempo 2031. Tidak ditemukan petunjuk transaksi bisnis atau perubahan pengendali.,
W8EB,"JFE HOLDINGS, INC.",9,2026-02-05,2026-08-06,pantau,0,0,pantau,"Pemberitahuan mengubah harga konversi obligasi konversi JPY90 miliar akibat dividen. Dokumen tidak menyatakan penerbitan saham baru, perubahan pemegang saham, atau perubahan kendali JFE.",https://links.sgx.com/1.0.0/corporate-announcements/4H0CX19WETRJKW2I/894045_20260624%20Notice%20to%20the%20holders%20of%20the%20outstanding%20Zero%20Coupon%20Convertible%20Bonds%20due%202028.pdf
W8W,COLIWOO HOLDINGS LIMITED,56,2026-01-07,2026-09-09,pantau,2,2,pantau,"Coliwoo menyelesaikan pembelian hotel strata di Changi, tetapi usulan jual-dan-sewa-kembali Coliwoo Midtown masih bersyarat pada persetujuan dan syarat lain di akhir arsip. Itu transaksi aset dan pembiayaan operasional, bukan bukti perubahan kendali Coliwoo.",https://links.sgx.com/1.0.0/corporate-announcements/H748W1Y405EFVKVA/880745_CHL%20Completion%20of%20Acquisition%20of%202%20Changi%20Business%20Park.pdf
WB9B,WORLEY US FINANCE SUB LIMITED,13,2026-02-25,2026-08-25,tidak_ada_petunjuk,0,0,tidak_ada_petunjuk,"Arsip memuat hasil keuangan, prospek dampak konflik Timur Tengah, dan laporan tahunan/tata kelola. Tidak ditemukan transaksi pengendalian atau perubahan bisnis melalui akuisisi/disposal pada bahan yang diperiksa.",
WBZB,F&N TREASURY PTE. LTD.,3,2026-01-20,2026-01-20,tidak_ada_petunjuk,0,0,tidak_ada_petunjuk,"F&N Treasury menerbitkan dan mencatat notes S$125 juta, kupon 2,6%, jatuh tempo 2033, di bawah program utang multivaluta S$2 miliar. Ini pendanaan utang penerbit instrumen, bukan bukti perubahan pengendali F&N atau F&N Treasury.",https://links.sgx.com/1.0.0/corporate-announcements/PHGB1JT41SO6PA3R/32ea00fa7d4afa78ffef2a2b7814dd04d716f2bc7f986f3b70e323542dc0847b
WCEB,Land Transport Authority,2,2026-05-11,2026-05-11,tidak_ada_petunjuk,0,0,tidak_ada_petunjuk,"Dokumen yang tersedia adalah pembayaran kupon wajib. Tidak ditemukan transaksi saham, bisnis, atau pengendalian penerbit dalam bahan yang diperiksa.",
WD3B,NTT FINANCE CORPORATION,1,2026-09-18,2026-09-18,tidak_ada_petunjuk,0,0,tidak_ada_petunjuk,Pengumuman hanya pembayaran kupon obligasi US$750 juta NTT Finance. Tidak ditemukan transaksi pengendalian atau bisnis pada bahan yang diperiksa.,
WD7B,THE KOREA DEVELOPMENT BANK,1,2026-09-10,2026-09-10,tidak_ada_petunjuk,0,0,tidak_ada_petunjuk,Dokumen hanya konfirmasi pencatatan notes US$1 miliar. Tidak terdapat transaksi bisnis atau pengendalian penerbit dalam bahan yang diperiksa.,https://links.sgx.com/1.0.0/corporate-announcements/NQ3C9ZEM35DR1U1V/90f97d19541ff912d5d2be9a5849a003fd3858a61e168c0c2fd6f67c56d0d649
WFKB,BOC AVIATION LIMITED,1,2026-01-12,2026-01-12,pantau,0,0,pantau,Dokumen adalah konfirmasi pencatatan surat utang US$500 juta. Tidak ditemukan bukti transaksi kendali dalam bahan yang diperiksa.,
WH3B,BAYFRONT INFRASTRUCTURE CAPITAL IV PTE. LTD.,4,2026-04-13,2026-09-09,tidak_ada_petunjuk,0,0,tidak_ada_petunjuk,"Bahan memuat pembayaran kupon dan pemberitahuan penebusan seluruh surat utang pada 13 Oktober 2026 atas arahan pemegang saham preferen mayoritas. Ini adalah likuidasi/realisasi jaminan untuk melunasi surat utang, bukan bukti pengalihan pengendali penerbit.",https://links.sgx.com/1.0.0/corporate-announcements/BC1OZVACCCPNTXAL/903784_BIC%20IV%20Redemption%20-%20Initial%20Redemption%20Notice%20from%20Issuer%20to%20Noteholders.pdf
WHDB,NBN CO LIMITED,1,2026-05-29,2026-05-29,tidak_ada_petunjuk,0,0,tidak_ada_petunjuk,"Satu dokumen mengonfirmasi pencatatan notes EUR750 juta 3,75% jatuh tempo 2033. Tidak ditemukan transaksi kendali atau bisnis dalam bahan yang diperiksa.",
WI2B,OUE TREASURY PTE. LTD.,1,2026-05-18,2026-05-18,tidak_ada_petunjuk,0,0,tidak_ada_petunjuk,Satu pengumuman adalah konfirmasi pencatatan green notes S$150 juta jatuh tempo 2033. Penerbitan utang tersebut tidak membuktikan perubahan pengendalian penerbit.,
WI3B,DBS BANK LTD.,1,2026-08-19,2026-08-19,tidak_ada_petunjuk,0,0,tidak_ada_petunjuk,Satu dokumen adalah pemberitahuan jatuh tempo instrumen DBS Bank EUR1 miliar. Tidak ada transaksi pengendalian atau bisnis yang diungkapkan.,
WJ9,ADVANCED SYSTEMS AUTOMATION LIMITED,143,2026-01-07,2026-09-18,prioritas,5,5,dua_transaksi_bersyarat,"Advanced Systems Automation merencanakan konversi utang S$2 juta menjadi 555.555.555 saham bagi Advance Opportunities Fund I, yang akan memiliki sekitar 25,02% dan disebut menjadi pemegang pengendali. Terpisah, ASA menyepakati penjualan bersyarat seluruh LSO Organization Holdings kepada PT Sumber Mas Konstruksi Tbk dengan imbalan sampai S$13 juta berupa saham SMKM. Respons bursa September menegaskan nilainya bukan kas langsung dan peninjauan transaksi pihak berkepentingan serta kemungkinan ratifikasi masih terbuka. Sampai 19 September tidak ada bukti salah satu transaksi selesai.",https://links.sgx.com/1.0.0/corporate-announcements/IHOHH3RXAAO8QR56/871540_ASA%20Debt%20Equity%20Swap%20Announcement.pdf
WJP,VICOM LTD,52,2026-01-15,2026-08-21,tidak_ada_petunjuk,1,1,tidak_ada_petunjuk,"Laporan tahunan, corrigendum, dan materi rapat yang ditandai telah diperiksa, di samping pengumuman suksesi CEO. Perubahan pengurus merupakan suksesi internal; tidak ditemukan bukti pemegang saham baru, penjualan bisnis, atau perubahan kendali VICOM.",https://links.sgx.com/1.0.0/corporate-announcements/OP8HUBVPMXAKYUNF/894065_VICOM%20-%2020260624%20-%20Change%20of%20CEOs%20and%20Boards.pdf
WJUB,"KOREA EAST-WEST POWER CO., LTD.",1,2026-07-13,2026-07-13,tidak_ada_petunjuk,0,0,tidak_ada_petunjuk,Arsip hanya memuat konfirmasi pencatatan transition notes Korea East-West Power; tidak ditemukan petunjuk transaksi pengendalian atau bisnis.,
WK4W,SG ISSUER,1,2026-07-16,2026-07-16,tidak_ada_petunjuk,0,0,tidak_ada_petunjuk,"Dokumen tunggal adalah pencatatan daily leverage certificates, yaitu produk pasar dan bukan transaksi kendali penerbit. Tidak ditemukan petunjuk perubahan bisnis atau pengendali.",
WKOB,KOREA SECURITIES FINANCE CORPORATION,1,2026-09-17,2026-09-17,tidak_ada_petunjuk,0,0,tidak_ada_petunjuk,Dokumen tunggal mencatat pencatatan obligasi senior US$300 juta. Tidak ada petunjuk perubahan pengendalian.,
WKS,WINKING STUDIOS LIMITED,67,2026-01-29,2026-09-16,belum_cukup,1,1,belum_cukup,"Akuisisi Ampera, pembaruan investasi Ampera, dan pengungkapan kepentingan Acer telah dibuka. Tidak ada bukti perubahan pengendali WKS dalam dokumen ini, tetapi hasil tidak dinyatakan negatif final karena belum semua transaksi dibuka.",
WLDB,KOREA NATIONAL OIL CORPORATION,4,2026-02-06,2026-05-20,tidak_ada_petunjuk,0,0,tidak_ada_petunjuk,Dua lampiran dan pengumuman terkait mencatat pembayaran bunga obligasi Korea National Oil Corporation. Tidak ditemukan transaksi kendali atau bisnis dalam bahan yang diperiksa.,
WLMB,INFRONEER HOLDINGS INC.,10,2026-02-10,2026-08-07,tidak_ada_petunjuk,0,0,tidak_ada_petunjuk,Pengumuman mencakup hasil keuangan dan penyesuaian harga konversi obligasi konversi akibat dividen luar biasa. Tidak ada bukti penerbitan saham kepada pihak pengendali baru atau perpindahan kendali Infroneer dalam bahan yang diperiksa.,https://links.sgx.com/1.0.0/corporate-announcements/1RZ8YLBURBBSZORA/888039_Notice%20Regarding%20Adjustment%20of%20Conversion%20Price%20for%20Zero%20Coupon%20Convertible%20Bonds%20Due%202029.pdf
WLVB,"MIRAE ASSET SECURITIES CO.,LTD.",1,2026-07-06,2026-07-06,tidak_ada_petunjuk,0,0,tidak_ada_petunjuk,Satu pengumuman hanya mengonfirmasi pencatatan senior notes US$300 juta Mirae Asset Securities. Tidak ditemukan transaksi kendali atau bisnis penerbit SGX dalam bahan yang diperiksa.,
WM7B,MERIT HOLDINGS LTD.,3,2026-01-06,2026-04-15,tidak_ada_petunjuk,0,0,tidak_ada_petunjuk,Tiga judul berhubungan dengan pembayaran kupon dan jatuh tempo akhir instrumen. Tidak ditemukan petunjuk transaksi bisnis atau perubahan pengendali pada bahan diperiksa.,
WNH,AUTAGCO LTD.,105,2026-05-08,2026-09-16,transaksi_selesai,4,5,pengendali_baru_dan_pivot_usaha_selesai,"WNH adalah kelanjutan kode 1D3 untuk Autagco. Setelah Soh Yeow Hwa dan Kan Li Ling masing-masing memperoleh 20,33% melalui penerbitan saham yang selesai, Soh masuk sebagai direktur dan pimpinan sementara, Stanley Li menjadi ketua eksekutif dan pimpinan utama, dan anak usaha lama dilikuidasi. Pemegang saham pada 8 September menyetujui pembelian bersyarat Edge Green Energy serta perluasan usaha ke perawatan, pekerjaan mekanikal-elektrikal, dan properti. Stanley Li dinyatakan pernah mengelola proyek di Indonesia dan negara Asia lain; ini hubungan pengalaman, bukan bukti aset Indonesia.",https://links.sgx.com/1.0.0/corporate-announcements/XPOMQ961G2SSQFCV/889204_Autagco%20Ann%20-%20Completion%20of%20Subscription.pdf
WNSB,"WNSB · MITSUI SUMITOMO INSURANCE CO., LTD.",1,2026-03-05,2026-03-05,tidak_ada_petunjuk,0,0,tidak_ada_petunjuk,"Satu dokumen adalah konfirmasi pencatatan obligasi Mitsui Sumitomo Insurance. Tidak ditemukan dalam bahan yang diperiksa transaksi saham, bisnis, atau perubahan pengendali.",
WO4W,MACQUARIE BANK LIMITED,1,2026-03-30,2026-03-30,tidak_ada_petunjuk,0,0,tidak_ada_petunjuk,"Satu pengumuman adalah pelaksanaan waran. Tidak ditemukan transaksi pengendalian, akuisisi bisnis, atau pembiayaan yang mengubah arah penerbit pada bahan yang diperiksa.",
WOGB,"TAIZHOU URBAN CONSTRUCTION AND INVESTMENT DEVELOPMENT GROUP CO., LTD.",1,2026-07-27,2026-07-27,tidak_ada_petunjuk,0,0,tidak_ada_petunjuk,Seluruh judul diperiksa. Arsip hanya memuat konfirmasi pencatatan obligasi; tidak ditemukan transaksi kendali penerbit.,
WPC,VALLIANZ HOLDINGS LIMITED,44,2026-02-26,2026-08-25,belum_cukup,1,1,belum_cukup,"Vallianz mengusulkan skema opsi saham karyawan; itu bukan tawaran pengambilalihan. Namun formulir pemegang saham besar Rawabi pada Agustus tidak dapat diekstrak sebagai isi formulir, sehingga bahan ini belum cukup untuk memastikan dampaknya terhadap kepemilikan atau kendali.",https://links.sgx.com/1.0.0/corporate-announcements/6YC0FV90ZZQK6JO5/883748_3.%20Vallianz_Letter%20to%20Shareholders_ESOS.pdf
WPHB,"JERA CO., INC.",4,2026-06-17,2026-06-17,tidak_ada_petunjuk,0,0,tidak_ada_petunjuk,"Arsip berisi hasil keuangan JERA untuk periode lama; tag Indonesia dan perantara muncul dalam uraian operasi/akun, bukan sebagai transaksi perubahan kendali. Tidak ditemukan transaksi pengambilalihan atau perubahan arah utama pada bahan diperiksa.",
WRPB,LIBERTY FUNDING PTY LTD,8,2026-01-22,2026-08-21,tidak_ada_petunjuk,0,0,tidak_ada_petunjuk,"Delapan pengumuman seluruhnya pembayaran kupon wajib atas instrumen Liberty Funding. Tidak ditemukan transaksi saham, bisnis, atau pengendali dalam bahan yang diperiksa.",
WSRB,Penerbit instrumen WSRB,3,2026-03-09,2026-09-07,tidak_ada_petunjuk,0,0,tidak_ada_petunjuk,Arsip memuat konfirmasi pencatatan notes EUR20 juta dan dua pembayaran kupon. Tidak ditemukan transaksi kendali atau perubahan usaha dalam bahan yang diperiksa.,
WSWB,DBS BANK LTD.,3,2026-03-10,2026-09-10,tidak_ada_petunjuk,0,0,tidak_ada_petunjuk,Dokumen membahas pencatatan notes USD409 juta dan pembayaran kupon. Tidak ada transaksi pengendalian atau bisnis DBS yang diungkapkan.,
WTLB,THE BANK OF NOVA SCOTIA,1,2026-06-29,2026-06-29,tidak_ada_petunjuk,0,0,tidak_ada_petunjuk,"Satu dokumen mengonfirmasi pencatatan notes callable Bank of Nova Scotia US$50 juta, kupon 4,87%, jatuh tempo 2029. Tidak ada transaksi pengendali atau bisnis yang diungkapkan.",
WTUW,MACQUARIE BANK LIMITED,1,2026-06-12,2026-06-12,tidak_ada_petunjuk,0,0,tidak_ada_petunjuk,Satu pengumuman wajib mengenai pelaksanaan waran tidak memuat perubahan kendali Macquarie Bank Limited.,
WU4B,CHINA OIL AND GAS GROUP LIMITED,1,2026-02-04,2026-02-04,tidak_ada_petunjuk,0,0,tidak_ada_petunjuk,"Dokumen konfirmasi pencatatan senior notes US$300 juta jatuh tempo 2029 dibuka. Pendanaan ini tidak memuat bukti akuisisi, perubahan arah usaha, atau perubahan pengendali China Oil and Gas Group.",
WUEB,IOCHPE-MAXION AUSTRIA GMBH,2,2026-07-14,2026-07-14,transaksi_selesai,0,0,transaksi_selesai,"Penerbit dan penjamin memilih menebus seluruh surat utang sebelum jatuh tempo pada 24 Juli 2026. Ini pelunasan utang, bukan perubahan kendali atau pembelian bisnis.",https://links.sgx.com/1.0.0/corporate-announcements/NCOZSB4BU747UWZS/896353_Iochpe%20Maxion%20Notice%20of%20Redemption%202028%20Notes%20Units.pdf
WUWB,WUWB · DBS BANK LTD.,1,2026-06-18,2026-06-18,tidak_ada_petunjuk,0,0,tidak_ada_petunjuk,Satu pengumuman adalah konfirmasi pencatatan notes DBS Bank. Tidak ditemukan dalam bahan yang diperiksa perubahan pengendali atau transaksi bisnis penerbit.,
WV2B,"MERCARI, INC.",2,2026-08-05,2026-08-05,tidak_ada_petunjuk,0,0,tidak_ada_petunjuk,"Tidak ada judul yang memicu pemeriksaan transaksi pengendalian, saham, atau usaha; tidak ditemukan petunjuk dalam bahan yang diperiksa.",
WWJB,SHUI ON DEVELOPMENT (HOLDING) LIMITED,17,2026-01-26,2026-09-16,pantau,1,1,pantau,Penerbit mengumumkan pelepasan properti di Chongqing dan kemudian identitas pemilik manfaat pembeli. Ini transaksi aset; belum ada dokumen penyelesaian atau bukti perubahan pengendali penerbit dalam arsip.,https://links.sgx.com/1.0.0/corporate-announcements/MEME8496P77TQIAM/904343_e_SOL_Supplemental%20Annoumcement%20_DT.pdf
WWQB,VALUEMAX GROUP LIMITED,1,2026-07-13,2026-07-13,tidak_ada_petunjuk,0,0,tidak_ada_petunjuk,"Satu dokumen adalah konfirmasi pencatatan surat utang S$80 juta. Tidak ditemukan petunjuk transaksi saham, bisnis, atau perubahan pengendalian.",
WXNB,WXNB · MACQUARIE GROUP LIMITED,2,2026-02-27,2026-08-28,pantau,0,0,pantau,"Dokumen dalam arsip berkaitan dengan instrumen utang, pembayaran kupon, atau warrant; tidak ada rangkaian perubahan pengendali penerbit yang terlihat dalam bahan yang diperiksa.",
WYJB,NAKAMA RE PTE. LTD.,1,2026-04-09,2026-04-09,tidak_ada_petunjuk,0,0,tidak_ada_petunjuk,Satu pengumuman mengonfirmasi pencatatan notes principal-at-risk US$100 juta. Tidak ada transaksi pengendalian atau bisnis pada bahan yang diperiksa.,
WYO,METROCON HOLDINGS LIMITED (sebelumnya HATTEN LAND LIMITED; kode pendahulu PH0),45,2026-07-31,2026-09-17,transaksi_selesai,5,5,pembanding_pengambilalihan_balik_selesai,"WYO adalah kode penerus PH0. Setelah akuisisi Metrocon selesai, LBD Engineering tercatat memegang 63,1%, nama berubah menjadi Metrocon Holdings, dan perdagangan dilanjutkan. Ini bukti pengambilalihan balik yang telah selesai, bukan calon baru.",https://links.sgx.com/1.0.0/corporate-announcements/1AO251M0CLIT1YPU/898248_HLL%20-%20PROPOSED%20ACQUISITION%20OF%20THE%20ENTIRE%20ISSUED%20AND%20PAID-UP%20SHARE%20CAPITAL%20OF%20METROCON.pdf
WYRW,MACQUARIE BANK LIMITED,1,2026-03-30,2026-03-30,tidak_ada_petunjuk,0,0,tidak_ada_petunjuk,Satu dokumen adalah pelaksanaan waran. Tidak ditemukan dalam bahan yang diperiksa perubahan kendali atau bisnis penerbit.,
WYTB,ASTREA 9 PTE. LTD.,4,2026-02-06,2026-08-07,tidak_ada_petunjuk,0,0,tidak_ada_petunjuk,Dokumen yang dibuka mengenai bunga PIK atas obligasi kelas B. Tidak ditemukan perubahan pengendali atau transaksi bisnis penerbit dalam bahan yang diperiksa.,
WZ8B,THE BANK OF NOVA SCOTIA,2,2026-05-13,2026-08-13,tidak_ada_petunjuk,0,0,tidak_ada_petunjuk,"Dua pengumuman hanya mengenai pembayaran kupon wajib oleh Bank of Nova Scotia. Tidak ada transaksi pengendalian, bisnis, atau pendanaan baru yang diungkapkan.",
X0HB,X0HB · KIZUNA RE III PTE. LTD.,1,2026-03-31,2026-03-31,tidak_ada_petunjuk,0,0,tidak_ada_petunjuk,Bahan yang diperiksa hanya memuat pencatatan surat utang berisiko pokok; tidak ditemukan transaksi pengendalian penerbit.,
X0ZB,THE BANK OF NOVA SCOTIA,2,2026-04-10,2026-07-14,tidak_ada_petunjuk,0,0,tidak_ada_petunjuk,Dua judul adalah pemberitahuan kupon notes suku bunga mengambang Bank of Nova Scotia. Tidak ditemukan transaksi pengendali atau bisnis.,
X1LB,DBS BANK LTD.,3,2026-01-23,2026-07-21,tidak_ada_petunjuk,0,0,tidak_ada_petunjuk,Ketiga pengumuman adalah pembayaran kupon dan tidak menunjukkan perubahan pengendali atau bisnis.,
X2NB,Penerbit catatan bunga mengambang,6,2026-03-03,2026-09-02,tidak_ada_petunjuk,0,0,tidak_ada_petunjuk,"Enam dokumen terdiri atas pembayaran kupon catatan bunga mengambang. Tidak ada transaksi saham, bisnis, atau kendali penerbit dalam bahan yang diperiksa.",
X4FB,"SK ON CO., LTD.",1,2026-05-07,2026-05-07,tidak_ada_petunjuk,0,0,tidak_ada_petunjuk,"Dokumen tunggal mengonfirmasi pencatatan surat utang senior tanpa jaminan US$500 juta. Tidak ditemukan transaksi pengendalian, penjualan bisnis, atau pembelian saham penerbit dalam bahan yang diperiksa.",
X4VB,"BANCO INDUSTRIAL, S.A.",2,2026-01-21,2026-01-21,pantau,0,0,pantau,"Pemberitahuan adalah pelunasan dipercepat melalui opsi panggil oleh penerbit. Tidak ada bukti perubahan kepemilikan, bisnis, atau kendali Banco Industrial dalam bahan ini.",
X5N,AVARGA LIMITED,62,2026-02-28,2026-09-07,pantau,5,1,privatisasi_pengendali_lama,"TKO Pte. Ltd. menawarkan privatisasi Avarga melalui skema senilai S$2,70 tunai per saham atau S$2,00 tunai ditambah saham preferen yang tidak tercatat. Dokumen awal menunjukkan Dr Tong Kooi Ong sudah mengendalikan 86,60% Avarga melalui TKO, Phileo Capital, dan Genghis; ini pengambilan sisa saham oleh pengendali lama, bukan masuknya sponsor baru atau rencana memakai pencatatan untuk bisnis lain. Pengadilan menyetujui skema 2 September, tetapi pelaksanaannya belum terbukti dalam arsip.",https://links.sgx.com/1.0.0/corporate-announcements/G2GCZ9UFNN4CS9HO/878265_Scheme_Joint_%20Announcement_13March2026.pdf
X6ZB,BAYFRONT INFRASTRUCTURE CAPITAL V PTE. LTD.,2,2026-04-13,2026-04-13,tidak_ada_petunjuk,0,0,tidak_ada_petunjuk,Dua judul adalah laporan tanggal pembayaran kupon. Tidak ditemukan transaksi kendali atau perubahan bisnis dalam bahan yang diperiksa.,
X7NW,MACQUARIE BANK LIMITED,1,2026-06-02,2026-06-02,tidak_ada_petunjuk,0,0,tidak_ada_petunjuk,Dokumen membahas penyelesaian kas pelaksanaan waran atas Pop Mart yang diterbitkan Macquarie. Tidak ditemukan peristiwa pengendalian atau bisnis Macquarie dalam bahan yang diperiksa.,
X8RB,HOUSING AND DEVELOPMENT BOARD,4,2026-03-17,2026-09-16,tidak_ada_petunjuk,0,0,tidak_ada_petunjuk,Empat dokumen hanya berupa pemberitahuan pembayaran kupon instrumen utang. Tidak ada transaksi pengendalian atau bisnis pada bahan diperiksa.,
X9BB,X9BB · THE EXPORT-IMPORT BANK OF KOREA,1,2026-01-13,2026-01-13,tidak_ada_petunjuk,0,0,tidak_ada_petunjuk,"Dokumen adalah konfirmasi pencatatan obligasi US$500 juta Export-Import Bank of Korea, bukan transaksi pengendalian atau bisnis.",
XA3B,MALAYAN BANKING BERHAD,3,2026-01-27,2026-07-27,tidak_ada_petunjuk,0,0,tidak_ada_petunjuk,"Tiga judul seluruhnya pembayaran kupon wajib. Tidak ada pengumuman transaksi, pengambilalihan, atau perubahan kendali pada bahan yang diperiksa.",
XABB,BASF IRELAND DAC,1,2026-07-16,2026-07-16,tidak_ada_petunjuk,0,0,tidak_ada_petunjuk,"Konfirmasi pencatatan medium-term notes BASF Ireland DAC, tanpa bukti perubahan pemegang saham atau kendali.",
XAVW,MACQUARIE BANK LIMITED,4,2026-02-13,2026-03-13,tidak_ada_petunjuk,0,0,tidak_ada_petunjuk,"Arsip berisi pemberitahuan berakhirnya waran pada 13 Maret 2026. Tidak ditemukan transaksi saham, bisnis, atau pengendalian penerbit dalam bahan yang diperiksa.",
XBRB,WIWYNN CORPORATION,1,2026-04-01,2026-04-01,tidak_ada_petunjuk,0,0,tidak_ada_petunjuk,Pengumuman tunggal adalah konfirmasi pencatatan obligasi konversi tanpa kupon US$2 miliar yang jatuh tempo 2031. Tidak ditemukan pada bahan yang diperiksa perubahan pemegang saham atau kendali penerbit.,
XC6B,STUDIO CITY COMPANY LIMITED,2,2026-05-07,2026-05-07,tidak_ada_petunjuk,0,0,tidak_ada_petunjuk,Pengumuman adalah pemberitahuan pelunasan lebih awal bersyarat atas instrumen penerbit. Tidak ditemukan transaksi pengendali atau bisnis dalam bahan yang diperiksa.,
XCBB,PERENNIAL TREASURY PTE. LTD.,5,2026-04-23,2026-04-24,tidak_ada_petunjuk,0,0,tidak_ada_petunjuk,"Penerbit menerbitkan notes S$115 juta 5,25% jatuh tempo 2031 dalam program utang; satu konfirmasi duplikat kemudian ditarik. Tidak ditemukan perubahan kepemilikan, bisnis, atau pengendali.",
XCF,KTMG LIMITED,25,2026-02-22,2026-08-06,pantau,1,1,pantau,"Laporan hasil tahunan dibuka sebagai penanda isi, tetapi tidak menjadi bukti pengambilalihan penerbit. Arsip yang diperiksa tidak menunjukkan rangkaian perpindahan kendali atau masuknya bisnis baru yang selesai.",
XD8B,ASTREA VI PTE. LTD.,13,2026-03-03,2026-09-18,pantau,0,0,pantau,"Laporan tahunan dan laporan distribusi obligasi Astrea VI telah dibuka. Rangkaian yang terlihat adalah kupon dan penebusan obligasi, bukan bukti perubahan kendali penerbit.",
XDVB,ESR GROUP LIMITED,2,2026-07-10,2026-07-10,tidak_ada_petunjuk,0,0,tidak_ada_petunjuk,Pengumuman mencatat pelunasan 100% pokok surat utang ESR pada tanggal jatuh tempo 10 Juli 2026.,
XE8B,"DBS BANK LTD., AUSTRALIA BRANCH",2,2026-06-11,2026-09-11,pantau,0,0,pantau,Arsip mencatat pencatatan notes A$1 miliar dan pembayaran kupon. Tidak ada transaksi ekuitas atau perubahan kendali penerbit cabang DBS yang didokumentasikan.,
XEFW,MACQUARIE BANK LIMITED,1,2026-06-29,2026-06-29,tidak_ada_petunjuk,0,0,tidak_ada_petunjuk,"Satu pengumuman adalah penyelesaian wajib waran indeks Hang Seng. Pembayaran tunai kepada pemegang waran tidak menunjukkan transaksi saham, bisnis, atau kendali Macquarie Bank.",https://links.sgx.com/1.0.0/corporate-announcements/O7XGDOYS0I6VRUV6/49716e3c6a26ee08ab4e43429175b5fa4bf876c9e1997fed4fac721d01383f46
XEGW,SG ISSUER,1,2026-05-29,2026-05-29,tidak_ada_petunjuk,0,0,tidak_ada_petunjuk,Arsip hanya memuat permintaan pembukaan kembali perdagangan SG Issuer; tidak ditemukan petunjuk transaksi pengendalian atau bisnis.,
XELB,"UNITED OVERSEAS BANK LIMITED, SYDNEY BRANCH",1,2026-01-29,2026-01-29,tidak_ada_petunjuk,0,0,tidak_ada_petunjuk,Satu pengumuman hanya mengonfirmasi pencatatan surat utang senior tanpa jaminan A$750 juta. Tidak ditemukan perubahan pengendali atau bisnis penerbit dalam bahan yang diperiksa.,
XGCB,PT BANK NEGARA INDONESIA (PERSERO) TBK,6,2026-04-14,2026-04-27,tidak_ada_petunjuk,0,0,tidak_ada_petunjuk,"Tender sekuritas modal tambahan tingkat satu adalah transaksi liabilitas modal, bukan perubahan pengendali bank.",
XGTB,ICICI BANK LIMITED (ACTING THROUGH ITS IFSC BANKING UNIT),1,2026-09-04,2026-09-04,tidak_ada_petunjuk,0,0,tidak_ada_petunjuk,Satu dokumen adalah konfirmasi pencatatan surat utang senior US$500 juta jatuh tempo 2029. Tidak ada pengumuman perubahan kendali atau transaksi bisnis penerbit dalam bahan yang diperiksa.,
XHBB,HOUSING AND DEVELOPMENT BOARD,4,2026-05-04,2026-05-04,tidak_ada_petunjuk,0,0,tidak_ada_petunjuk,Dua pengumuman dan salinan pengganti hanya pembayaran kupon obligasi. Tidak ditemukan petunjuk perubahan pengendali.,
XHV,SERIAL ACHIEVA LIMITED,72,2026-01-19,2026-08-13,pantau,3,1,penempatan_minoritas_11_persen,"UFCT menjadi pemegang 11,01% Serial Achieva setelah penempatan. Tidak ada bukti perubahan kendali atau pengambilalihan bisnis.",https://links.sgx.com/1.0.0/corporate-announcements/M2I5VUWAOMCS6XB6/892049_SAL_Completion%20of%20Proposed%20Subscription.pdf
XI2B,XI2B · HOUSING AND DEVELOPMENT BOARD,4,2026-02-03,2026-08-03,tidak_ada_petunjuk,0,0,tidak_ada_petunjuk,Dokumen yang tersedia adalah pengumuman instrumen utang Housing and Development Board. Tidak ditemukan transaksi kendali atau perubahan bisnis penerbit SGX pada bahan arsip yang diperiksa.,
XI6B,"DBS BANK LTD., AUSTRALIA BRANCH",1,2026-08-18,2026-08-18,tidak_ada_petunjuk,0,0,tidak_ada_petunjuk,Satu dokumen adalah konfirmasi pencatatan surat utang mengambang A$500 juta DBS Bank cabang Australia. Tidak ditemukan transaksi bisnis atau perubahan pengendali.,
XIGB,SOFTBANK CORP.,1,2026-04-17,2026-04-17,tidak_ada_petunjuk,0,0,tidak_ada_petunjuk,Pengumuman adalah konfirmasi pencatatan obligasi EUR500 juta SoftBank jatuh tempo 2032. Tidak ditemukan transaksi pengendalian atau bisnis penerbit pada bahan yang diperiksa.,https://links.sgx.com/1.0.0/corporate-announcements/IHELZ7PQF2CWHBQI/a8e0f2c02cd70d5e72ce5adb7905ea28313c651dfb608898e8a0f6532822d2cb
XIOB,VEDANTA RESOURCES FINANCE II PLC,2,2026-07-30,2026-07-30,tidak_ada_petunjuk,0,0,tidak_ada_petunjuk,Dokumen adalah pemberitahuan pelunasan dini bersyarat atas notes Vedanta Resources Finance II. Tidak ditemukan transaksi pengambilalihan atau perubahan pengendalian dalam bahan yang diperiksa.,
XJ3B,CLIFFORD CAPITAL ASSET FINANCE PTE. LTD.,3,2026-01-13,2026-05-22,tidak_ada_petunjuk,0,0,tidak_ada_petunjuk,"Arsip berisi pencatatan obligasi US$500 juta dan perubahan ticker Bloomberg. Keduanya tidak menyatakan perubahan pengendali, transaksi saham, atau perubahan bisnis penerbit.",
XJ7B,HOUSING AND DEVELOPMENT BOARD,4,2026-02-23,2026-08-25,belum_cukup,0,0,belum_cukup,Dua pengumuman yang tersedia adalah pembayaran kupon. Itu tidak cukup untuk menarik kesimpulan tentang kepemilikan atau kendali penerbit.,
XJ8B,THE EXPORT-IMPORT BANK OF KOREA,1,2026-04-21,2026-04-21,tidak_ada_petunjuk,0,0,tidak_ada_petunjuk,Satu dokumen adalah pencatatan surat utang bunga tetap HK$388 juta. Tidak ditemukan petunjuk perubahan kepemilikan atau kendali penerbit.,
XJB,"G.H.Y CULTURE & MEDIA HOLDING CO., LIMITED",67,2026-01-07,2026-08-07,transaksi_selesai,1,1,transaksi_selesai,Pengumuman menguraikan restrukturisasi internal dan usaha patungan anak usaha di Tiongkok untuk produksi media serta taman hiburan. Tidak ada bukti perubahan pengendali G.H.Y; transaksi dinyatakan tidak melibatkan kepentingan khusus pemegang saham pengendali selain kepemilikan pada perusahaan.,https://links.sgx.com/1.0.0/corporate-announcements/UD0XU3JB6X1ILV1G/876285_GHY%20-%20Rule%20706A%20Annct.final.pdf
XK3B,KOREA NATIONAL OIL CORPORATION,6,2026-02-06,2026-05-20,tidak_ada_petunjuk,0,0,tidak_ada_petunjuk,"Semua judul berupa mandatory coupon payment. Tidak ada transaksi saham, bisnis, atau perubahan pengendali penerbit dalam bahan yang diperiksa.",
XKAB,JX ADVANCED METALS CORPORATION,1,2026-06-03,2026-06-03,tidak_ada_petunjuk,0,0,tidak_ada_petunjuk,"Dokumen tunggal adalah konfirmasi pencatatan obligasi konversi tanpa kupon ¥125 miliar jatuh tempo 2029. Bahan tidak menyebut pembeli, transfer kendali, atau perubahan bisnis penerbit.",
XL2B,"YANLORD LAND (HK) CO., LIMITED",4,2026-02-18,2026-05-20,tidak_ada_petunjuk,0,0,tidak_ada_petunjuk,Yanlord Land (HK) melunasi penuh obligasi hijau 2026 dan obligasi kemudian dibatalkan serta akan dihapus dari daftar. Tidak ada bukti perubahan pengendali atau transaksi bisnis penerbit dalam bahan diperiksa.,https://links.sgx.com/1.0.0/corporate-announcements/ABNSUZBOKI7V8JZ1/889512_20-05-2026_YLHK_Ann_Final_Maturity_2026GSN.pdf
XLPW,MACQUARIE BANK LIMITED,1,2026-08-18,2026-08-18,tidak_ada_petunjuk,0,0,tidak_ada_petunjuk,Dokumen tunggal adalah pencatatan waran Venture. Tidak ada transaksi kendali penerbit atau perusahaan dasar yang dibuktikan oleh bahan ini.,
XNLB,QUANTA COMPUTER INC.,7,2026-02-26,2026-08-03,tidak_ada_petunjuk,0,0,tidak_ada_petunjuk,"Dokumen memuat periode tertutup dan penyesuaian harga konversi obligasi konversi. Tidak ditemukan penerbitan saham baru, pengambilalihan, atau perubahan pengendali penerbit pada bahan diperiksa.",
XOWB,FUBON LIFE SINGAPORE PTE. LTD.,1,2026-07-27,2026-07-27,tidak_ada_petunjuk,0,0,tidak_ada_petunjuk,"Satu pengumuman adalah konfirmasi pencatatan US$350 juta Tier 2 subordinated dated capital bonds. Tidak memuat peralihan saham, bisnis, atau pengendalian penerbit.",
XP2B,"TOYOTA TSUSHO AMERICA, INC.",1,2026-09-15,2026-09-15,tidak_ada_petunjuk,0,0,tidak_ada_petunjuk,"Dokumen tunggal adalah konfirmasi pencatatan obligasi bergaransi. Tidak ada transaksi saham, kendali, atau perubahan bisnis penerbit yang diungkapkan.",
XP9B,DBS BANK LTD. (ACTING THROUGH ITS REGISTERED OFFICE IN SINGAPORE),2,2026-01-07,2026-01-07,tidak_ada_petunjuk,0,0,tidak_ada_petunjuk,Arsip berisi pembayaran kupon dan jatuh tempo instrumen DBS. Tidak ditemukan transaksi pengendalian atau akuisisi bisnis.,
XPGB,OVERSEA-CHINESE BANKING CORPORATION LIMITED,1,2026-07-21,2026-07-21,tidak_ada_petunjuk,0,0,tidak_ada_petunjuk,Dokumen tunggal adalah konfirmasi pencatatan surat utang GBP15 juta OCBC; tidak memuat perubahan kendali atau pembelian bisnis.,https://links.sgx.com/1.0.0/corporate-announcements/52HO5NHMKIIB80VK/659acbe6205af79b50aa1ef034626c93bdae90618e7d236271e80cb4882b72c1
XPWB,MALAYAN BANKING BERHAD,3,2026-01-27,2026-07-28,tidak_ada_petunjuk,0,0,tidak_ada_petunjuk,Seluruh judul adalah mandatory coupon payment. Tidak ditemukan transaksi pengendalian atau perubahan arah bisnis penerbit dalam bahan yang diperiksa.,
XQSW,MACQUARIE BANK LIMITED,1,2026-03-30,2026-03-30,tidak_ada_petunjuk,0,0,tidak_ada_petunjuk,Pengumuman adalah pelaksanaan warrant dan pembayaran tunai kepada pemegang warrant. Tidak ditemukan transaksi pengendalian atau perubahan bisnis penerbit dalam bahan yang diperiksa.,
XQWB,ZHONGLIANG HOLDINGS GROUP COMPANY LIMITED,2,2026-06-26,2026-06-26,transaksi_selesai,1,1,transaksi_selesai,"Pada 26 Juni 2026 obligasi konversi wajib tersisa US$1.547.706 dikonversi menjadi 15.090.132 saham, dan seluruh obligasi tersebut tidak lagi beredar. Dilusi hanya 0,34%; Liangzhong International tetap memegang 63,08%, sehingga tidak ada bukti perubahan kendali.",https://links.sgx.com/1.0.0/corporate-announcements/XRFK66ZF3AIOBN8V/894508_2026062600970.pdf
XREB,ASPIAL LIFESTYLE LIMITED,3,2026-05-29,2026-05-29,tidak_ada_petunjuk,0,0,tidak_ada_petunjuk,"Satu pengumuman adalah perubahan kepentingan direktur pada notes, bukan saham biasa. Lampiran arsip tidak menyediakan teks formulir yang dapat dikutip secara andal; tidak ditemukan transaksi pengendali dalam bahan yang diperiksa.",
XRFW,MACQUARIE BANK LIMITED,1,2026-06-29,2026-06-29,tidak_ada_petunjuk,0,0,tidak_ada_petunjuk,Satu pemberitahuan pelaksanaan waran Macquarie Bank tidak mengungkap perubahan pengendali atau bisnis dalam bahan yang diperiksa.,
XSG,XTRACKERS,4,2026-02-03,2026-02-03,tidak_ada_petunjuk,0,0,tidak_ada_petunjuk,"Prospektus pengganti Xtrackers yang memicu pemeriksaan telah dibuka bersama halaman pengumumannya. Dokumen menjelaskan pengelolaan dana dan pihak jasa, bukan transaksi pengendalian penerbit atau dana; tidak ditemukan petunjuk perubahan kendali dalam bahan yang diperiksa.",
XT1B,"JERA CO., INC.",1,2026-08-28,2026-08-28,tidak_ada_petunjuk,0,0,tidak_ada_petunjuk,Dokumen tunggal adalah konfirmasi pencatatan obligasi US$500 juta. Tidak terdapat bukti transaksi pengendalian atau perubahan usaha pada bahan yang diperiksa.,
XT7B,DBS TRUSTEE LIMITED (IN ITS CAPACITY AS TRUSTEE OF MAPLETREE INDUSTRIAL TRUST),2,2026-03-12,2026-03-12,tidak_ada_petunjuk,0,0,tidak_ada_petunjuk,"Pengumuman hanya tentang penebusan awal sekuritas perpetual SGD300 juta. Tidak ditemukan transaksi perubahan kendali, bisnis, atau pembiayaan ekuitas pada bahan diperiksa.",
XTLB,"KOREA SOUTHERN POWER CO., LTD.",1,2026-09-15,2026-09-15,tidak_ada_petunjuk,0,0,tidak_ada_petunjuk,Satu dokumen adalah konfirmasi pencatatan notes transisi US$300 juta. Tidak ditemukan pengambilalihan atau perubahan pengendali atau arah usaha penerbit.,
XUTB,DBS GROUP HOLDINGS LTD,3,2026-01-07,2026-01-22,tidak_ada_petunjuk,0,0,tidak_ada_petunjuk,Dokumen yang diperiksa adalah pembayaran kupon dan pelunasan dipercepat notes subordinasi AUD300 juta. Tidak terdapat bukti perubahan pengendali atau akuisisi bisnis DBS Group Holdings.,
XV4W,MACQUARIE BANK LIMITED,1,2026-03-26,2026-03-26,tidak_ada_petunjuk,0,0,tidak_ada_petunjuk,Dokumen tunggal adalah konfirmasi pencatatan produk waran. Tidak ditemukan petunjuk transaksi bisnis atau perubahan pengendali.,
XVBB,SOFTBANK GROUP CORP.,1,2026-04-22,2026-04-22,tidak_ada_petunjuk,0,0,tidak_ada_petunjuk,"Satu dokumen mengonfirmasi pencatatan surat utang senior SoftBank US$500 juta, bunga 8,5%, jatuh tempo 2036. Tidak ada fakta perubahan pengendali, penjualan saham, atau pembelian bisnis.",
XVG,AEDGE GROUP LIMITED,60,2026-01-21,2026-08-27,tidak_ada_petunjuk,2,2,tidak_ada_petunjuk,"Aedge membentuk anak usaha/joint venture, mengusulkan lalu menyelesaikan pembelian properti, serta menyelesaikan penempatan 16.667.000 saham baru. Rangkaian ini adalah pengembangan aset dan pendanaan; pengungkapan pemegang saham besar yang diperiksa tidak membuktikan perubahan pengendali penerbit.",https://links.sgx.com/1.0.0/corporate-announcements/SKC1PM1P15TLMC0V/4e5c4962f2abc3f60c7e844cba4fc76de1651e518590f6adc1b1980d39bab9cf
XW6W,XW6W · MACQUARIE BANK LIMITED,1,2026-01-05,2026-01-05,tidak_ada_petunjuk,0,0,tidak_ada_petunjuk,Satu dokumen adalah pelaksanaan waran Macquarie Bank. Tidak ditemukan dalam bahan yang diperiksa transaksi pengendalian atau bisnis.,
XX5W,MACQUARIE BANK LIMITED,1,2026-06-30,2026-06-30,tidak_ada_petunjuk,0,0,tidak_ada_petunjuk,Satu dokumen adalah pelaksanaan waran wajib. Tidak ditemukan transaksi perubahan kendali atau bisnis pada bahan yang diperiksa.,
XX9W,SOCIETE GENERALE,1,2026-06-03,2026-06-03,tidak_ada_petunjuk,0,0,tidak_ada_petunjuk,Pengumuman adalah pencatatan produk waran oleh SGX; kolom uraian menyatakan tidak ada keterangan transaksi. Tidak ditemukan petunjuk perubahan kendali.,
XXFB,UNITED OVERSEAS BANK LIMITED,1,2026-08-25,2026-08-25,tidak_ada_petunjuk,0,0,tidak_ada_petunjuk,"Satu pengumuman hanya mengonfirmasi pencatatan obligasi tertutup kupon mengambang GBP1 miliar. Tidak ditemukan perubahan pemegang saham, kendali, atau bisnis UOB.",
XY4B,UNITED OVERSEAS BANK LIMITED,1,2026-07-24,2026-07-24,tidak_ada_petunjuk,0,0,tidak_ada_petunjuk,Satu dokumen mengonfirmasi pencatatan covered bonds floating-rate US$150 juta oleh UOB. Tidak ada pengungkapan transaksi pengendalian atau bisnis.,
XY6B,ESTATE SKY LIMITED,24,2026-05-15,2026-08-27,pantau,1,1,pantau,Pengumuman transaksi pelepasan investasi dan suplemennya telah dibuka. Rangkaian tersebut mengenai CSI Properties dan tidak membuktikan perubahan kendali Estate Sky atau pemegang notes.,
XYQB,SINO-OCEAN LAND (HONG KONG) LIMITED,30,2026-02-04,2026-09-11,pantau,2,2,pantau,Sino-Ocean melaporkan kemajuan restrukturisasi utang dalam dan luar negeri serta penyesuaian aset penambah jaminan pembayaran. Laporan tahunan menyebut struktur tata kelola dan kepemilikan relatif stabil; tidak ditemukan bukti perubahan pengendali penerbit surat utang ini dalam bahan yang diperiksa.,https://links.sgx.com/1.0.0/corporate-announcements/77CUPM9QDJ39WBBE/886353_EW03377-AR25.pdf
XYTB,THE EXPORT-IMPORT BANK OF KOREA,1,2026-07-20,2026-07-20,tidak_ada_petunjuk,0,0,tidak_ada_petunjuk,Dokumen merupakan konfirmasi pencatatan green notes US$1 miliar. Tidak ditemukan perubahan pengendalian penerbit dalam bahan yang diperiksa.,
XZB,SKYLINK HOLDINGS LIMITED,106,2026-01-15,2026-09-17,belum_cukup,2,5,pengambilalihan_balik_2025_dan_kendali_vendor_terkonfirmasi_2026,"Dokumen 2026 merujuk langsung pada pengambilalihan balik Skylink APAC tahun 2025. PM Capital memegang kepentingan dianggap 55,77% sebelum saham imbalan tambahan. Setelah target memenuhi sasaran laba, 49.543.333 saham tambahan diterbitkan kepada PM Capital dan 6.012.222 saham kepada kepala keuangan melalui pengalihan; kepentingan PM Capital menjadi 62,69%.",
XZL,ACROPHYTE HOSPITALITY TRUST MANAGEMENT PTE. LTD.,82,2026-01-21,2026-09-14,transaksi_selesai,1,1,transaksi_selesai,"ACRO-HT menyelesaikan penjualan hotel Detroit dan Memphis; penjualan Memphis sebelumnya serta dua penjualan hotel Atlanta dihentikan pembeli pada masa uji tuntas. Rangkaian ini penjualan aset portofolio, bukan bukti pengendali unit dana atau pengelolanya berpindah.",https://links.sgx.com/1.0.0/corporate-announcements/8W6UG1I1APHE5JLN/878084_SGX%20Announcement%20-%20Completion%20of%20Sale%20Of%20Hyatt%20Place%20Detroit%20Livonia.pdf
Y03,Y03 · YEO HIAP SENG LTD,59,2026-02-25,2026-08-07,transaksi_selesai,1,1,transaksi_selesai,"Yeo Hiap Seng menyelesaikan pelepasan seluruh 25% kepemilikan pada Langfang Yili; ini pelepasan aset/asosiasi, bukan bukti perubahan pengendali Yeo Hiap Seng.",https://links.sgx.com/1.0.0/corporate-announcements/47D5UBS5KCOOCHVN/876060_Rule%20706A%20Annc%2031Dec2025.pdf
Y06,GREEN BUILD TECHNOLOGY LIMITED,58,2026-01-27,2026-09-14,prioritas,5,5,calon_pengendali_baru_63_persen_dan_opsi_aset_sponsor,"Green Build menandatangani penempatan 600 juta saham baru kepada Helyon seharga S$9,6 juta. Jika selesai, Helyon memegang 63,68%; pelaksanaan 360 juta waran dapat menaikkannya menjadi sekitar 73,72%. Helyon baru didirikan 14 April 2026, dimiliki Haciendas Management, dan bergerak di pusat data serta layanan informasi. Bursa memberi persetujuan prinsip pada 9 September dengan peringatan bahwa pembelian aset sponsor di kemudian hari dapat digabungkan dan dinilai sebagai pengambilalihan balik. Sampai 19 September tidak ada bukti penerbitan saham selesai; batas transaksi diperpanjang sampai 29 Oktober.",https://links.sgx.com/1.0.0/corporate-announcements/4SH14AO5ZIZ08R37/886888_Annt%20-%20Proposed%20Placement%20to%20Helyon_final.pdf
Y1EB,HOUSING AND DEVELOPMENT BOARD,2,2026-04-30,2026-04-30,tidak_ada_petunjuk,0,0,tidak_ada_petunjuk,Satu pengumuman adalah pembayaran kupon obligasi HDB. Tidak ditemukan petunjuk transaksi kendali atau bisnis dalam bahan yang diperiksa.,
Y1JB,SOFTBANK GROUP CORP.,1,2026-04-22,2026-04-22,tidak_ada_petunjuk,0,0,tidak_ada_petunjuk,Arsip hanya memuat konfirmasi pencatatan surat utang senior US$400 juta. Tidak ditemukan dalam bahan yang diperiksa perubahan pengendalian atau bisnis penerbit.,
Y1QB,KOOKMIN BANK (ACTING THROUGH ITS PRINCIPAL OFFICE IN THE REPUBLIC OF KOREA),1,2026-09-18,2026-09-18,tidak_ada_petunjuk,0,0,tidak_ada_petunjuk,"Satu pengumuman mengonfirmasi pencatatan surat utang HK$306 juta Kookmin Bank. Tidak ditemukan transaksi saham, bisnis, atau kendali.",
Y2JB,REPUBLIC OF INDONESIA,1,2026-03-04,2026-03-04,tidak_ada_petunjuk,0,0,tidak_ada_petunjuk,"Dokumen tunggal adalah konfirmasi pencatatan obligasi CNY1,25 miliar Republik Indonesia. Ini penerbitan surat utang negara, bukan transaksi pengendalian perusahaan.",
Y2VB,MINISO GROUP HOLDING LIMITED,14,2026-04-01,2026-08-31,pantau,1,1,pantau,"Laporan hasil MINISO memuat unsur usaha dan investasi, termasuk rujukan Indonesia, tetapi pada bahan yang diperiksa tidak ada bukti perubahan pengendalian atas MINISO atau transaksi melalui perantara. Tetap dipantau sebagai informasi bisnis, bukan kesimpulan pengambilalihan.",
Y2ZB,MEDCO BELL PTE. LTD.,2,2026-02-24,2026-02-24,pantau,1,1,pantau,"Medco Bell menyampaikan penebusan penuh notes senior 6,375% jatuh tempo 2027 pada 27 Maret 2026, sebesar 100% pokok ditambah bunga terutang. Arsip tidak memuat pengumuman penyelesaian setelah tanggal tersebut, sehingga status pembayaran akhir belum dapat dikonfirmasi dari bahan yang diperiksa.",https://links.sgx.com/1.0.0/corporate-announcements/PPLTGIDJ9SX6VBAU/875782_SGX_MBL%20GP5%202027%20Notes%20-%20Redemption%20Notice.pdf
Y35,ANAN INTERNATIONAL LIMITED,21,2026-01-09,2026-08-14,transaksi_selesai,2,2,transaksi_selesai,"AnAn menyelesaikan pembelian 60% perusahaan induk FJB, pemilik bisnis instalasi listrik, panel surya, pemanas dan pendingin. Ini akuisisi bisnis oleh AnAn, bukan bukti pengambilalihan AnAn atau perubahan pengendali penerbit.",https://links.sgx.com/1.0.0/corporate-announcements/KN6BGW16ZP3UTL48/871739_AAI%20-%20Proposed%20Acquisition%20of%20Equity%20Interest%20in%20FJB%20Group.pdf
Y3D,MDR LIMITED,206,2026-01-02,2026-09-18,transaksi_selesai,2,2,transaksi_selesai,"MDR menyelesaikan rights cum warrants issue. Edward Lee Ewe Ming sudah disebut sebagai pemegang saham pengendali dan menerima 762.782.644 saham hak; whitewash waiver mencakup kelompoknya dengan Zhang Yanmin. Formulir Mei-Juni yang diperiksa menunjukkan perubahan kepentingan pemegang saham besar dalam konteks rights issue dan share buy-back, termasuk kenaikan persentase Zhang dari 33,45% menjadi 34,05% tanpa tambahan saham pada 11 Juni. Ini penguatan/pendanaan oleh pengendali yang ada, bukan bukti pengambilalihan MDR oleh pihak baru.",https://links.sgx.com/1.0.0/corporate-announcements/T9B1F3J5FPCVT2BV/874475_Receipt_of_Whitewash_Waiver.pdf
Y3UB,"Hanwha Aerospace Co., Ltd",1,2026-07-27,2026-07-27,tidak_ada_petunjuk,0,0,tidak_ada_petunjuk,Dokumen tunggal adalah konfirmasi pencatatan obligasi senior tanpa jaminan US$500 juta jatuh tempo 2029. Tidak ditemukan bukti perubahan pengendali penerbit dalam bahan yang diperiksa.,
Y4QB,REPUBLIC OF INDONESIA,1,2026-05-29,2026-05-29,tidak_ada_petunjuk,0,0,tidak_ada_petunjuk,"Satu dokumen adalah konfirmasi pencatatan obligasi EUR600 juta oleh Republik Indonesia. Ini pembiayaan negara, bukan perubahan kendali penerbit.",
Y6LB,NIPPON STEEL CORPORATION,1,2026-03-12,2026-03-12,tidak_ada_petunjuk,0,0,tidak_ada_petunjuk,Konfirmasi pencatatan obligasi konversi tanpa kupon Nippon Steel senilai ¥300 miliar dan jatuh tempo 2029; tidak ada transaksi kendali atau akuisisi bisnis.,https://links.sgx.com/1.0.0/corporate-announcements/PQ9BTHNT3YBS4TII/9d2f08efd6da6d2c3e86988a41ad43d8bda9049e1b5419960fb48cfda2b279fa
Y7PB,"KOREA MIDLAND POWER CO., LTD.",1,2026-07-28,2026-07-28,tidak_ada_petunjuk,0,0,tidak_ada_petunjuk,Satu judul adalah pencatatan transition notes US$300 juta; tidak ada transaksi kendali atau perubahan usaha.,
Y8E,SAMURAI 2K AEROSOL LIMITED,39,2026-03-02,2026-08-21,tidak_ada_petunjuk,0,0,tidak_ada_petunjuk,Laporan tahunan serta pengumuman pergantian dan penyusunan ulang dewan diperiksa. Tidak ditemukan transaksi saham atau bisnis yang membuktikan perubahan pengendali Samurai 2K pada bahan arsip yang diperiksa.,
Y92,THAI BEVERAGE PUBLIC CO LTD,78,2026-01-08,2026-09-10,tidak_ada_petunjuk,1,1,tidak_ada_petunjuk,"Siriwanan memindahkan 5.176.627.762 saham ThaiBev kepada Siriwana dalam restrukturisasi internal; Siriwana tetap memegang total 65,83%. Arsip tidak menunjukkan perubahan pengendali ThaiBev atau transaksi bisnis yang terkait.",https://links.sgx.com/1.0.0/corporate-announcements/U19YB46MG4CT3XWT/890106__Form%203_Siriwanan.pdf
Y9RB,CMT MTN PTE. LTD.,2,2026-02-11,2026-02-11,pantau,0,0,pantau,Dokumen mengumumkan pelunasan akhir medium-term note. Tidak ditemukan bukti transaksi kendali dalam bahan yang diperiksa.,
YA1B,ASTREA 9 PTE. LTD.,3,2026-01-23,2026-07-24,tidak_ada_petunjuk,0,0,tidak_ada_petunjuk,"Ketiga dokumen adalah pembayaran kupon obligasi Astrea 9 Class A-1 yang dijamin, jatuh tempo 2040. Tidak ada transaksi aset, saham, bisnis, atau pengendalian penerbit pada bahan yang diperiksa.",
YA2B,ASTREA 9 PTE. LTD.,3,2026-01-23,2026-07-24,tidak_ada_petunjuk,0,0,tidak_ada_petunjuk,Ketiga dokumen adalah pengumuman pembayaran kupon. Tidak ada perubahan kendali atau bisnis penerbit pada bahan yang diperiksa.,
YAWB,VANGUARD INTERNATIONAL SEMICONDUCTOR CORPORATION,7,2026-02-04,2026-07-13,pantau,1,1,pantau,"Rangkaian mencatat pencatatan obligasi konversi US$350 juta, periode tertutup pertukaran obligasi, dan penyesuaian harga konversi. Tidak ditemukan dalam bahan yang diperiksa perjanjian pemindahan kendali penerbit.",https://links.sgx.com/1.0.0/corporate-announcements/BBQMXA7EY529ZEU8/93ac41cd03f707a7fa97ec8d64c3dd84ffdfe4360a88aa8e8433047caf547d3a
YAZW,MACQUARIE BANK LIMITED,1,2026-08-13,2026-08-13,tidak_ada_petunjuk,0,0,tidak_ada_petunjuk,Satu pengumuman adalah konfirmasi pencatatan produk waran Macquarie. Tidak ditemukan transaksi pengendalian dalam bahan yang diperiksa.,
YD0B,PCPD CAPITAL LIMITED,2,2026-03-05,2026-03-05,pantau,1,1,pantau,"Laporan tahunan menyebut Pacific Century Place Jakarta sebagai aset operasi dan mencatat aset/liabilitas bisnis Indonesia sebagai kelompok pelepasan untuk dijual per 31 Desember 2025. Bahan ini tidak mengidentifikasi pembeli maupun penyelesaian, sehingga tidak cukup untuk menyimpulkan pengalihan kendali penerbit.",https://links.sgx.com/1.0.0/corporate-announcements/385ZUTQYY6GFY6SW/877548_E_898516_PCPD_AR2025_0303_1737_ESS.pdf
YE9B,SAN MIGUEL GLOBAL POWER HOLDINGS CORP.,10,2026-06-02,2026-06-10,tidak_ada_petunjuk,0,0,tidak_ada_petunjuk,"San Miguel Global Power melakukan penawaran tukar dan tender atas surat utang, disertai penerbitan surat utang perpetual baru US$430 juta. Ini pengelolaan liabilitas; tidak ditemukan perubahan pengendali atau pembelian/penjualan bisnis pada bahan yang diperiksa.",https://links.sgx.com/1.0.0/corporate-announcements/QB7P3LBT6ORKZK4H/891830_SMGP%20-%20SGX%20Announcement_Pricing%20and%20Results_2026.06.10.pdf
YEKB,DBS BANK LTD.,3,2026-01-07,2026-07-06,pantau,0,0,pantau,Dokumen terbuka adalah pembayaran kupon obligasi DBS; tidak memuat perubahan kendali atau pembelian bisnis DBS.,
YF1W,SG ISSUER,1,2026-08-06,2026-08-06,tidak_ada_petunjuk,0,0,tidak_ada_petunjuk,Satu pengumuman mencatatkan sertifikat leverage harian. Tidak ditemukan transaksi pengendali atau perubahan usaha penerbit pada bahan yang diperiksa.,
YF8,YANGZIJIANG FINANCIAL HOLDING LTD.,27,2026-02-25,2026-09-11,tidak_ada_petunjuk,0,0,tidak_ada_petunjuk,"Arsip memuat laporan keuangan, klarifikasi, dan buyback harian Yangzijiang Financial Holding; tidak ditemukan transaksi pengendalian atau akuisisi/pengalihan bisnis material.",
YGUB,PT BANK MANDIRI (PERSERO) TBK,1,2026-04-10,2026-04-10,tidak_ada_petunjuk,0,0,tidak_ada_petunjuk,Dokumen yang dibuka adalah konfirmasi pencatatan notes US$750 juta Bank Mandiri. Pendanaan utang ini tidak membuktikan perpindahan pengendali atau perubahan usaha utama.,
YH0B,YH0B · KOREA NATIONAL OIL CORPORATION,6,2026-02-06,2026-05-20,pantau,0,0,pantau,"Dokumen dalam arsip berkaitan dengan instrumen utang, pembayaran kupon, atau warrant; tidak ada rangkaian perubahan pengendali penerbit yang terlihat dalam bahan yang diperiksa.",
YJAB,TOYOTA MOTOR CORPORATION,1,2026-06-29,2026-06-29,tidak_ada_petunjuk,0,0,tidak_ada_petunjuk,"Satu dokumen mengonfirmasi pencatatan obligasi Toyota EUR500 juta, kupon 3,2302%, jatuh tempo 2030. Tidak ada transaksi pengendalian atau perubahan bisnis Toyota yang diungkapkan.",
YK2B,PT BANK MANDIRI (PERSERO) TBK,1,2026-09-10,2026-09-10,tidak_ada_petunjuk,0,0,tidak_ada_petunjuk,Dokumen hanya mengonfirmasi pencatatan sekuritas modal tambahan perpetual Bank Mandiri US$750 juta. Tidak ditemukan transaksi pengendalian atau usaha dalam bahan yang diperiksa.,
YK9,YKGI LIMITED,22,2026-01-07,2026-08-12,tidak_ada_petunjuk,0,0,tidak_ada_petunjuk,"Laporan tahunan menunjukkan struktur keluarga Seah sebagai pengendali dan tidak mendokumentasikan perubahan pengendalian. Penyebutan Indonesia hanya riwayat pekerjaan seorang direktur independen, bukan hubungan pengendalian atau transaksi Indonesia.",https://links.sgx.com/1.0.0/corporate-announcements/9IC4JH93UFXW2VOF/883317_YKGI%20Annual%20Report%202025.pdf
YKRB,BAYFRONT IABS VII PTE. LTD.,2,2026-04-13,2026-04-13,tidak_ada_petunjuk,0,0,tidak_ada_petunjuk,Dokumen adalah laporan tanggal pembayaran kupon instrumen Bayfront IABS VII. Tidak ditemukan transaksi pengendalian atau bisnis penerbit.,
YL1W,MACQUARIE BANK LIMITED,1,2026-02-26,2026-02-26,tidak_ada_petunjuk,0,0,tidak_ada_petunjuk,Seluruh judul diperiksa. Arsip hanya memuat pelaksanaan waran; tidak ditemukan transaksi kendali penerbit.,
YL4W,MACQUARIE BANK LIMITED,1,2026-06-19,2026-06-19,tidak_ada_petunjuk,0,0,tidak_ada_petunjuk,Satu dokumen adalah pelaksanaan wajib waran tunai atas indeks S&P 500 yang berakhir 19 Juni 2026. Tidak ditemukan transaksi bisnis atau perubahan pengendali penerbit dalam bahan diperiksa.,
YLD,LION GLOBAL INVESTORS LIMITED,4,2026-03-24,2026-06-26,tidak_ada_petunjuk,0,0,tidak_ada_petunjuk,Dua rangkaian pengumuman hanya distribusi wajib dana. Tidak ditemukan transaksi saham atau perubahan kendali penerbit.,
YLKB,MITSUBISHI CORPORATION,6,2026-03-03,2026-09-02,tidak_ada_petunjuk,0,0,tidak_ada_petunjuk,Tiga pengumuman adalah pembayaran kupon notes Mitsubishi Corporation. Tidak ditemukan transaksi pengendali atau bisnis dalam bahan yang diperiksa.,
YMMB,THE BANK OF NOVA SCOTIA,1,2026-02-11,2026-02-11,pantau,0,0,pantau,"Dokumen tunggal adalah konfirmasi pencatatan notes callable US$20 juta. Tidak ada fakta mengenai perubahan pengendali, pembelian bisnis, atau perpindahan saham penerbit.",
YNTB,GLL IHT PTE. LTD.,1,2026-06-30,2026-06-30,tidak_ada_petunjuk,0,0,tidak_ada_petunjuk,"Dokumen mengonfirmasi pencatatan notes SGD110 juta 2,50% sampai 2030. Tidak ditemukan transaksi pengendali atau bisnis dalam bahan yang diperiksa.",
YNYB,VEDANTA RESOURCES FINANCE II PLC,2,2026-06-10,2026-06-10,transaksi_selesai,0,0,transaksi_selesai,"Penerbit menggunakan opsi pelunasan dini atas instrumen utang. Tidak ditemukan pembelian saham, bisnis, atau perubahan pengendali dalam bahan yang diperiksa.",https://links.sgx.com/1.0.0/corporate-announcements/6B33G9T0KRXWPADP/891828_2028.pdf
YO8W,MACQUARIE BANK LIMITED,1,2026-05-07,2026-05-07,tidak_ada_petunjuk,0,0,tidak_ada_petunjuk,"Judul tunggal ditinjau: pencatatan produk waran. Tidak ada petunjuk transaksi saham, bisnis, pendanaan, atau pengendalian Macquarie Bank.",
YPUB,BASF IRELAND DAC,1,2026-07-16,2026-07-16,tidak_ada_petunjuk,0,0,tidak_ada_petunjuk,Satu pengumuman mengonfirmasi pencatatan tranche surat utang BASF Ireland dalam program surat utang jangka menengah.,
YQFB,TEMASEK FINANCIAL (I) LIMITED,3,2026-08-11,2026-08-11,tidak_ada_petunjuk,0,0,tidak_ada_petunjuk,"Pengumuman mengonfirmasi pencatatan notes bergaransi S$750 juta, bunga 2,65%, jatuh tempo 2036. Tidak ada transaksi pengendali atau perubahan bisnis penerbit yang diungkapkan.",
YQWB,DBS BANK LTD.,3,2026-02-25,2026-08-14,tidak_ada_petunjuk,0,0,tidak_ada_petunjuk,"Tiga pengumuman adalah pembayaran kupon instrumen DBS. Tidak ditemukan transaksi saham, bisnis, atau pengendalian pada bahan yang diperiksa.",
YR3W,MACQUARIE BANK LIMITED,1,2026-07-03,2026-07-03,tidak_ada_petunjuk,0,0,tidak_ada_petunjuk,Satu judul adalah pelaksanaan waran wajib dan tidak menunjukkan transaksi pengendalian atau bisnis penerbit. Tidak ditemukan petunjuk dalam bahan yang diperiksa.,
YSV,CHARISMA ENERGY SERVICES LIMITED,52,2026-01-19,2026-09-17,pantau,2,4,pembanding_pergantian_kendali_dan_restrukturisasi_selesai_2025,"Khen Energy adalah pola pembanding yang sudah selesai, bukan calon pengambilalihan baru. Yin Khing Investments menjadi pengendali 64,90% setelah rangkaian yang dimulai dengan perjanjian langganan saham pada Januari 2023 dan diselesaikan 16 Juni 2025: penerbitan saham S$13,576 juta, opsi saham S$16,2912 juta, penataan utang, pelepasan aset non-utama, dan pembukaan kembali perdagangan. Pada 2026 perusahaan mengakui masuknya pengendali baru, mengganti nama dari Charisma Energy Services, memperluas usaha energi, dan mendapatkan dua proyek penyimpanan listrik Sri Lanka.",https://links.sgx.com/1.0.0/corporate-announcements/SPB2RL367AAUFG5U/874422_1.%20Circular%20-%20EGM%202026%20Final.pdf
YTGB,ADVANTEST CORPORATION,47,2026-04-20,2026-08-28,tidak_ada_petunjuk,1,1,tidak_ada_petunjuk,Advantest mencatat obligasi konversi dan melakukan pembelian kembali serta pelepasan saham tresuri untuk restricted stock unit dan performance share unit. Seluruh lampiran transaksi tersebut dan laporan bisnis/tata kelola yang ditandai telah dibuka; tidak ada yang menunjukkan perpindahan pengendali atau masuknya bisnis baru.,https://links.sgx.com/1.0.0/corporate-announcements/V6SNAED4VRVJQLJI/7a4296d7a3f2b13b61c022745f257b5afa9af1eb76b36780384356bf3391515f
YUZW,MACQUARIE BANK LIMITED,1,2026-08-06,2026-08-06,tidak_ada_petunjuk,0,0,tidak_ada_petunjuk,"Satu pengumuman adalah pencatatan produk waran. Tidak ditemukan transaksi pengendalian, bisnis, atau pembiayaan penerbit dalam bahan yang diperiksa.",
YVQB,INTERNATIONAL BANK FOR RECONSTRUCTION AND DEVELOPMENT,1,2026-06-03,2026-06-03,tidak_ada_petunjuk,0,0,tidak_ada_petunjuk,Satu dokumen adalah konfirmasi pencatatan catastrophe-linked notes US$200 juta. Tidak ditemukan transaksi pengambilalihan atau perubahan pengendalian dalam bahan yang diperiksa.,
YX9B,HOUSING AND DEVELOPMENT BOARD,4,2026-01-05,2026-07-06,tidak_ada_petunjuk,0,0,tidak_ada_petunjuk,Dua rangkaian dalam arsip adalah pembayaran kupon. Tidak ditemukan transaksi kendali atau bisnis penerbit pada bahan yang diperiksa.,
YYB,BACUI TECHNOLOGIES INTERNATIONAL LTD.,15,2026-02-27,2026-08-14,pantau,1,1,pantau,"Laporan tahunan Bacui yang dibuka mencatat investasi 35% pada Meizhou Jiayin Urban Operation dan restrukturisasi internal atas Bacui Management Investment. Keduanya adalah transaksi pada entitas/aset grup, bukan bukti perubahan pengendali Bacui; struktur pemegang saham besar masih menunjukkan Xinlong Investment Holding 61,89% per 19 Maret 2026.",https://links.sgx.com/1.0.0/corporate-announcements/S1OMP90UPFDH1XGJ/883038_BTIL%20FY2025%20AR.pdf
YYN,PLATO CAPITAL LIMITED,20,2026-01-08,2026-03-11,transaksi_selesai,4,1,delisting_selesai_bukan_kandidat,"Plato Capital menyelesaikan pengurangan modal selektif, membayar distribusi kas, dan dihapus dari pencatatan SGX pada 16 Maret 2026. Lim Kian Onn kemudian melaporkan kepentingan 100%. Karena pencatatannya sudah berakhir, transaksi ini bukan calon kendaraan untuk memasukkan bisnis baru.",https://links.sgx.com/1.0.0/corporate-announcements/WDMPVTOMM8TSKWFP/876617_Plato%20-%20Effective%20Date%20of%20the%20Proposed%20Selective%20Capital%20Reduction.pdf
YYY,LION GLOBAL INVESTORS LIMITED,2,2026-06-26,2026-06-26,tidak_ada_petunjuk,0,0,tidak_ada_petunjuk,Dokumen yang dibuka adalah pengumuman distribusi/dividen dana. Tidak ditemukan transaksi kendali atau perubahan bisnis penerbit dalam bahan yang diperiksa.,
Z1AB,Penerbit instrumen Z1AB,2,2026-01-02,2026-07-03,tidak_ada_petunjuk,0,0,tidak_ada_petunjuk,Kedua judul adalah pembayaran kupon wajib. Tidak ditemukan petunjuk transaksi kendali atau perubahan usaha dalam bahan arsip yang diperiksa.,
Z1HB,NTT FINANCE CORPORATION,2,2026-04-14,2026-07-15,tidak_ada_petunjuk,0,0,tidak_ada_petunjuk,Dua dokumen adalah pembayaran kupon wajib. Tidak ada transaksi pengendalian atau bisnis yang diungkapkan.,
Z25,YANLORD LAND GROUP LIMITED,42,2026-02-18,2026-08-13,tidak_ada_petunjuk,0,0,tidak_ada_petunjuk,"Yanlord melaporkan hasil keuangan, transaksi anak usaha menurut Rule 706A, valuasi properti, perubahan komposisi dewan, pelunasan notes, dan risalah AGM. Risalah AGM menyatakan tidak ada rencana melepas aset kantor Singapura saat itu. Tidak ada bukti perubahan pengendali Yanlord.",
Z2AB,ASTREA 8 PTE. LTD.,2,2026-01-02,2026-07-03,tidak_ada_petunjuk,0,0,tidak_ada_petunjuk,"Dua dokumen yang ditinjau adalah pengumuman pembayaran kupon. Tidak ditemukan transaksi saham, bisnis, atau pengendalian penerbit dalam bahan yang diperiksa.",
Z3VB,"SHINHAN FINANCIAL GROUP CO., LTD.",1,2026-05-19,2026-05-19,tidak_ada_petunjuk,0,0,tidak_ada_petunjuk,Satu dokumen adalah konfirmasi pencatatan surat utang US$50 juta. Tidak ditemukan transaksi bisnis atau perubahan pengendali.,
Z4D,MEDI LIFESTYLE LIMITED,138,2026-01-21,2026-09-16,pantau,3,4,pengendali_baru_utang_dewan_dan_target_bisnis_baru,"Lingholm menjual seluruh 62,62% saham Medi Lifestyle pada 27-28 Maret kepada Chua Yi Hang dan delapan investor lain. Chua menerima 25,06%, pengalihan utang sekitar S$1,3 juta, dan secara resmi menjadi pengendali. Ia kemudian memberi pinjaman tanpa bunga sampai S$480.000 dengan hak meminta perubahan dewan, mempertahankan 25,06% melalui penerbitan hak saham, dan menominasikan Tan Lee Seng sebagai pimpinan utama. Pengumuman keluarnya Herry Pudjianto pada 17 Juli secara eksplisit menyebut perubahan pengendali. Pada 16 Agustus Medi menandatangani kesepakatan awal tidak mengikat untuk membeli 60% EM2AI dari Q & M Dental dengan 138 juta saham senilai sekitar S$6,76 juta. Penempatan 178,588 juta saham selesai 25 Agustus dan mengencerkan Chua menjadi 19,06%, tetapi tidak memindahkan kendali.",https://links.sgx.com/1.0.0/corporate-announcements/TGAV7V45BEP0AZPU/878866_MLS_Ann_Notification%20by%20Major%20Shh_Sale%20of%20Shares_Chua%20Yi%20Hang%20_Final.pdf
Z4YB,NEW HOPE CORPORATION LIMITED,1,2026-04-22,2026-04-22,tidak_ada_petunjuk,0,0,tidak_ada_petunjuk,"Satu pengumuman adalah konfirmasi pencatatan convertible notes A$300 juta. Tidak ada dokumen transaksi saham pengendali, pembelian bisnis, atau perubahan arah penerbit pada bahan diperiksa.",
Z59,YOMA STRATEGIC HOLDINGS LTD.,64,2026-01-22,2026-08-28,pantau,2,2,pantau,"Yoma memperpanjang periode penyesuaian harga atas akuisisi 50% MM Cars Myanmar yang telah ditutup pada 2022; ini bukan perubahan kendali Yoma. Usaha patungan proyek perumahan adalah transaksi bisnis internal/terafiliasi, dan perubahan Kopernik hanya menaikkan kepemilikan menjadi 7,06%.",https://links.sgx.com/1.0.0/corporate-announcements/H4KL3EVKCR1CSFD7/ad3f4468bab77e0d305a640b7108ac93b7ae51963fa66a92c31d810f32174589
Z5EB,THE BANK OF NOVA SCOTIA,1,2026-01-30,2026-01-30,tidak_ada_petunjuk,0,0,tidak_ada_petunjuk,Satu pengumuman adalah konfirmasi pencatatan notes callable/puttable US$10 juta jatuh tempo 2036. Tidak ditemukan petunjuk perubahan kendali atau transaksi bisnis.,
Z6RB,DBS GROUP HOLDINGS LTD,2,2026-01-22,2026-01-22,tidak_ada_petunjuk,0,0,tidak_ada_petunjuk,DBS memilih dan akan menebus seluruh surat utang subordinasi US$500 juta pada 10 Maret 2026 setelah memperoleh persetujuan otoritas moneter Singapura. Ini penebusan instrumen utang dan tidak menunjukkan perubahan pengendali dalam bahan yang diperiksa.,https://links.sgx.com/1.0.0/corporate-announcements/BMVRZU6RNKUA9KZH/872851_USD500m_Subordinated_Notes_Notice%20of%20Redemption.pdf
Z74,SINGAPORE TELECOMMUNICATIONS LIMITED,239,2026-01-01,2026-09-18,transaksi_selesai,2,2,transaksi_selesai,"Singtel/KKR menyelesaikan akuisisi STT GDC, sementara dokumen lain mencakup JV Globe-NCS, divestasi minoritas Gulf Development, pembaruan kepemilikan, kemitraan kabel, dan transaksi pihak berkepentingan Temasek. Semua adalah transaksi bisnis/aset atau investasi Singtel; tidak ada bukti perubahan pengendali Singtel.",https://links.sgx.com/1.0.0/corporate-announcements/Y85UPC7OFANTRQ15/874054_20260204-analysis.pdf
Z7NB,"HOKKAIDO ELECTRIC POWER COMPANY, INCORPORATED",3,2026-03-02,2026-06-25,tidak_ada_petunjuk,0,0,tidak_ada_petunjuk,Dokumen mencatat pencatatan obligasi konversi tanpa kupon dan penyesuaian harga konversinya. Tidak ditemukan transaksi pengambilalihan atau perubahan pengendalian dalam bahan yang diperiksa.,
Z9FB,"GIGA-BYTE TECHNOLOGY CO., LTD.",1,2026-05-26,2026-05-26,tidak_ada_petunjuk,0,0,tidak_ada_petunjuk,Satu pengumuman mengonfirmasi pencatatan obligasi konversi tanpa kupon US$500 juta jatuh tempo 2031. Tidak ada transaksi pengendali atau bisnis yang diungkapkan.,
Z9KB,Penerbit instrumen Z9KB,1,2026-03-04,2026-03-04,tidak_ada_petunjuk,0,0,tidak_ada_petunjuk,"Satu judul adalah konfirmasi pencatatan notes US$600 juta 4,260% jatuh tempo 2031. Tidak ditemukan petunjuk perubahan kendali dalam bahan arsip yang diperiksa.",
ZA2B,"HONDA MOTOR CO., LTD.",1,2026-07-07,2026-07-07,tidak_ada_petunjuk,0,0,tidak_ada_petunjuk,Dokumen hanya mengonfirmasi pencatatan obligasi EUR750 juta jatuh tempo 2032. Tidak ada transaksi pengendalian atau bisnis yang diungkapkan.,
ZAJW,MACQUARIE BANK LIMITED,1,2026-02-27,2026-02-27,tidak_ada_petunjuk,0,0,tidak_ada_petunjuk,"Hanya pengumuman pelaksanaan waran wajib. Tidak ditemukan transaksi pengendalian, bisnis, atau pembiayaan yang mengubah pemegang saham pada bahan yang diperiksa.",
ZAXW,SG ISSUER,1,2026-05-26,2026-05-26,tidak_ada_petunjuk,0,0,tidak_ada_petunjuk,Satu catatan meminta perdagangan instrumen dibuka kembali dari suspensi. Tidak ditemukan pada bahan yang diperiksa transaksi kendali atau usaha penerbit.,
ZB9,ZB9 · UNION STEEL HOLDINGS LIMITED,10,2026-02-01,2026-08-27,pantau,2,2,pantau,Nota kesepahaman dan kemudian perjanjian jual beli untuk pelepasan Fastweld Engineering Construction telah diumumkan. Bahan yang diperiksa tidak memuat konfirmasi penyelesaian pelepasan itu.,
ZBA,INFINITY DEVELOPMENT HOLDINGS COMPANY LIMITED,106,2026-01-05,2026-09-17,tidak_ada_petunjuk,1,1,tidak_ada_petunjuk,"Laporan tahunan, tanggapan Indonesia, dan laporan interim terpicu telah diperiksa. All Reach Investments dan pemilik penuhnya Ieong Un tetap pemegang saham pengendali setelah pembatalan saham menaikkan persentase kepemilikan; operasi Indonesia yang dijelaskan dalam laporan merupakan kegiatan manufaktur, bukan bukti perpindahan kendali.",
ZDAB,KOREA HOUSING FINANCE CORPORATION,1,2026-03-04,2026-03-04,tidak_ada_petunjuk,0,0,tidak_ada_petunjuk,Satu pengumuman adalah konfirmasi pencatatan obligasi tertutup hijau EUR800 juta jatuh tempo 2031. Tidak ditemukan transaksi pengendalian.,
ZDJB,ACEN FINANCE LIMITED,6,2026-04-15,2026-08-14,tidak_ada_petunjuk,1,1,tidak_ada_petunjuk,"Laporan audit, kuartal pertama, dan paruh pertama ACEN telah diperiksa. Laporan mencatat transaksi aset dan proyek energi grup, termasuk di Indonesia, tetapi tidak menunjukkan perubahan pengendali ACEN Finance.",
ZDKB,ZDKB · ASIAN DEVELOPMENT BANK,1,2026-05-06,2026-05-06,tidak_ada_petunjuk,0,0,tidak_ada_petunjuk,Dokumen yang tersedia mengonfirmasi instrumen catatan terkait bencana Tajikistan oleh Asian Development Bank. Tidak ditemukan transaksi kendali penerbit SGX pada bahan arsip yang diperiksa.,
ZEKB,LIBERTY FUNDING PTY LTD,7,2026-04-07,2026-09-08,belum_cukup,0,0,belum_cukup,"Tersedia satu pencatatan surat utang dan beberapa pembayaran kupon. Tanpa membaca lampiran, bahan tidak cukup untuk menilai transaksi kendali atau bisnis.",
ZF1B,WANDA PROPERTIES GLOBAL CO. LIMITED,1,2026-02-13,2026-02-13,belum_cukup,0,0,belum_cukup,Arsip hanya memuat konfirmasi pencatatan obligasi berjaminan dolar AS. Judul tersebut bukan bukti perubahan pengendali atau transaksi bisnis.,
ZFOB,THE GOVERNMENT OF SINGAPORE,3,2026-07-29,2026-08-03,transaksi_selesai,0,0,transaksi_selesai,"MAS mengalokasikan obligasi hijau Singapura Aug-46 senilai S$2,6 miliar kepada investor dan instrumen kemudian dicatatkan. Ini penerbitan surat utang negara, bukan perubahan pengendali atau arah usaha penerbit.",https://links.sgx.com/1.0.0/corporate-announcements/OTWDLTBC0BSE1NW4/897696_Announcement%20of%20Results%20for%20Placement%20and%20Public%20Offer%2028%20July%202026.pdf
ZGSB,"DAIWA SECURITIES CO., LTD.",1,2026-08-20,2026-08-20,tidak_ada_petunjuk,0,0,tidak_ada_petunjuk,"Satu dokumen mengonfirmasi pencatatan obligasi NZD12 juta jatuh tempo 2031. Tidak ada bukti transaksi pengendalian, saham, atau bisnis Daiwa Securities dalam bahan diperiksa.",
ZHAB,"OVERSEA-CHINESE BANKING CORPORATION LIMITED, ACTING THROUGH ITS SYDNEY BRANCH",1,2026-01-15,2026-01-15,tidak_ada_petunjuk,0,0,tidak_ada_petunjuk,"Dokumen tunggal adalah konfirmasi pencatatan surat utang berbunga mengambang A$1,2 miliar. Tidak ditemukan transaksi pengendalian atau perubahan bisnis penerbit.",
ZHS,AMOVA ASSET MANAGEMENT ASIA LIMITED,40,2026-01-02,2026-09-18,tidak_ada_petunjuk,0,0,tidak_ada_petunjuk,"Arsip berisi nilai aset bersih mingguan ETF dan satu distribusi kas. Tidak ditemukan transaksi saham, bisnis, pendanaan, atau pengendalian dalam bahan yang diperiksa.",
ZJLB,MALAYAN BANKING BERHAD,3,2026-01-20,2026-07-17,tidak_ada_petunjuk,0,0,tidak_ada_petunjuk,"Tiga dokumen adalah pemberitahuan pembayaran kupon. Tidak ditemukan transaksi saham, bisnis, atau pengendalian penerbit dalam bahan yang diperiksa.",
ZJMB,CMT MTN PTE. LTD.,1,2026-09-08,2026-09-08,tidak_ada_petunjuk,0,0,tidak_ada_petunjuk,Satu dokumen adalah konfirmasi pencatatan notes S$400 juta. Tidak ditemukan perubahan kendali penerbit.,
ZKX,EVER GLORY UNITED HOLDINGS LIMITED,97,2026-01-21,2026-08-18,pantau,2,2,pantau,Ever Glory menerbitkan saham imbalan tahap C setelah target laba Fire-Guard tercapai. Dokumen konversi obligasi dan Form 3 Sun Renwang serta Xu Ruibing telah dibuka; bahan yang diperiksa belum membuktikan perubahan pengendali Ever Glory.,https://links.sgx.com/1.0.0/corporate-announcements/UL08Z3J8IC27RDXK/891914_EGU%20-%20Allotment%20of%20Tranche%20C%20Fire%20Guard%20Shares%20-%20Final.pdf
ZL7B,ZL7B · MALAYAN BANKING BERHAD,2,2026-04-23,2026-07-21,tidak_ada_petunjuk,0,0,tidak_ada_petunjuk,Dokumen yang tersedia adalah pencatatan surat utang Malayan Banking Berhad. Tidak ditemukan transaksi atas penerbit SGX yang menunjukkan perubahan kendali pada bahan arsip yang diperiksa.,
ZLHB,"CHONGQING XINSHUANGQUAN URBAN CONSTRUCTION AND DEVELOPMENT CO., LTD.",1,2026-02-04,2026-02-04,tidak_ada_petunjuk,0,0,tidak_ada_petunjuk,"Dokumen yang dibuka adalah konfirmasi pencatatan obligasi enhanced-credit US$104,5 juta. Tidak ditemukan transaksi kendali atau perubahan bisnis penerbit pada bahan yang diperiksa.",
ZLOB,VEDANTA RESOURCES FINANCE II PLC,4,2026-07-30,2026-09-09,tidak_ada_petunjuk,0,0,tidak_ada_petunjuk,Dua pengumuman adalah pemberitahuan penebusan lebih awal bersyarat atas obligasi Vedanta Resources Finance II. Keduanya bergantung pada Refinancing Condition; tidak ada bukti perubahan pengendali penerbit dalam bahan yang diperiksa.,https://links.sgx.com/1.0.0/corporate-announcements/IJX8813ZBHBM4ZBV/898048_VRFII%202033s%20Conditional%20Redemption%20Notice%2030%20July%202026.pdf
ZPXB,NEW ZEALAND LOCAL GOVERNMENT FUNDING AGENCY LIMITED,1,2026-04-09,2026-04-09,tidak_ada_petunjuk,0,0,tidak_ada_petunjuk,Dokumen hanya mengonfirmasi pencatatan obligasi EUR500 juta pada pasar obligasi SGX. Tidak ditemukan transaksi pengendalian atau bisnis dalam bahan yang diperiksa.,
ZQLB,"DBS BANK LTD., AUSTRALIA BRANCH",3,2026-01-27,2026-07-24,tidak_ada_petunjuk,0,0,tidak_ada_petunjuk,"Tiga dokumen hanya pemberitahuan pembayaran kupon. Tidak ditemukan transaksi saham, pengambilalihan, atau perubahan usaha penerbit.",
ZQM,SOILBUILD CONSTRUCTION GROUP LTD.,31,2026-04-06,2026-08-13,tidak_ada_petunjuk,0,0,tidak_ada_petunjuk,"Setelah memeriksa ZQM, dokumen tambahan tanpa kode, dan kronologi kode pendahulu V5Q, yang ditemukan adalah pemecahan saham, kontrak konstruksi, serta penggantian direktur independen. Tidak ditemukan bukti transaksi kendali atau perubahan usaha penerbit pada bahan yang diperiksa.",https://links.sgx.com/1.0.0/corporate-announcements/HJX6ZV5Z8Q7NR6VU/888462_SBCG%20-%20Reconstitution%20of%20the%20Board%20and%20Board%20Committees%2012May2026.pdf
ZQXB,QUANTA COMPUTER INC.,5,2026-07-22,2026-08-03,tidak_ada_petunjuk,0,0,tidak_ada_petunjuk,Dua rangkaian pemberitahuan mengubah harga konversi obligasi konversi. Tidak ditemukan transaksi pengendalian penerbit atau perubahan usaha pada bahan yang diperiksa.,
ZT0B,AUSTRALIA PACIFIC AIRPORTS (MELBOURNE) PTY LIMITED,1,2026-03-24,2026-03-24,tidak_ada_petunjuk,0,0,tidak_ada_petunjuk,"Dokumen tunggal mengonfirmasi pencatatan notes bergaransi EUR650 juta, bunga 4,25%, jatuh tempo 2036. Tidak ada bukti perubahan pengendali atau transaksi bisnis penerbit.",
ZUIB,PCPD CAPITAL LIMITED,1,2026-05-15,2026-05-15,tidak_ada_petunjuk,0,0,tidak_ada_petunjuk,"Dokumen mengonfirmasi pencatatan notes terjamin US$500 juta berbunga 7,5% hingga 2029. Tidak ditemukan bukti perubahan pengendali atau transaksi bisnis PCPD Capital dalam bahan yang diperiksa.",
ZVUW,TOP GLOVE CORPORATION BHD,4,2026-03-31,2026-06-30,tidak_ada_petunjuk,0,0,tidak_ada_petunjuk,Dua rangkaian dokumen hanya menerjemahkan harga pelaksanaan waran Top Glove ke dolar Singapura untuk kuartal berikutnya. Tidak ditemukan transaksi saham pengendali atau perubahan usaha dalam bahan yang diperiksa.,
ZY1B,NETWORK FINANCE COMPANY PTY LIMITED,3,2026-03-05,2026-09-14,tidak_ada_petunjuk,0,0,tidak_ada_petunjuk,Pengumuman mencakup pencatatan notes EUR500 juta dan laporan keuangan. Tidak ditemukan perpindahan kendali atau transaksi bisnis pada bahan yang diperiksa.,
ZZEB,"KYORITSU MAINTENANCE CO., LTD.",2,2026-02-09,2026-02-09,tidak_ada_petunjuk,0,0,tidak_ada_petunjuk,Dua dokumen adalah hasil kuartal ketiga Kyoritsu Maintenance untuk obligasi yang tercatat. Tidak ditemukan transaksi kendali atau bisnis dalam bahan yang diperiksa.,
A50,THOMSON MEDICAL GROUP LIMITED,38,2026-01-12,2026-08-28,tidak_ada_petunjuk,0,0,tidak_ada_petunjuk,"Pengumuman perubahan pengurus dan kepemimpinan operasi diperiksa bersama dokumen hasil anak usaha. Tidak ditemukan transaksi saham, pembiayaan ekuitas, atau akuisisi bisnis yang membuktikan perubahan pengendali Thomson Medical pada bahan arsip yang diperiksa.",
532,· DISA LIMITED,28,2026-01-26,2026-09-16,transaksi_selesai,2,2,transaksi_selesai,"DISA menyelesaikan pelepasan dan langganan saham di Advance Digital Healthcare. Ini transaksi anak usaha/aset, bukan bukti perubahan pengendali DISA; penempatan obligasi konversi kemudian dihentikan.",
